{
  "type":  "Feature",
  "properties": {
       "name": "Locations generated by GNSS-SDR" 
   },
  "geometry": {
      "type": "MultiPoint",
      "coordinates": [
       [127.36187974742955, 36.37545614612151, 98.38475380185992],
       [127.36187724867635, 36.37546869728124, 90.76222794316709],
       [127.36187365251999, 36.37546250292556, 89.04306626506150],
       [127.36187579220075, 36.37547239162965, 89.78407542686909],
       [127.36185140766486, 36.37548355863319, 92.45704766456038],
       [127.36184946648767, 36.37546287652633, 85.87346354126930],
       [127.36185693711374, 36.37544660342640, 97.57030691206455],
       [127.36185703782509, 36.37544656496184, 95.80863514542580],
       [127.36183572614902, 36.37549653194989, 87.27325235586613],
       [127.36186202936392, 36.37550945886461, 85.43260013218969],
       [127.36184588419557, 36.37548958793872, 85.50079540535808],
       [127.36182709172785, 36.37549064307722, 84.75935629010201],
       [127.36182459984742, 36.37549375848854, 84.41219337843359],
       [127.36184428496435, 36.37547855927919, 91.84134162496775],
       [127.36188143906809, 36.37547837780258, 87.87176283635199],
       [127.36187000659568, 36.37545656798391, 92.91564311645925],
       [127.36185786777557, 36.37545795412193, 94.84943557251245],
       [127.36184332251756, 36.37548439515162, 95.40485209412873],
       [127.36186015967533, 36.37548069514668, 95.26935194712132],
       [127.36184957381565, 36.37547287397395, 93.99734076205641],
       [127.36185978190892, 36.37547403082534, 95.50878162495792],
       [127.36185953780918, 36.37550255042144, 90.62077062949538],
       [127.36187192411865, 36.37549043861376, 89.71005945466459],
       [127.36185811879407, 36.37549878239035, 88.80037661362439],
       [127.36184820902110, 36.37547644793926, 97.38417010102421],
       [127.36185141594093, 36.37545618297088, 96.55339439120144],
       [127.36187337337704, 36.37548155543485, 92.04710421897471],
       [127.36188284560774, 36.37549730033354, 90.41083506960422],
       [127.36188604986936, 36.37550443878463, 88.95915660262108],
       [127.36188729461207, 36.37554439752922, 84.58292782027274],
       [127.36188152719303, 36.37553749844697, 90.35288301296532],
       [127.36188364270622, 36.37551375026614, 93.68887543026358],
       [127.36186078190045, 36.37551128723591, 91.43311886768788],
       [127.36185892166422, 36.37551090840608, 91.25730477273464],
       [127.36183492052557, 36.37552150119740, 92.03001946676522],
       [127.36185737138732, 36.37550303855961, 95.15839695371687],
       [127.36187471018938, 36.37550568563817, 92.03795444220304],
       [127.36187037943519, 36.37552397493886, 97.22817569505423],
       [127.36184750229074, 36.37552380439262, 98.85672833211720],
       [127.36186379013026, 36.37550127688488, 102.85024941712618],
       [127.36187355074290, 36.37548457738402, 103.40118951722980],
       [127.36189473356742, 36.37547234805381, 106.50275954511017],
       [127.36190120725325, 36.37545847067472, 102.96408077050000],
       [127.36186457062446, 36.37547920104736, 95.39624349400401],
       [127.36189237901000, 36.37547484284374, 93.47008651401848],
       [127.36187846533231, 36.37546121640285, 93.27889299672097],
       [127.36188990580735, 36.37544621128463, 95.58335083071142],
       [127.36186843834936, 36.37545644125700, 100.43497518170625],
       [127.36183667535276, 36.37546786324956, 98.97867291327566],
       [127.36187459124982, 36.37546572793435, 105.61718722432852],
       [127.36187732675093, 36.37546525929498, 105.08211691211909],
       [127.36188799297558, 36.37545610251444, 106.79480915702879],
       [127.36187072870017, 36.37545216712332, 103.63496592547745],
       [127.36190022464672, 36.37548682730644, 104.91410378180444],
       [127.36186026483172, 36.37549353674330, 96.28840735554695],
       [127.36188515745620, 36.37550801356123, 92.30139587260783],
       [127.36187993157812, 36.37545025121619, 101.68620300851762],
       [127.36188940446404, 36.37546050252742, 100.76289410889149],
       [127.36190991426716, 36.37546941311686, 101.05955255031586],
       [127.36189794399662, 36.37550867995819, 92.60536041855812],
       [127.36189024361367, 36.37550781961789, 95.87000247929245],
       [127.36192110468807, 36.37548386017484, 96.39119323808700],
       [127.36192811935433, 36.37546569470152, 97.76399632077664],
       [127.36191455368757, 36.37548057510993, 96.37305251136422],
       [127.36191625050927, 36.37548393687116, 99.37030053418130],
       [127.36192112902785, 36.37551136898530, 95.37565480079502],
       [127.36193564772999, 36.37551688354824, 94.30892092175782],
       [127.36194222508028, 36.37550904565653, 92.12870875932276],
       [127.36192318631079, 36.37551157657514, 93.43284065276384],
       [127.36194747538893, 36.37551561182525, 91.57349997665733],
       [127.36193245583871, 36.37551833102885, 96.32955229934305],
       [127.36194895228337, 36.37550073227429, 96.34998735599220],
       [127.36194426516228, 36.37552975645249, 92.44191714189947],
       [127.36193761232816, 36.37550519210069, 95.36299110203981],
       [127.36194972042290, 36.37550259286048, 97.26900443993509],
       [127.36193832822326, 36.37550530714709, 92.86609116476029],
       [127.36195228257910, 36.37552085726558, 91.30823588371277],
       [127.36198404418647, 36.37550084302863, 88.27722366433591],
       [127.36198414417326, 36.37549591619307, 93.14527897816151],
       [127.36197171033785, 36.37552018677111, 91.17218464054167],
       [127.36196603652824, 36.37550760747425, 92.33739325869828],
       [127.36196098796448, 36.37552096758920, 88.96865042671561],
       [127.36198546170857, 36.37550003100780, 90.20962569396943],
       [127.36199736535374, 36.37550062336978, 88.37284466065466],
       [127.36199428121374, 36.37550225567928, 91.62933806236833],
       [127.36199942393051, 36.37549676533790, 89.05487276893109],
       [127.36200050755504, 36.37548915197713, 91.01675925310701],
       [127.36197757834098, 36.37550939781054, 99.93637262284756],
       [127.36198350134947, 36.37552388654583, 90.27953860256821],
       [127.36199394546891, 36.37553659472192, 87.23449591547251],
       [127.36200547788680, 36.37550773177646, 94.00567790679634],
       [127.36198749748898, 36.37549659975316, 94.84550817962736],
       [127.36196037931616, 36.37550046503898, 90.58077631052583],
       [127.36199307998915, 36.37551215333337, 89.95279132667929],
       [127.36197441358316, 36.37550888247696, 88.45241058152169],
       [127.36196837354872, 36.37550794584782, 87.59566274099052],
       [127.36198371966577, 36.37550966454153, 88.02160066831857],
       [127.36199498240373, 36.37555720081494, 79.50404428783804],
       [127.36200941326796, 36.37552765730716, 77.14966636803001],
       [127.36201090080112, 36.37550406544122, 80.77314600721002],
       [127.36196185921102, 36.37551453254963, 79.84931721724570],
       [127.36196907835590, 36.37554370605455, 71.20639283675700],
       [127.36197913372166, 36.37551119233337, 78.43112849723548],
       [127.36199026714867, 36.37552892869395, 82.01268519088626],
       [127.36199860246593, 36.37553072309996, 81.92014908976853],
       [127.36199738016437, 36.37553705224932, 79.53839720040560],
       [127.36199044099260, 36.37552633332498, 86.71444308478385],
       [127.36200439036695, 36.37550390904297, 84.84348231647164],
       [127.36197542075838, 36.37549973731709, 81.93053509574383],
       [127.36196848295624, 36.37548046067829, 79.59520947933197],
       [127.36196182428391, 36.37551532703680, 77.75736149679869],
       [127.36200165955171, 36.37551947781802, 84.79956729244441],
       [127.36200609563275, 36.37553559570402, 78.55982495937496],
       [127.36198608807246, 36.37554129980285, 75.69566921610385],
       [127.36196256234467, 36.37553235610887, 70.77484909538180],
       [127.36197215807354, 36.37551982468838, 70.16373633779585],
       [127.36195714246269, 36.37551881466597, 69.44124941341579],
       [127.36194512531367, 36.37549536487085, 78.34295416343957],
       [127.36195077648374, 36.37548465990812, 77.26808356679976],
       [127.36195238914561, 36.37549294033472, 73.93552543502301],
       [127.36195842279197, 36.37548360125434, 71.72164492122829],
       [127.36194309487847, 36.37549800803923, 74.93621820863336],
       [127.36194627830359, 36.37552094679631, 75.56482233852148],
       [127.36194224640806, 36.37552669943988, 78.40233623515815],
       [127.36190592385202, 36.37552447764243, 82.01146321836859],
       [127.36194062719052, 36.37551965897561, 75.62962515186518],
       [127.36194274374181, 36.37552306605699, 79.42317328695208],
       [127.36198159840932, 36.37548505008204, 79.71463041193783],
       [127.36198855656706, 36.37546210767105, 81.70550713781267],
       [127.36197816317171, 36.37545770042004, 84.70532847195864],
       [127.36195709211160, 36.37546555522615, 81.52664714213461],
       [127.36195593393424, 36.37548766154321, 79.34744501486421],
       [127.36193677834925, 36.37548868632415, 77.75800616852939],
       [127.36191449254729, 36.37551632014275, 78.53574019763619],
       [127.36191586349706, 36.37552940550846, 76.88475178834051],
       [127.36191762097863, 36.37552557039410, 72.30163093376905],
       [127.36195194807136, 36.37550021392443, 78.20443800836802],
       [127.36196230918441, 36.37550897404414, 77.23348791338503],
       [127.36198304487378, 36.37551820575690, 76.50028138514608],
       [127.36194675340842, 36.37552289354321, 81.83133748266846],
       [127.36193434835236, 36.37550753026807, 85.40610909461975],
       [127.36193946668456, 36.37551326192155, 85.06597797758877],
       [127.36193816190692, 36.37551996295186, 79.03694743569940],
       [127.36192807072378, 36.37550368859982, 78.85046198777854],
       [127.36192388537374, 36.37549118632956, 80.19473603647202],
       [127.36191752888567, 36.37550874467074, 81.09412537608296],
       [127.36193675241795, 36.37550266168039, 79.66844424977899],
       [127.36193505098578, 36.37553379318587, 77.39362770412117],
       [127.36195514744706, 36.37551880367894, 78.19125963654369],
       [127.36197709615864, 36.37551370900894, 79.40789307188243],
       [127.36195442409908, 36.37553614717990, 73.06230606045574],
       [127.36194764251726, 36.37555141045775, 73.11274864524603],
       [127.36193003522486, 36.37550900279735, 80.50889114290476],
       [127.36193627812504, 36.37550680212464, 72.56535714492202],
       [127.36192988984527, 36.37550931281351, 71.05306528974324],
       [127.36195289388657, 36.37550337603564, 76.75899153389037],
       [127.36195189779980, 36.37549990593502, 75.60513720847666],
       [127.36195701225517, 36.37550810036269, 73.90591078437865],
       [127.36195772805516, 36.37550976898155, 75.70561287645251],
       [127.36197898192832, 36.37552033645997, 76.05143867898732],
       [127.36196737977849, 36.37552731952881, 69.83279789052904],
       [127.36195544592421, 36.37551258742717, 72.45719476044178],
       [127.36199247071396, 36.37549832396873, 71.34221967309713],
       [127.36196201012572, 36.37551394864582, 74.23514627013355],
       [127.36196636462560, 36.37551765973190, 75.27633116859943],
       [127.36195335153212, 36.37551237611750, 72.98708372376859],
       [127.36195723720971, 36.37550878503520, 68.51522472407669],
       [127.36193926965335, 36.37551486213782, 69.91140651330352],
       [127.36195450293491, 36.37547498375931, 76.26885568536818],
       [127.36194133811706, 36.37549465348805, 77.03751596249640],
       [127.36193747721458, 36.37549220754042, 75.16551703494042],
       [127.36193453847602, 36.37549813183298, 72.13848786242306],
       [127.36193671278903, 36.37549307768108, 80.99437545519322],
       [127.36194201333421, 36.37545459015492, 87.71264915261418],
       [127.36194650366936, 36.37545777983555, 87.26891575567424],
       [127.36196758859137, 36.37542578591770, 94.31183689925820],
       [127.36196500014526, 36.37541478878265, 91.89603530708700],
       [127.36196304949927, 36.37541403251328, 93.53937907889485],
       [127.36196387876457, 36.37541558516727, 93.94072092045099],
       [127.36193665257505, 36.37543189326547, 95.46412104181945],
       [127.36194009448893, 36.37541644020330, 96.50036015827209],
       [127.36194776661041, 36.37543073213193, 95.38791103847325],
       [127.36193825976663, 36.37544495569964, 95.57469375245273],
       [127.36193920999941, 36.37543402713273, 97.26288898382336],
       [127.36192449394423, 36.37541108814502, 97.78930393792689],
       [127.36193996150931, 36.37541169644904, 90.48971761204302],
       [127.36194106514444, 36.37542298665837, 90.61124882195145],
       [127.36196392793923, 36.37540659320408, 92.71795809827745],
       [127.36196648452092, 36.37542437262449, 94.88379042595625],
       [127.36196663965947, 36.37542614863207, 93.82219001185149],
       [127.36196306544400, 36.37541803304907, 91.32904680911452],
       [127.36196073646821, 36.37542865481067, 97.97567500732839],
       [127.36196805637458, 36.37543810887066, 100.48247609939426],
       [127.36199194011598, 36.37539639468413, 98.04045785497874],
       [127.36197408874206, 36.37539633560259, 93.42221755906940],
       [127.36196768075303, 36.37541590759574, 96.01968502067029],
       [127.36197125283761, 36.37542150551637, 95.10331321880221],
       [127.36197079781152, 36.37540387799658, 93.93303406238556],
       [127.36195771812018, 36.37541751092958, 90.07065489050001],
       [127.36198497161601, 36.37537187630504, 95.10840222705156],
       [127.36198660652842, 36.37537744320053, 100.27366809733212],
       [127.36198161411552, 36.37539642712496, 99.88631404750049],
       [127.36196333011063, 36.37539988973735, 103.04934941790998],
       [127.36195730810043, 36.37541813498265, 96.31524960882962],
       [127.36194694579849, 36.37539582561764, 102.79164573084563],
       [127.36195420879275, 36.37536815276952, 105.27674070931971],
       [127.36196747376538, 36.37537378021915, 101.57938943803310],
       [127.36194396906350, 36.37537484944514, 102.63775578420609],
       [127.36197463027783, 36.37538853407127, 103.27323278971016],
       [127.36197604885496, 36.37538944838812, 104.02179560530931],
       [127.36196831286641, 36.37538363791406, 109.48290188517421],
       [127.36196912864951, 36.37536226557852, 117.48442979529500],
       [127.36197214271060, 36.37536875223307, 109.23264189623296],
       [127.36195742404770, 36.37535296246676, 106.35500093176961],
       [127.36196152910520, 36.37537936228185, 102.42275544162840],
       [127.36196379521792, 36.37536850125637, 107.03140750341117],
       [127.36197841734800, 36.37537794733823, 103.69343100115657],
       [127.36199932795768, 36.37538712339131, 101.78566327504814],
       [127.36197351434447, 36.37540154091450, 101.20083834789693],
       [127.36197092438078, 36.37540360227437, 103.95404862705618],
       [127.36195905237149, 36.37543422812921, 100.02458440326154],
       [127.36197603747216, 36.37542448332023, 92.73980859480798],
       [127.36197445135362, 36.37539669775551, 98.94059714674950],
       [127.36195239285621, 36.37539743545756, 98.24542380310595],
       [127.36195247759743, 36.37539859023421, 102.91475435253233],
       [127.36196182179179, 36.37540805383614, 98.57071618735790],
       [127.36196444905057, 36.37541401874520, 103.09509157575667],
       [127.36197288119664, 36.37542977363440, 105.70996390655637],
       [127.36196567616534, 36.37540911706861, 105.19565145857632],
       [127.36194872088153, 36.37542617382483, 103.89016844984144],
       [127.36197335932843, 36.37543137250670, 101.25905095320195],
       [127.36197124280118, 36.37539441316891, 103.91050935350358],
       [127.36198743786962, 36.37543493519794, 102.49065383989364],
       [127.36200623058551, 36.37538795440895, 108.80956586636603],
       [127.36198581339724, 36.37541865252422, 104.61694446671754],
       [127.36195113343526, 36.37544459808771, 99.06450168229640],
       [127.36195208419464, 36.37544519226573, 98.00326457247138],
       [127.36193267882382, 36.37543101047669, 101.25952212978154],
       [127.36194457458360, 36.37544080458364, 102.12204373069108],
       [127.36193537681844, 36.37543940494074, 96.98362561967224],
       [127.36195712471780, 36.37541886048809, 99.84052334260195],
       [127.36195694886939, 36.37541619281957, 100.24140258692205],
       [127.36195604464164, 36.37542403276443, 104.19730656780303],
       [127.36197132423004, 36.37541222188514, 109.60087012313306],
       [127.36195405156913, 36.37540232995355, 101.48696720879525],
       [127.36194395912409, 36.37542953412051, 97.35083002783358],
       [127.36193819364593, 36.37541217829323, 99.83414101414382],
       [127.36193709366842, 36.37543766025961, 94.73704682476819],
       [127.36192693224307, 36.37543630011186, 99.42719455901533],
       [127.36197908284302, 36.37539184140223, 104.82323429733515],
       [127.36193873211833, 36.37539441047566, 109.00595235079527],
       [127.36192555478272, 36.37538807864260, 111.60935688018799],
       [127.36193806153223, 36.37542528923611, 100.70931316912174],
       [127.36193528463745, 36.37542166058994, 100.60110168159008],
       [127.36190126218567, 36.37546178350068, 97.17873806878924],
       [127.36186762382646, 36.37546238422781, 93.87217038311064],
       [127.36191666064315, 36.37544778055992, 95.79990453273058],
       [127.36193865888667, 36.37542938206124, 96.93489598948509],
       [127.36194207065903, 36.37544624768663, 94.85442933160812],
       [127.36194434059374, 36.37541339397571, 102.71077174320817],
       [127.36192039412227, 36.37541938036780, 100.07490679342300],
       [127.36191086572633, 36.37542612499738, 95.16877243295312],
       [127.36193479552044, 36.37545139802189, 88.88210398145020],
       [127.36191322196036, 36.37545809879750, 91.85437990818173],
       [127.36190013890281, 36.37543739410811, 93.60704662743956],
       [127.36190003849865, 36.37543418337593, 96.02875653747469],
       [127.36189822961751, 36.37544871108744, 91.40999214351177],
       [127.36192636142347, 36.37547562015618, 84.34426833409816],
       [127.36191270134438, 36.37546959141879, 83.08471891656518],
       [127.36193158957964, 36.37548652708364, 79.80620271153748],
       [127.36194126459552, 36.37549797068600, 81.70774357300252],
       [127.36192019342010, 36.37546582460585, 81.66337147075683],
       [127.36189956196428, 36.37547854620047, 84.05928227864206],
       [127.36187915414030, 36.37550841020671, 77.60238252673298],
       [127.36191759889655, 36.37550536628692, 78.98985646106303],
       [127.36193031205359, 36.37550935664125, 77.23420629277825],
       [127.36191867181499, 36.37551179589201, 81.89944369066507],
       [127.36193095049629, 36.37549825926021, 84.01559458486736],
       [127.36192070230965, 36.37548628261405, 84.70638417731971],
       [127.36193467801256, 36.37549912951287, 79.07323752995580],
       [127.36193028226926, 36.37551113119833, 80.27549643535167],
       [127.36192495959443, 36.37547477379533, 75.60068030841649],
       [127.36190316470901, 36.37549221937815, 80.08279955666512],
       [127.36192897389120, 36.37549209725726, 84.02460276894271],
       [127.36192309101543, 36.37549486007151, 80.13217732962221],
       [127.36191716927684, 36.37548646601139, 77.10038564726710],
       [127.36190551134543, 36.37548385388427, 80.71254822146147],
       [127.36191186492367, 36.37549098007121, 76.59019883535802],
       [127.36191832236709, 36.37550591713525, 71.33005315158516],
       [127.36190515754915, 36.37549939116859, 70.87492648512125],
       [127.36191334771404, 36.37551327192722, 76.31905870791525],
       [127.36193635301056, 36.37549038034333, 81.79821475967765],
       [127.36196203307735, 36.37547685505450, 79.92844256665558],
       [127.36196650255809, 36.37549231230055, 76.54709219187498],
       [127.36193678272861, 36.37550322713084, 75.20216027367860],
       [127.36191177168810, 36.37551219898545, 78.24918726831675],
       [127.36191500321996, 36.37552913484387, 68.38282953388989],
       [127.36194874468427, 36.37552017921222, 69.07300164829940],
       [127.36196151515760, 36.37553514012370, 67.06724952440709],
       [127.36195607340319, 36.37548494861920, 74.41130252461880],
       [127.36194291448764, 36.37552228514593, 74.82318369392306],
       [127.36196305486588, 36.37552709964076, 67.69362708739936],
       [127.36195781902607, 36.37552820916970, 65.89855704829097],
       [127.36195024227658, 36.37552749389234, 62.62929603084922],
       [127.36195509240980, 36.37553828128035, 65.62927381787449],
       [127.36194571648996, 36.37553665699703, 74.11184991523623],
       [127.36193174122533, 36.37551624253621, 76.60396344773471],
       [127.36193045872020, 36.37553685260652, 73.86319310776889],
       [127.36195998201221, 36.37551684892087, 75.97678819019347],
       [127.36195957267739, 36.37554086793834, 71.60661688540131],
       [127.36195952918104, 36.37552659920079, 72.79086364898831],
       [127.36196769259965, 36.37552728268879, 72.11539726424962],
       [127.36194429640494, 36.37551337270434, 81.23753815609962],
       [127.36195062075370, 36.37551170950844, 80.39043916668743],
       [127.36195046314801, 36.37549406240694, 82.15611459873617],
       [127.36193593952159, 36.37548221613715, 88.28500752616674],
       [127.36196528958820, 36.37547518236528, 87.52348948922008],
       [127.36197152003930, 36.37546988151098, 88.57328813616186],
       [127.36194719572025, 36.37545344951012, 88.63064233865589],
       [127.36195852594530, 36.37545462871335, 88.80766842141747],
       [127.36197683580222, 36.37548415695248, 79.22139983344823],
       [127.36196651952875, 36.37548780950739, 82.05309924669564],
       [127.36196277800990, 36.37547778911770, 88.91963926330209],
       [127.36196588275284, 36.37546871043556, 91.17369877267629],
       [127.36193486125174, 36.37549153133408, 84.09903104137629],
       [127.36194415407357, 36.37546676228563, 92.65965148527175],
       [127.36194186889263, 36.37546510056649, 99.32528586685658],
       [127.36195361853382, 36.37544354264088, 103.80655768141150],
       [127.36195410690091, 36.37544126382792, 101.47767824213952],
       [127.36197956508964, 36.37542887384839, 101.56872349232435],
       [127.36195393102342, 36.37545387147769, 99.40842887107283],
       [127.36193347980287, 36.37542176076073, 96.81627534702420],
       [127.36194648129657, 36.37545217591218, 95.31599927507341],
       [127.36194820451387, 36.37546299945812, 98.41286039166152],
       [127.36193108514070, 36.37546746989184, 96.16802730876952],
       [127.36195284671571, 36.37546585108189, 91.20366155821830],
       [127.36197753030201, 36.37545899651290, 88.94922905229032],
       [127.36195217846988, 36.37545418398557, 95.83623570296913],
       [127.36194467691197, 36.37545829985886, 98.43788312003016],
       [127.36193834557318, 36.37546795013894, 97.69673564005643],
       [127.36193012266745, 36.37543644378862, 94.13253595307469],
       [127.36194091750755, 36.37545678119636, 91.86942370887846],
       [127.36197152158597, 36.37546018792297, 89.82589677534997],
       [127.36197257398096, 36.37546071480254, 86.60937904845923],
       [127.36196504341207, 36.37546507435339, 90.66135297343135],
       [127.36194341829560, 36.37546459802009, 94.62979774642736],
       [127.36194757454952, 36.37551787009986, 90.63749200943857],
       [127.36192805911769, 36.37550627699321, 92.78272209595889],
       [127.36194809684899, 36.37550376253459, 87.18472331576049],
       [127.36193463553269, 36.37546330782934, 88.86363350972533],
       [127.36194604253781, 36.37548338887544, 88.31590363290161],
       [127.36197397001254, 36.37547734210142, 90.03690453805029],
       [127.36194941020393, 36.37550468368195, 85.24370362702757],
       [127.36192629417316, 36.37550963362987, 80.27583315316588],
       [127.36194017624450, 36.37548505413373, 79.96725107077509],
       [127.36191818668834, 36.37548846188917, 85.05744408722967],
       [127.36193522270692, 36.37549980694102, 84.57850131485611],
       [127.36193119422443, 36.37551045824795, 79.70085093472153],
       [127.36191749947696, 36.37550104821196, 79.58911764528602],
       [127.36191988938501, 36.37549371201553, 81.80155184306204],
       [127.36194461590107, 36.37548744137124, 85.93890247400850],
       [127.36194867663438, 36.37550275868063, 84.53797360137105],
       [127.36195903472615, 36.37547495226097, 85.08803217299283],
       [127.36193668196138, 36.37550081168396, 81.44123456906527],
       [127.36191775269062, 36.37549165969989, 84.05978158116341],
       [127.36191327166142, 36.37552601018415, 83.74043315555900],
       [127.36192240065384, 36.37551814421526, 83.43395926337689],
       [127.36195356334579, 36.37551511814266, 81.27064601983875],
       [127.36192835937806, 36.37550534918879, 86.03235263004899],
       [127.36192863726029, 36.37550731160319, 88.01546676736325],
       [127.36194041399222, 36.37550066392642, 85.40406442526728],
       [127.36194881283032, 36.37548826923243, 83.55019902717322],
       [127.36194875745991, 36.37550686545105, 84.64052775409073],
       [127.36194143765509, 36.37551155038379, 82.11902783997357],
       [127.36193140138154, 36.37553737426587, 72.63428181223571],
       [127.36190292976372, 36.37552813894678, 78.33198329992592],
       [127.36190644726018, 36.37551961864575, 84.07293312810361],
       [127.36191909827855, 36.37549154634960, 84.84742252528667],
       [127.36192850566174, 36.37550514888208, 79.60020281281322],
       [127.36191917419258, 36.37551036644604, 79.25678956508636],
       [127.36194606768174, 36.37551535143730, 81.20129991788417],
       [127.36195204702231, 36.37547180510305, 85.76311528030783],
       [127.36195970494468, 36.37547220743043, 85.51194825302809],
       [127.36193198723019, 36.37548946099987, 87.44271319732070],
       [127.36188833442456, 36.37547529041771, 90.96242744289339],
       [127.36188308380741, 36.37546065193786, 84.90401503629982],
       [127.36188883168253, 36.37544822154407, 83.57977116014808],
       [127.36188167532420, 36.37546134251222, 82.86653111502528],
       [127.36188548832574, 36.37545825016372, 82.19816311262548],
       [127.36191356717231, 36.37545731876261, 85.05885894130915],
       [127.36190225978336, 36.37544450461332, 86.79133531730622],
       [127.36192630600533, 36.37545997921949, 90.80867223907262],
       [127.36192692224124, 36.37544700266555, 86.83699277415872],
       [127.36193670071658, 36.37543693547025, 87.13494571577758],
       [127.36192379555307, 36.37543044150237, 88.75345768686384],
       [127.36193760220637, 36.37544191153292, 86.15397555474192],
       [127.36192498778972, 36.37543359879417, 85.61208745650947],
       [127.36193491060511, 36.37545864067116, 84.39616022817791],
       [127.36193911612790, 36.37542745588112, 92.94671156816185],
       [127.36193895099869, 36.37543182751443, 93.72994840051979],
       [127.36193690692058, 36.37542927879531, 93.04876196198165],
       [127.36193326311364, 36.37543693345089, 84.31815388146788],
       [127.36191691921020, 36.37543858702121, 84.86684327665716],
       [127.36191702495798, 36.37543581326121, 86.30196881853044],
       [127.36194766071360, 36.37542200569197, 90.96821625716984],
       [127.36196915361597, 36.37541540734667, 95.62793490756303],
       [127.36196237393744, 36.37543192194317, 92.79715429525822],
       [127.36196186468084, 36.37541487634950, 95.90069274697453],
       [127.36194452493639, 36.37542526576945, 93.90290670283139],
       [127.36195107992491, 36.37543360912445, 92.92604993004352],
       [127.36193276063504, 36.37546590474317, 86.58519367035478],
       [127.36192555976388, 36.37543679778224, 87.24248713534325],
       [127.36195759281709, 36.37544466752854, 86.03836330305785],
       [127.36196697820422, 36.37544069522601, 86.74002310913056],
       [127.36196491438045, 36.37543191375624, 92.75960605219007],
       [127.36194271631005, 36.37543884959395, 89.96398551203310],
       [127.36196247693492, 36.37545567709997, 87.54565838258713],
       [127.36193089828961, 36.37546322736847, 83.85001217387617],
       [127.36192270107647, 36.37548393802851, 78.98996243998408],
       [127.36193809426420, 36.37547147188373, 72.70776874478906],
       [127.36193631093523, 36.37546251345804, 81.38363582268357],
       [127.36192848367395, 36.37548801655051, 75.79386996850371],
       [127.36195842626829, 36.37545798279609, 79.66980231646448],
       [127.36196519568784, 36.37542951856385, 85.54554597195238],
       [127.36196417246229, 36.37545665740230, 87.41785599850118],
       [127.36194373699512, 36.37547767002099, 77.83431077469140],
       [127.36193586481401, 36.37549041782631, 77.14427001122385],
       [127.36193358884138, 36.37549462677930, 79.51904311217368],
       [127.36193644034580, 36.37550005044050, 79.59040938038379],
       [127.36192353487786, 36.37551274927772, 74.33427387755364],
       [127.36192267319082, 36.37549650094489, 69.10622349940240],
       [127.36192973630763, 36.37549422796326, 73.00287841353565],
       [127.36192187574088, 36.37549980687392, 75.58981066662818],
       [127.36192998506441, 36.37549112693830, 75.64614998176694],
       [127.36192693872916, 36.37551372303830, 70.88008626550436],
       [127.36188113417126, 36.37551854046878, 74.68903943989426],
       [127.36188504300526, 36.37551493702888, 77.30852797813714],
       [127.36189308014893, 36.37552654727383, 68.65638142917305],
       [127.36191036239212, 36.37553382328198, 72.31884519476444],
       [127.36192667978879, 36.37548208469106, 73.75025523733348],
       [127.36189341289986, 36.37547604314005, 81.66617625672370],
       [127.36189945234827, 36.37546401302933, 88.81899338588119],
       [127.36189750833086, 36.37547614235039, 82.68605441320688],
       [127.36190007836008, 36.37547109601443, 77.08812375087291],
       [127.36190461078429, 36.37549967446630, 73.40999814588577],
       [127.36188578748688, 36.37551310513334, 76.23970056511462],
       [127.36189960113225, 36.37549815286778, 77.04730553179979],
       [127.36189514788987, 36.37553212950140, 75.27906057797372],
       [127.36189713658200, 36.37549647018618, 81.61483075469732],
       [127.36187844244989, 36.37549639822460, 75.57464178744704],
       [127.36190014605813, 36.37550084331486, 73.94424466695637],
       [127.36188294873962, 36.37551204732279, 73.50271242484450],
       [127.36189869028432, 36.37550362142111, 78.88608857523650],
       [127.36190528545956, 36.37550926119493, 79.92465318087488],
       [127.36189757144058, 36.37554351368365, 75.33063462655991],
       [127.36188937712592, 36.37551743785396, 79.56784873828292],
       [127.36191956353744, 36.37547643030618, 86.58690026309341],
       [127.36192815123067, 36.37545610053031, 88.07287008035928],
       [127.36191310952064, 36.37545766756809, 90.80897878576070],
       [127.36188385644745, 36.37547211259085, 87.29174376092851],
       [127.36188530428309, 36.37545698925200, 84.08587780222297],
       [127.36192075314601, 36.37543403268496, 90.16163425147533],
       [127.36188972460864, 36.37547024692292, 87.34920305758715],
       [127.36188722524632, 36.37547326062800, 93.91299362760037],
       [127.36190733034515, 36.37547717967525, 89.26943791843951],
       [127.36190471743816, 36.37547725997097, 88.00656503904611],
       [127.36189335019252, 36.37547483095089, 87.54186751320958],
       [127.36187562884744, 36.37545057933993, 86.20840921904892],
       [127.36188785513214, 36.37545399798545, 88.04743948020041],
       [127.36189256061010, 36.37545630856666, 85.75779158994555],
       [127.36191739226723, 36.37542947101499, 89.92956120800227],
       [127.36191862828866, 36.37543026929833, 92.88597836438566],
       [127.36190786245803, 36.37540377766118, 101.14535207394511],
       [127.36190263238163, 36.37541615231710, 100.12437312584370],
       [127.36189763557336, 36.37542096248342, 102.33903005160391],
       [127.36189239573366, 36.37541169392503, 96.64176542032510],
       [127.36191044355633, 36.37540573619253, 97.48578094784170],
       [127.36190832631183, 36.37540646894986, 103.58201266266406],
       [127.36191463006327, 36.37541215642354, 103.73516679368913],
       [127.36190466032942, 36.37541660172847, 105.46543067041785],
       [127.36191279984331, 36.37543017468136, 103.99773898068815],
       [127.36193717085862, 36.37540910438855, 106.10255401674658],
       [127.36193139250227, 36.37542285953965, 102.79492609761655],
       [127.36192219144968, 36.37542159931733, 102.02797302603722],
       [127.36190265079385, 36.37540803455420, 103.78237460274249],
       [127.36189177600090, 36.37541511706652, 99.64836130477488],
       [127.36187664443634, 36.37544202860275, 92.37929138913751],
       [127.36190771446383, 36.37543227613618, 96.52919788658619],
       [127.36191449292320, 36.37543626148849, 101.57013651076704],
       [127.36193479326357, 36.37542642190060, 103.24191894847900],
       [127.36193259811699, 36.37540949078323, 105.39464452955872],
       [127.36190802702113, 36.37539332068599, 107.50812762416899],
       [127.36192118018755, 36.37540814287942, 103.48743517510593],
       [127.36190068223348, 36.37542706957797, 102.75780431833118],
       [127.36190438064142, 36.37540724373813, 103.46082620881498],
       [127.36190641684009, 36.37544054620565, 97.98645080253482],
       [127.36189586589805, 36.37544108325632, 107.45479715429246],
       [127.36190415440741, 36.37544435107180, 111.39992162771523],
       [127.36189775683729, 36.37544388595357, 105.10531587805599],
       [127.36187814248945, 36.37546448212884, 104.69591103121638],
       [127.36190424725073, 36.37545647598581, 99.34807092789561],
       [127.36191979770324, 36.37543464265596, 96.94653305690736],
       [127.36191227261884, 36.37542439391502, 98.93107405677438],
       [127.36190272024319, 36.37545221639130, 98.91483489889652],
       [127.36189541745762, 36.37543737440750, 105.57180638425052],
       [127.36191800756266, 36.37541043090526, 107.10299844667315],
       [127.36189038183335, 36.37543929798028, 100.16736214421690],
       [127.36190141424633, 36.37545990063846, 101.78992194682360],
       [127.36188364319490, 36.37545568212295, 99.64305530395359],
       [127.36189291218409, 36.37545814918759, 98.96286591608077],
       [127.36190538104466, 36.37545486337518, 100.24031555652618],
       [127.36189168527707, 36.37543542796003, 101.87824935466051],
       [127.36187121828262, 36.37543399904796, 98.95208435319364],
       [127.36186374583008, 36.37543155885111, 101.64630149211735],
       [127.36187798343580, 36.37545224450448, 100.59194049332291],
       [127.36188990055953, 36.37543579171416, 106.90045219566673],
       [127.36189147778190, 36.37544974172942, 100.26543721277267],
       [127.36190116902503, 36.37545446751421, 99.07122038491070],
       [127.36190336321179, 36.37544050691225, 97.40703283902258],
       [127.36190228243137, 36.37538915462459, 107.54407169576734],
       [127.36188889036768, 36.37538342956423, 103.62701356317848],
       [127.36188713769707, 36.37540827269115, 105.51371883880347],
       [127.36187666248409, 36.37539918699868, 103.38564244750887],
       [127.36186676641675, 36.37543159087426, 96.91310235578567],
       [127.36183555758723, 36.37546131379587, 93.95225215516984],
       [127.36185627367411, 36.37543677240389, 100.77022213395685],
       [127.36187795754319, 36.37542628210464, 99.42887418810278],
       [127.36186822508296, 36.37543427082288, 97.02448713965714],
       [127.36185499175295, 36.37543917587400, 101.47034295927733],
       [127.36185735318175, 36.37546841650769, 93.73228023666888],
       [127.36185082129825, 36.37544298218126, 90.08794068172574],
       [127.36184126771242, 36.37547147133977, 89.93516135215759],
       [127.36185049150092, 36.37545758911960, 93.84309190791100],
       [127.36185195762071, 36.37545412094743, 89.58850821666420],
       [127.36186230485075, 36.37545547716945, 93.20155098754913],
       [127.36186857656736, 36.37542240311689, 95.85129550099373],
       [127.36187654919819, 36.37544143372435, 91.55961592681706],
       [127.36184771915676, 36.37543363891054, 94.04733317624778],
       [127.36183287066461, 36.37546808002079, 88.28259385284036],
       [127.36182478146851, 36.37544673356101, 86.12693830858916],
       [127.36184154448353, 36.37547710902904, 85.52445015404373],
       [127.36182646091223, 36.37548164616784, 81.97332241572440],
       [127.36183903814255, 36.37548552867447, 83.20249485131353],
       [127.36182951855783, 36.37544080627813, 85.29274884425104],
       [127.36184169643172, 36.37546985671226, 83.38728125579655],
       [127.36184605547244, 36.37546077211319, 85.66102416347712],
       [127.36181997723665, 36.37548352601257, 83.14938098005950],
       [127.36181844629523, 36.37547946689271, 81.33139528054744],
       [127.36181140569290, 36.37546552612189, 85.42271839734167],
       [127.36184260241423, 36.37545975285147, 90.40451205708086],
       [127.36184631665957, 36.37544000924236, 90.37748046033084],
       [127.36183097771678, 36.37546918898683, 84.48556062486023],
       [127.36181236115553, 36.37547285500288, 85.31623784545809],
       [127.36183032944602, 36.37544729924059, 87.23299696482718],
       [127.36181483684919, 36.37543835403116, 87.92308798339218],
       [127.36181505429076, 36.37544475344834, 86.93300952855498],
       [127.36183283750609, 36.37543336229295, 88.06760853528976],
       [127.36183462482647, 36.37543045762369, 90.07068894244730],
       [127.36183105750891, 36.37544333755245, 89.96265229582787],
       [127.36180322762641, 36.37549890453777, 77.47822632454336],
       [127.36183403093094, 36.37547756395139, 76.90564795956016],
       [127.36186303370694, 36.37546015907080, 82.91586018353701],
       [127.36183946253782, 36.37544309932503, 83.00954653602093],
       [127.36183677319208, 36.37544252407324, 82.53253250662237],
       [127.36188217241998, 36.37543934408899, 82.44237838499248],
       [127.36189366343909, 36.37543214552561, 86.25674872379750],
       [127.36186852598649, 36.37543285746120, 87.66934637818485],
       [127.36183482591439, 36.37544741949385, 84.02937695570290],
       [127.36184794708936, 36.37544597366989, 86.66690354235470],
       [127.36184079964249, 36.37543759714087, 86.57295765634626],
       [127.36185955887136, 36.37543099233872, 96.14289533626288],
       [127.36187284245815, 36.37542349161466, 95.04877011757344],
       [127.36189222566939, 36.37542246575048, 96.87620576564223],
       [127.36188435950909, 36.37540556980180, 90.64355506189167],
       [127.36185766537899, 36.37541238290049, 95.75469139963388],
       [127.36184238898417, 36.37540958709364, 97.80726987589151],
       [127.36186922432871, 36.37541252943321, 97.25369061343372],
       [127.36185525456287, 36.37542767297908, 96.03269873932004],
       [127.36187411243138, 36.37539603530787, 101.47891057096422],
       [127.36187795759980, 36.37539865639994, 103.32008964661509],
       [127.36186531375384, 36.37541194632788, 101.36897791549563],
       [127.36188495954336, 36.37536528977247, 106.29645593650639],
       [127.36188007790427, 36.37537964633427, 104.97906200587749],
       [127.36188009991358, 36.37539384377008, 96.52010385971516],
       [127.36188058551285, 36.37537065054634, 102.94452207162976],
       [127.36189592007966, 36.37539306302030, 101.75720735639334],
       [127.36188026287500, 36.37540472085402, 100.26140874624252],
       [127.36188486292714, 36.37541645160675, 94.89411859679967],
       [127.36189185764599, 36.37540598307760, 97.44376478344202],
       [127.36190086293827, 36.37542827323740, 92.04881253559142],
       [127.36190203368747, 36.37541605047365, 92.43467804696411],
       [127.36189705377899, 36.37541070900494, 102.71796119771898],
       [127.36188887603221, 36.37540867156289, 100.30833323393017],
       [127.36187446848949, 36.37539764443699, 99.89945235103369],
       [127.36189318156198, 36.37536503079331, 99.96283464785665],
       [127.36189974452049, 36.37537272251566, 100.56862499471754],
       [127.36191986757457, 36.37541093066901, 95.44657152984291],
       [127.36191433527290, 36.37542052083358, 97.81723459158093],
       [127.36192239804966, 36.37542788475505, 100.17603829409927],
       [127.36192074345512, 36.37539556695034, 108.10878847725689],
       [127.36192225217866, 36.37541331552757, 98.57177592627704],
       [127.36189318573794, 36.37541561821682, 99.34277482330799],
       [127.36191294807475, 36.37540523177513, 101.51576924137771],
       [127.36195209254070, 36.37538588942606, 101.79580817651004],
       [127.36194177271004, 36.37540006334096, 99.90647358074784],
       [127.36196423935063, 36.37539435459124, 102.36874299030751],
       [127.36191738652327, 36.37539722834546, 99.91469394229352],
       [127.36192751176885, 36.37541671865283, 98.63060882780701],
       [127.36192474880788, 36.37541025828887, 103.21920180227607],
       [127.36193019586248, 36.37539145731304, 102.63560701813549],
       [127.36193633774080, 36.37539144831297, 106.61266827769578],
       [127.36194766790091, 36.37540678021301, 98.00099594052881],
       [127.36195397702535, 36.37541669045889, 102.78535635024309],
       [127.36196268595459, 36.37542020406337, 98.84221877809614],
       [127.36196877063378, 36.37540182249867, 102.51447555422783],
       [127.36195901355417, 36.37542544772030, 102.66950163617730],
       [127.36195713520516, 36.37541873180091, 101.09849961567670],
       [127.36193153153373, 36.37542948158591, 98.10104804765433],
       [127.36196570812912, 36.37542245036584, 93.05134363844991],
       [127.36196206643277, 36.37543791637992, 96.94655488990247],
       [127.36197978741738, 36.37543991361036, 101.28815890010446],
       [127.36197140028067, 36.37543536065679, 99.87393719330430],
       [127.36196935417577, 36.37544349979193, 97.05936749186367],
       [127.36196163763992, 36.37544059730442, 93.88518861588091],
       [127.36195764575727, 36.37543597896776, 95.06016106251627],
       [127.36195696644323, 36.37546611779065, 88.38031371496618],
       [127.36195839988579, 36.37546405991097, 85.74617022648454],
       [127.36197950282063, 36.37544671626863, 88.75002412032336],
       [127.36196995543355, 36.37544893396194, 89.86875079665333],
       [127.36197663891338, 36.37545835165626, 91.97787016909570],
       [127.36194368003626, 36.37547264139532, 87.49268675502390],
       [127.36196210790015, 36.37547101829293, 87.45172897819430],
       [127.36194600513616, 36.37547690409359, 94.10648997966200],
       [127.36196106020410, 36.37547574798574, 92.57078276015818],
       [127.36194678026202, 36.37546959617583, 88.89574687648565],
       [127.36195286307725, 36.37549147622340, 82.05447865650058],
       [127.36197970747699, 36.37547022864482, 87.53831353690475],
       [127.36197940615082, 36.37547524944354, 87.80300805158913],
       [127.36197747548732, 36.37548117063049, 86.82015439588577],
       [127.36196037571513, 36.37548142853721, 84.52259815018624],
       [127.36194847371904, 36.37550306164759, 77.49960710853338],
       [127.36195404897065, 36.37552214363134, 80.18019842635840],
       [127.36193486342933, 36.37551366576943, 84.08804780803621],
       [127.36196766727470, 36.37546709339383, 93.46646814327687],
       [127.36198862646171, 36.37548011174146, 89.91997587680817],
       [127.36198450823863, 36.37549599652259, 86.65286083705723],
       [127.36195504266989, 36.37547231491706, 90.60061577800661],
       [127.36196543158407, 36.37548880353722, 85.65775234531611],
       [127.36197571283778, 36.37549002839778, 84.62693954817951],
       [127.36199534099532, 36.37547468692046, 92.30425756517798],
       [127.36194616345728, 36.37548884705649, 85.78564365208149],
       [127.36195589664537, 36.37551644310475, 78.99671161733568],
       [127.36196310573177, 36.37550684806448, 83.73369657061994],
       [127.36196900859983, 36.37551167271666, 86.36463219765574],
       [127.36196088509924, 36.37552186030805, 84.20146512333304],
       [127.36197024603085, 36.37551750382043, 88.42692334204912],
       [127.36197339184957, 36.37549756293320, 84.25416321400553],
       [127.36195922471899, 36.37549044349432, 90.99794092308730],
       [127.36195427405539, 36.37548186049700, 94.14480412565172],
       [127.36196495842118, 36.37548902600819, 93.40566430520266],
       [127.36197011419610, 36.37546383431590, 91.21623736340553],
       [127.36196925689828, 36.37546144512477, 89.69506204780191],
       [127.36194249003573, 36.37548167006877, 82.78408471960574],
       [127.36194773387422, 36.37547044151538, 83.72784573491663],
       [127.36192246533948, 36.37547271818094, 94.59358823299408],
       [127.36194205177962, 36.37551134613668, 88.61787504237145],
       [127.36194419845332, 36.37549775895759, 88.88739918451756],
       [127.36197015979856, 36.37548949078082, 89.68590713851154],
       [127.36196550702209, 36.37549219385582, 90.87491527758539],
       [127.36192769247889, 36.37551077445412, 79.76139425393194],
       [127.36193612532377, 36.37550613129883, 82.62669464014471],
       [127.36194913044909, 36.37547072762911, 91.13220897130668],
       [127.36195914720615, 36.37548181020352, 93.74999878834933],
       [127.36198654774778, 36.37547986943880, 93.57828526571393],
       [127.36195423294291, 36.37549807022977, 89.99945988692343],
       [127.36195792519497, 36.37549209743776, 90.07101892493665],
       [127.36196331045754, 36.37548540093998, 86.60774645581841],
       [127.36195955536688, 36.37549610724415, 85.37426810618490],
       [127.36195376335120, 36.37550495578694, 82.76317200809717],
       [127.36198340129164, 36.37550659989000, 83.89729609526694],
       [127.36196051650539, 36.37549956741074, 87.97196838539094],
       [127.36195641814741, 36.37549879475330, 89.75111683737487],
       [127.36195599861965, 36.37549423763942, 90.45001563429832],
       [127.36194723322363, 36.37547576580259, 87.49359742738307],
       [127.36193195166805, 36.37549900780501, 81.57720170449466],
       [127.36193430541088, 36.37550670774669, 80.58473602682352],
       [127.36196585859956, 36.37549974380303, 84.63275303039700],
       [127.36197005554031, 36.37549564550453, 89.91511031799018],
       [127.36197770887421, 36.37549752361900, 89.53439675830305],
       [127.36197837764809, 36.37548973001020, 88.70071530714631],
       [127.36196039135073, 36.37550968604720, 86.96406702324748],
       [127.36196420349768, 36.37552202788278, 86.69326948560774],
       [127.36195320882840, 36.37550364028312, 89.41754329763353],
       [127.36195242427640, 36.37549043158072, 86.86247856728733],
       [127.36194798850543, 36.37552457928769, 84.23819702491164],
       [127.36194049519786, 36.37551929963281, 85.23779896739870],
       [127.36193500225892, 36.37549703928184, 87.42211143393070],
       [127.36193607318307, 36.37550106571971, 85.62044106423855],
       [127.36193668118159, 36.37547319846812, 88.87978561967611],
       [127.36192338712308, 36.37549016294427, 92.15503767225891],
       [127.36193531166124, 36.37550602513327, 92.17605889681727],
       [127.36191091995822, 36.37551034519114, 92.40205354802310],
       [127.36192605100059, 36.37550668841565, 90.71212778985500],
       [127.36192915082465, 36.37547957372188, 90.13975298032165],
       [127.36194290239332, 36.37547913858945, 90.88256191182882],
       [127.36192220658290, 36.37550072304097, 92.95222621504217],
       [127.36192494320885, 36.37549502971493, 89.34398964233696],
       [127.36188364248133, 36.37548070792177, 93.62420775368810],
       [127.36188975426137, 36.37548026540296, 89.70096689928323],
       [127.36190565262017, 36.37549196881955, 85.34867666009814],
       [127.36191463489273, 36.37547270835513, 88.88081966713071],
       [127.36189085564254, 36.37548598798800, 89.16098026745021],
       [127.36188331999149, 36.37547861810155, 92.71199586894363],
       [127.36187379256864, 36.37550715717476, 84.27175915148109],
       [127.36187140627106, 36.37550769806899, 82.93213008251041],
       [127.36190365048064, 36.37550374470961, 81.50629916135222],
       [127.36188792044814, 36.37551831242842, 86.19195189233869],
       [127.36187180860830, 36.37549776599950, 92.11658385209739],
       [127.36188462741038, 36.37549961864949, 91.93292370066047],
       [127.36189509529466, 36.37550463774104, 91.30527220666409],
       [127.36187618429167, 36.37551006254068, 87.46167688071728],
       [127.36187966757335, 36.37550761264569, 83.59204725455493],
       [127.36188947243028, 36.37550518623787, 82.61683175154030],
       [127.36189500726701, 36.37549501611646, 85.69170379452407],
       [127.36188385760116, 36.37547366721058, 90.79608875419945],
       [127.36187851319355, 36.37548570554007, 91.72816545236856],
       [127.36189568576779, 36.37547454719688, 97.26117657311261],
       [127.36188666945652, 36.37547597075357, 91.50977997761220],
       [127.36184731230296, 36.37549120585513, 85.52928509749472],
       [127.36184277505475, 36.37548628493042, 83.47844660282135],
       [127.36185697822484, 36.37549518898005, 82.30284985527396],
       [127.36187504933564, 36.37547906028944, 90.12404412683100],
       [127.36191497335375, 36.37548253429330, 89.55269331391901],
       [127.36188966468623, 36.37549599000211, 84.77208921872079],
       [127.36188902429726, 36.37548484512810, 91.72513125371188],
       [127.36187390148724, 36.37549655315511, 89.21146223321557],
       [127.36187892816606, 36.37547550907858, 93.14918932504952],
       [127.36191021370492, 36.37547812604034, 90.27205371949822],
       [127.36188478150473, 36.37546522823158, 97.68239819910377],
       [127.36186562493376, 36.37547792342475, 92.73395156580955],
       [127.36185936600728, 36.37549225550875, 91.49849532917142],
       [127.36186463290530, 36.37547528463981, 89.74358851183206],
       [127.36188525489148, 36.37547381115328, 90.78386714309454],
       [127.36187203518783, 36.37547112705103, 89.08575807698071],
       [127.36187935514717, 36.37548214468858, 86.10564378928393],
       [127.36186744718056, 36.37546672339656, 93.90587720181793],
       [127.36187064433840, 36.37547342209508, 96.57402471918613],
       [127.36189307154545, 36.37547955078799, 94.65673429705203],
       [127.36188391832960, 36.37548714543578, 92.92862072680146],
       [127.36188670819087, 36.37546561896065, 87.95633806567639],
       [127.36186858691505, 36.37548219605948, 90.54654246941209],
       [127.36187282291884, 36.37546995609220, 98.63115266617388],
       [127.36191245741698, 36.37545757173043, 98.69121320266277],
       [127.36190754280067, 36.37544711387751, 98.80952664557844],
       [127.36189316680581, 36.37544997248614, 97.70738209318370],
       [127.36189323496454, 36.37546843434495, 93.05376759730279],
       [127.36185753463194, 36.37547388099879, 91.66355707030743],
       [127.36185662594079, 36.37545885365024, 95.71826186589897],
       [127.36186687606482, 36.37547548335554, 90.70524546410888],
       [127.36189303697567, 36.37546564028093, 94.07546742353588],
       [127.36191203645571, 36.37542793507556, 99.83747976180166],
       [127.36190557692103, 36.37542163436155, 96.48488670401275],
       [127.36189169943485, 36.37543275213245, 97.55045065563172],
       [127.36188859320690, 36.37543644395254, 102.91149257030338],
       [127.36190544137361, 36.37543376089270, 103.79805406741798],
       [127.36187947477615, 36.37546922647929, 95.60418374463916],
       [127.36187519976883, 36.37545383953941, 98.25144020188600],
       [127.36186909423350, 36.37545325132711, 105.81023975927383],
       [127.36189496176253, 36.37543323300030, 101.14381373301148],
       [127.36192018137113, 36.37543370075240, 103.77136156614870],
       [127.36190380857371, 36.37545448929572, 98.57039246242493],
       [127.36187806742143, 36.37545680313517, 97.54856345802546],
       [127.36187074677618, 36.37546488744409, 99.75186186004430],
       [127.36191741067906, 36.37545903626669, 98.17611790820956],
       [127.36190009005422, 36.37548033894683, 100.86499305535108],
       [127.36188159363699, 36.37546694870541, 101.71951565612108],
       [127.36187974772463, 36.37545405189876, 101.76132521126419],
       [127.36186939292315, 36.37542322617658, 103.18279031012207],
       [127.36186202978101, 36.37544478206891, 104.49370173085481],
       [127.36189752052070, 36.37543500987407, 105.67758591007441],
       [127.36189353241006, 36.37544146494734, 109.07159167435020],
       [127.36187527766199, 36.37542802166862, 109.26689717639238],
       [127.36189683083124, 36.37543409069487, 106.74752163700759],
       [127.36190873427698, 36.37543157355828, 105.87611324898899],
       [127.36190880624990, 36.37543260385259, 103.59885937906802],
       [127.36189811366795, 36.37543297317434, 103.14285100437701],
       [127.36187797873093, 36.37544981917141, 96.95027121622115],
       [127.36187548582237, 36.37542363027165, 106.48144768178463],
       [127.36190175379207, 36.37540768301234, 109.26141540985554],
       [127.36190466994363, 36.37542588521131, 100.75832113157958],
       [127.36191529805451, 36.37542141802251, 103.34368492569774],
       [127.36189926588069, 36.37542393896546, 113.89476108178496],
       [127.36189917975257, 36.37542610007574, 111.51650609821081],
       [127.36188638884079, 36.37541738811275, 110.43927267193794],
       [127.36188876887556, 36.37539557165909, 109.76772637013346],
       [127.36190605216080, 36.37543609427753, 97.41525560803711],
       [127.36189873874464, 36.37543306974865, 99.62604994326830],
       [127.36189778952513, 36.37542374967039, 103.65246050897986],
       [127.36189512790834, 36.37543113666734, 99.63254519179463],
       [127.36189490584579, 36.37543774689823, 104.04771564062685],
       [127.36189860441158, 36.37546068575294, 97.29091209452599],
       [127.36189790170515, 36.37545760366618, 94.70707007776946],
       [127.36190758813605, 36.37544059112371, 101.90631353575736],
       [127.36192208559453, 36.37543692172112, 100.48915560543537],
       [127.36192232406789, 36.37544467631992, 101.66095029935241],
       [127.36192201182629, 36.37544634111440, 95.80513098370284],
       [127.36193397555813, 36.37543933599743, 100.10232272185385],
       [127.36190212362573, 36.37546589374044, 90.89701434690505],
       [127.36192790142034, 36.37542344065670, 99.91434362158179],
       [127.36194158702170, 36.37542943625680, 100.73155942372978],
       [127.36193433156710, 36.37544405929756, 101.04641237109900],
       [127.36192002136762, 36.37546881502327, 101.94193864334375],
       [127.36191444888966, 36.37546494894803, 96.97399601712823],
       [127.36188827856590, 36.37549795984972, 82.12006715591997],
       [127.36189969080489, 36.37548733286107, 84.57672872487456],
       [127.36193023385935, 36.37549018185445, 84.62451511155814],
       [127.36192930682223, 36.37549098872832, 90.38107229862362],
       [127.36192473914916, 36.37548045533899, 90.18730480503291],
       [127.36193407639595, 36.37546971137633, 89.96540473308414],
       [127.36194896559857, 36.37546874111441, 92.78242775797844],
       [127.36193889219736, 36.37545877698050, 99.06028538290411],
       [127.36191390684284, 36.37546485057293, 94.83360868319869],
       [127.36193132266614, 36.37550492388223, 79.12148042861372],
       [127.36192551160318, 36.37547054425867, 86.52511658426374],
       [127.36193366222092, 36.37547773390786, 90.20141090545803],
       [127.36192602413064, 36.37546762690495, 89.37926139123738],
       [127.36192353942870, 36.37549869469535, 95.76070544775575],
       [127.36190624743206, 36.37549339833103, 88.84356914460659],
       [127.36191037825478, 36.37549111638087, 83.92128206882626],
       [127.36192852178635, 36.37549970946491, 83.11460052244365],
       [127.36192784839520, 36.37551125306943, 84.76614427007735],
       [127.36191876023014, 36.37545984146966, 97.31501242890954],
       [127.36191507877952, 36.37547121213596, 94.69611490331590],
       [127.36192182146847, 36.37549569379179, 89.65630692057312],
       [127.36190965407542, 36.37551869187512, 86.09988833777606],
       [127.36192260098935, 36.37549816742619, 83.26195965707302],
       [127.36192681224635, 36.37547888775263, 89.88308924064040],
       [127.36191832179063, 36.37550501050183, 86.08074323460460],
       [127.36192161945523, 36.37548326372550, 82.50494508445263],
       [127.36192035483496, 36.37547995314477, 85.93634767364711],
       [127.36191437074191, 36.37547950377159, 90.77846483234316],
       [127.36192940181752, 36.37547425858017, 89.43748553190380],
       [127.36192844459069, 36.37547541779600, 90.17209264636040],
       [127.36193413312644, 36.37548463685447, 87.92791906557977],
       [127.36192404328980, 36.37546321395870, 88.19664714019746],
       [127.36193242265111, 36.37550038629315, 81.11194093711674],
       [127.36191979547415, 36.37547547772139, 88.47476846165955],
       [127.36192268217071, 36.37546492883196, 88.67384430021048],
       [127.36191730009203, 36.37545924381172, 92.78169846441597],
       [127.36189555163160, 36.37544037777420, 101.46593344770372],
       [127.36190481662940, 36.37544555385369, 100.43353878147900],
       [127.36191536149755, 36.37545836141464, 99.26885122712702],
       [127.36188029610368, 36.37544407153806, 98.86923557613045],
       [127.36189126083117, 36.37545623713616, 95.64641732070595],
       [127.36192449605799, 36.37545767822223, 89.98986323177814],
       [127.36193770225371, 36.37545523036034, 97.58711337577552],
       [127.36191837314497, 36.37542229626903, 104.75858769007027],
       [127.36191755694277, 36.37544780213393, 93.27189032360911],
       [127.36190120168548, 36.37546360025913, 92.04826425760984],
       [127.36188503128585, 36.37545172092185, 95.91098303347826],
       [127.36189948528704, 36.37545012537616, 96.86348281987011],
       [127.36190490890912, 36.37544554589586, 98.25374857708812],
       [127.36191585661317, 36.37543681623301, 99.54545356985182],
       [127.36192759887412, 36.37543267688648, 97.70713313389570],
       [127.36193160733151, 36.37542865533272, 100.88450830057263],
       [127.36191462167972, 36.37542973343447, 105.13553890492767],
       [127.36191048574869, 36.37543643564585, 102.51474193390459],
       [127.36190950846218, 36.37542319891335, 106.24443223793060],
       [127.36191782829934, 36.37539514701690, 106.48176267649978],
       [127.36189868356520, 36.37539337653529, 100.48253795318305],
       [127.36190716797158, 36.37539148710729, 108.30844769999385],
       [127.36191206908558, 36.37538957401039, 113.05996246170253],
       [127.36190898553747, 36.37540459968276, 105.27111508976668],
       [127.36189476040047, 36.37541679799870, 108.47620945237577],
       [127.36191123807379, 36.37541154743061, 104.71672369726002],
       [127.36189296226941, 36.37539705024213, 105.79159616120160],
       [127.36189819599612, 36.37539974803814, 108.68514756206423],
       [127.36191929214172, 36.37541019723282, 109.54048537649214],
       [127.36191913161356, 36.37539434992545, 113.19851580075920],
       [127.36191704756246, 36.37540516804270, 111.62024241499603],
       [127.36190966717511, 36.37539369181300, 106.29042863473296],
       [127.36191209852139, 36.37542011245758, 102.01525217108428],
       [127.36190809715180, 36.37542651090375, 108.17817364633083],
       [127.36193837838948, 36.37541665359215, 108.56927186157554],
       [127.36190847906094, 36.37541438033665, 108.60380998440087],
       [127.36191209740160, 36.37540273336822, 111.36807992309332],
       [127.36189162498243, 36.37540888644499, 107.11034730449319],
       [127.36190081981465, 36.37541384886612, 107.96456550806761],
       [127.36189449921429, 36.37543132280619, 101.03635593317449],
       [127.36190696376640, 36.37544417836992, 105.78014176711440],
       [127.36189463113489, 36.37542470536631, 105.75827884301543],
       [127.36190650639354, 36.37541615520550, 107.11854610033333],
       [127.36192203043394, 36.37539442670114, 114.37464166246355],
       [127.36191008383467, 36.37539325381510, 114.70148259773850],
       [127.36190475229240, 36.37540996654003, 107.45820713602006],
       [127.36188748165529, 36.37543758403984, 102.66539149731398],
       [127.36188921692846, 36.37542008977709, 104.45376755949110],
       [127.36189852654499, 36.37542302911945, 102.54704065434635],
       [127.36191652744559, 36.37543361878278, 105.58747126068920],
       [127.36194078019462, 36.37543076070327, 102.79353523161262],
       [127.36192159555041, 36.37542179305258, 105.50859143026173],
       [127.36190386449736, 36.37543524843932, 100.71263941098005],
       [127.36190502337340, 36.37544249357227, 103.11275108624250],
       [127.36191532297904, 36.37541860086426, 105.26395063847303],
       [127.36191950461318, 36.37541926985913, 100.54736272525042],
       [127.36191247584466, 36.37543291062823, 93.69596127327532],
       [127.36190911584217, 36.37543706022441, 96.52467668987811],
       [127.36193513660295, 36.37541561114227, 106.10902528185397],
       [127.36192491781843, 36.37543010800991, 106.81639751605690],
       [127.36191289968642, 36.37545441655362, 102.87696544453502],
       [127.36191635795538, 36.37544302317819, 99.69526595342904],
       [127.36190873351596, 36.37543129288454, 98.06879739090800],
       [127.36191845716755, 36.37542493235136, 99.78844540659338],
       [127.36191992665857, 36.37544490816049, 99.67957162111998],
       [127.36190553942440, 36.37547050392571, 96.48274187091738],
       [127.36192197115044, 36.37546573235682, 96.43724568933249],
       [127.36190860099764, 36.37548823879642, 90.59034140594304],
       [127.36191335961738, 36.37545454789775, 92.78078459668905],
       [127.36189294897797, 36.37545613062458, 91.94819851219654],
       [127.36190173272300, 36.37544598759367, 93.23367261700332],
       [127.36190051122487, 36.37544725899646, 93.77295562345535],
       [127.36192218599658, 36.37545160656959, 96.78129537962377],
       [127.36191349753625, 36.37545070235655, 98.29031598288566],
       [127.36191662715129, 36.37542724388674, 102.50369456969202],
       [127.36191357726948, 36.37544398633315, 101.95113567914814],
       [127.36188958964810, 36.37547408896175, 100.79417414683849],
       [127.36188070289754, 36.37545191520875, 98.83201887272298],
       [127.36189527444510, 36.37545040438840, 98.52347489539534],
       [127.36192581716207, 36.37542304233896, 93.83347980119288],
       [127.36191876282534, 36.37544540493851, 92.62639178708196],
       [127.36192408019403, 36.37546714006955, 91.00652121566236],
       [127.36191683547473, 36.37545432005203, 89.14386954810470],
       [127.36187539228271, 36.37544942002327, 93.54549786727875],
       [127.36189088707685, 36.37544181154279, 88.99294923804700],
       [127.36189721749349, 36.37543009090928, 95.52722688764334],
       [127.36192180219882, 36.37542925130831, 92.55945238098502],
       [127.36191666509070, 36.37542912110012, 94.99677073583007],
       [127.36190120828361, 36.37542128356160, 100.48808321170509],
       [127.36190681049430, 36.37543880515987, 98.43991584144533],
       [127.36189575224070, 36.37543221340031, 102.56385311763734],
       [127.36191082468176, 36.37543594091692, 101.96575001161546],
       [127.36191178444855, 36.37542451728369, 102.78267752379179],
       [127.36190345769417, 36.37543143874700, 98.56083466019481],
       [127.36190060833647, 36.37544468688773, 91.10859323944896],
       [127.36187744514059, 36.37544680701155, 90.62756150308996],
       [127.36187043840341, 36.37541549586700, 108.41103623621166],
       [127.36188778550665, 36.37543420673325, 103.08645009528846],
       [127.36188666187074, 36.37541598794834, 100.61722518876195],
       [127.36189759467699, 36.37540576390825, 102.85281723272055],
       [127.36188438193354, 36.37540508293441, 104.92458274587989],
       [127.36190007313422, 36.37540231534808, 106.66639555897564],
       [127.36190260210564, 36.37541901546530, 101.17777933739126],
       [127.36190133684339, 36.37542608520313, 101.25819282606244],
       [127.36190666070904, 36.37542569861571, 99.70122546236962],
       [127.36191308069863, 36.37538706094002, 108.83911709394306],
       [127.36189078523410, 36.37540672458290, 108.92258997075260],
       [127.36190684176533, 36.37539968399666, 111.16719939000905],
       [127.36189620882350, 36.37541596985707, 100.50402943510562],
       [127.36189156885598, 36.37539966705609, 107.67991685215384],
       [127.36190946942649, 36.37540746090549, 107.17918602004647],
       [127.36189742819322, 36.37540398683149, 105.62513351067901],
       [127.36192097084042, 36.37541155722270, 103.62546730227768],
       [127.36191725680408, 36.37537486952147, 106.38648960646242],
       [127.36193404294566, 36.37536317502822, 113.60585644654930],
       [127.36192830679047, 36.37536012205220, 112.07428772188723],
       [127.36192207054313, 36.37538402656358, 112.24038364272565],
       [127.36193415753333, 36.37540933997252, 106.40795183274895],
       [127.36192592250761, 36.37540290667147, 112.65896492172033],
       [127.36192614038252, 36.37539737171363, 109.08793991338462],
       [127.36190227334143, 36.37539957521780, 107.79228420648724],
       [127.36188583615633, 36.37542213827086, 108.72483770735562],
       [127.36189940234524, 36.37543324514925, 101.47916892450303],
       [127.36189097412613, 36.37540071097324, 104.87785212881863],
       [127.36194040687913, 36.37538832882390, 109.17498955689371],
       [127.36193191138300, 36.37540179167335, 109.74791677296162],
       [127.36193507541724, 36.37540884280793, 107.22573233675212],
       [127.36193497126901, 36.37539172222844, 116.00827999692410],
       [127.36193585842507, 36.37538110110596, 111.01279564015567],
       [127.36192583966742, 36.37538455848662, 112.04731547087431],
       [127.36195734477046, 36.37538639446931, 110.64914631284773],
       [127.36193201535617, 36.37537898949394, 107.76277876086533],
       [127.36192636602067, 36.37538291338904, 112.12216281238943],
       [127.36194820399480, 36.37537569637808, 115.34286999888718],
       [127.36194682207591, 36.37539786050860, 111.60461076814681],
       [127.36191927917511, 36.37539439957857, 104.68051644321531],
       [127.36191650392919, 36.37538177324051, 110.51742789149284],
       [127.36192114058606, 36.37539232261442, 110.76664135139436],
       [127.36193211532128, 36.37539943781815, 113.38784685172141],
       [127.36191060774134, 36.37540135059426, 105.12777667492628],
       [127.36192583585375, 36.37538659199836, 108.68235416989774],
       [127.36194465506038, 36.37537451025103, 107.87106795795262],
       [127.36195533250067, 36.37539568716617, 107.64635221567005],
       [127.36194269152875, 36.37538725676269, 106.86301264539361],
       [127.36193868115237, 36.37537208288211, 102.95328203029931],
       [127.36195634082881, 36.37538807208603, 104.55604652967304],
       [127.36194592826632, 36.37541487470616, 105.83787014614791],
       [127.36196074113332, 36.37539719161080, 107.57793770078570],
       [127.36198397903337, 36.37539025364538, 108.00618453323841],
       [127.36197072617900, 36.37537122175718, 110.13531964737922],
       [127.36195074130434, 36.37537140974278, 105.82591487281024],
       [127.36193239611268, 36.37540781290349, 102.90686591528356],
       [127.36194009328348, 36.37541031101287, 102.74861213937402],
       [127.36195145833558, 36.37539135852742, 101.33066459372640],
       [127.36195009192053, 36.37540917556026, 100.18254686146975],
       [127.36196017071818, 36.37538787322361, 106.49377651885152],
       [127.36196206538447, 36.37539424329994, 104.58566513750702],
       [127.36196019994746, 36.37541086587584, 99.66197251621634],
       [127.36195635645582, 36.37541485876935, 96.57553155627102],
       [127.36195642133629, 36.37540777591008, 102.70684145018458],
       [127.36196360028430, 36.37539316456947, 109.98972483631223],
       [127.36194914012724, 36.37539626819684, 107.17661475855857],
       [127.36194684060307, 36.37539959043956, 101.04252870846540],
       [127.36196331426116, 36.37541563950903, 95.71961529832333],
       [127.36196399311125, 36.37537792018703, 98.06950881425291],
       [127.36194753405640, 36.37539114890874, 93.11277202889323],
       [127.36192544233617, 36.37539836496992, 96.35853864438832],
       [127.36194931397182, 36.37538345337298, 98.93023343849927],
       [127.36196202408323, 36.37539459482336, 102.94968854170293],
       [127.36194227945400, 36.37539732569660, 110.68120061699301],
       [127.36193903379095, 36.37541322907477, 98.76288854982704],
       [127.36194389258266, 36.37540999474998, 99.58767289668322],
       [127.36193244253779, 36.37541047115003, 102.72584994044155],
       [127.36190967958245, 36.37539115174496, 108.18707197904587],
       [127.36195771573372, 36.37537205278155, 107.23351914342493],
       [127.36195976020689, 36.37536278566724, 109.08231160510331],
       [127.36195179038945, 36.37538664951836, 104.23575290851295],
       [127.36192787527145, 36.37541583181353, 93.94176105409861],
       [127.36193022574056, 36.37541675376330, 96.55620856583118],
       [127.36192610157467, 36.37541452851997, 98.00739040132612],
       [127.36192464649996, 36.37541468278400, 98.49770776182413],
       [127.36191967364442, 36.37540274544811, 105.76086480077356],
       [127.36193586529612, 36.37538635378225, 101.86962638050318],
       [127.36192960366355, 36.37538621621308, 110.69931214489043],
       [127.36193509499022, 36.37539888115314, 117.61622861307114],
       [127.36195361433647, 36.37538497031689, 115.26060527935624],
       [127.36193888301720, 36.37537069605478, 114.99003948830068],
       [127.36193708859108, 36.37537472410345, 109.17351510841399],
       [127.36192241984411, 36.37540794207880, 105.47858672030270],
       [127.36193319547945, 36.37541731100737, 102.40780308842659],
       [127.36193568731589, 36.37539825352209, 102.17681884765625],
       [127.36192781269963, 36.37538302663136, 110.52052489668131],
       [127.36192136746072, 36.37540884436053, 107.09921258222312],
       [127.36190503737133, 36.37539719148185, 103.50825750455260],
       [127.36190266981251, 36.37541827305893, 102.04551681596786],
       [127.36191412045042, 36.37539823523881, 109.35875673126429],
       [127.36193162040348, 36.37538103807633, 110.43281776271760],
       [127.36192906085475, 36.37539497673956, 108.45176022779197],
       [127.36193065440906, 36.37538095133786, 110.46075970213860],
       [127.36192644419535, 36.37540495019034, 113.95801448822021],
       [127.36192208863996, 36.37540298933244, 107.72894463501871],
       [127.36191318615900, 36.37542596367729, 98.76060219202191],
       [127.36190542853782, 36.37540743303211, 101.49521571863443],
       [127.36191558291794, 36.37539420688808, 105.50678054150194],
       [127.36193085163437, 36.37538112936139, 108.16533395741135],
       [127.36191709304396, 36.37538653835728, 104.24459949787706],
       [127.36191303109705, 36.37540339511896, 105.81584299728274],
       [127.36190942318787, 36.37541722340961, 101.96637684665620],
       [127.36193860319595, 36.37540518876915, 103.87621659319848],
       [127.36194243930710, 36.37540284270133, 106.91015473101288],
       [127.36193393517773, 36.37539232663516, 109.01887919381261],
       [127.36191350071729, 36.37540375628843, 98.79613852128386],
       [127.36188196358937, 36.37542635191627, 99.96877323649824],
       [127.36187890820274, 36.37541820726262, 103.79306563641876],
       [127.36187379370958, 36.37539568100559, 112.29917394649237],
       [127.36189260607257, 36.37539109729333, 106.76621026638895],
       [127.36191333281201, 36.37538663020369, 104.71043328475207],
       [127.36187160594127, 36.37542154350148, 95.58267991896719],
       [127.36185744342264, 36.37540689294761, 100.14237005170435],
       [127.36185619434799, 36.37538582081387, 105.49052998982370],
       [127.36188068959470, 36.37541433064023, 103.35598715860397],
       [127.36190504903232, 36.37539381225324, 105.26143917348236],
       [127.36190735292442, 36.37538381258732, 105.07512649334967],
       [127.36189677550651, 36.37537440895872, 109.98071894980967],
       [127.36189489230779, 36.37538052929741, 107.84685529954731],
       [127.36188310490250, 36.37540302733937, 102.07504997309297],
       [127.36188158599697, 36.37541529244459, 100.80936538893729],
       [127.36189030740138, 36.37539813067524, 95.33389221411198],
       [127.36186726034131, 36.37539035376763, 96.09362176060677],
       [127.36184549067937, 36.37541646921635, 94.89352758787572],
       [127.36187183088163, 36.37540867933048, 99.95511426497251],
       [127.36190818773913, 36.37540913871332, 99.03964050766081],
       [127.36190051010985, 36.37541473892560, 96.50033530034125],
       [127.36190026237952, 36.37541172430323, 96.72230716608465],
       [127.36189448731743, 36.37543958905777, 91.44151782337576],
       [127.36191086550816, 36.37542145685919, 96.09073624294251],
       [127.36190247736721, 36.37543176511290, 92.57303052954376],
       [127.36192160005925, 36.37542329872138, 97.47786273155361],
       [127.36190941139175, 36.37541897147049, 97.73352662939578],
       [127.36189761354969, 36.37544422310557, 90.77947044093162],
       [127.36190767206018, 36.37544900026591, 95.54353781603277],
       [127.36192174185916, 36.37542060241100, 101.07609262224287],
       [127.36192521131935, 36.37545883962336, 91.79914067778736],
       [127.36191440367269, 36.37542498114523, 99.66261657513678],
       [127.36189966223840, 36.37544849401277, 97.13473066315055],
       [127.36189645929444, 36.37544361884314, 93.97313603851944],
       [127.36190229040166, 36.37544458663189, 94.77682719286531],
       [127.36189670023930, 36.37544792757475, 93.67145324684680],
       [127.36191076936110, 36.37543807368988, 95.48891840409487],
       [127.36193278034760, 36.37543468920459, 98.43315245117992],
       [127.36191095753709, 36.37542663379631, 101.41150803864002],
       [127.36191018388830, 36.37542443394377, 101.04528930876404],
       [127.36190847621720, 36.37539240508877, 106.50071024522185],
       [127.36190047974479, 36.37541155170367, 106.82143167406321],
       [127.36190831498908, 36.37542404419624, 104.65904449671507],
       [127.36192770560621, 36.37540965260757, 106.36528010480106],
       [127.36192420645918, 36.37540324294174, 107.32042438816279],
       [127.36192403884483, 36.37542030138668, 108.48502782173455],
       [127.36190876251038, 36.37542355201114, 105.67243324499577],
       [127.36192198434513, 36.37542302882635, 100.62671493832022],
       [127.36188965900993, 36.37542986772812, 99.65957813430578],
       [127.36191287446185, 36.37542271648513, 99.63261308427900],
       [127.36191989946903, 36.37545059007454, 98.99598211329430],
       [127.36194172885797, 36.37542557404419, 106.15978908073157],
       [127.36195448529656, 36.37544499362865, 99.23239016905427],
       [127.36194820679830, 36.37543728067478, 100.70835243724287],
       [127.36193266455415, 36.37543617174860, 106.74280736967921],
       [127.36192371680151, 36.37544640919151, 105.47917888592929],
       [127.36194602937206, 36.37546391532857, 95.11451149638742],
       [127.36190891202807, 36.37544894195923, 96.65816306602210],
       [127.36192376206661, 36.37542599210560, 102.56104971654713],
       [127.36193256943849, 36.37544230480990, 95.55008942913264],
       [127.36194992735457, 36.37543517631912, 98.29155885055661],
       [127.36195087098739, 36.37542493468281, 101.57846665102988],
       [127.36194945334442, 36.37542848104573, 109.70536576770246],
       [127.36194293322612, 36.37543952484725, 106.33817504066974],
       [127.36194224420785, 36.37541141810694, 113.62177875172347],
       [127.36193409963569, 36.37545330223247, 106.84312725625932],
       [127.36193954979821, 36.37544618862487, 106.27713304478675],
       [127.36195075947934, 36.37544468861195, 103.98453585896641],
       [127.36192800135467, 36.37542978724275, 109.70460102520883],
       [127.36196501979202, 36.37541252169213, 116.97768228407949],
       [127.36197096787855, 36.37540958249443, 111.64119880832732],
       [127.36198274798824, 36.37536163184931, 117.12157000135630],
       [127.36196375818328, 36.37541493050383, 110.85661119688302],
       [127.36194968214103, 36.37541226138439, 110.60024219192564],
       [127.36193569840053, 36.37540182810404, 110.32604743633419],
       [127.36192000986776, 36.37540005361287, 112.49948047380894],
       [127.36194418700279, 36.37539692138154, 113.86815636325628],
       [127.36195316491474, 36.37539250534255, 115.69833043683320],
       [127.36195400444309, 36.37539692509187, 113.30888415407389],
       [127.36195377595972, 36.37538189594545, 116.72976144496351],
       [127.36197288105703, 36.37538005797051, 116.36433062702417],
       [127.36195777647094, 36.37541063420797, 115.54320421069860],
       [127.36193670030332, 36.37540842678162, 115.73978226073086],
       [127.36195527499967, 36.37537865002470, 119.56570110470057],
       [127.36195286427377, 36.37537968725407, 122.13832394499332],
       [127.36195515322338, 36.37536641343810, 123.90680409129709],
       [127.36193304507351, 36.37535181900606, 118.90453930757940],
       [127.36193342094150, 36.37536840142911, 121.46167126577348],
       [127.36189085358684, 36.37538255410991, 117.14961014781147],
       [127.36192214796776, 36.37534825085609, 113.51238016784191],
       [127.36193561466891, 36.37538086124150, 111.42950198147446],
       [127.36194127471470, 36.37538595973985, 112.13730627391487],
       [127.36194379345078, 36.37538142849976, 113.36868420615792],
       [127.36193261228168, 36.37534734362849, 126.50815990846604],
       [127.36193090003681, 36.37534039590427, 126.70575482025743],
       [127.36193639974643, 36.37534635903823, 123.78210543375462],
       [127.36193171485451, 36.37534882937264, 120.74109644629061],
       [127.36190426173420, 36.37537561462690, 117.25938638392836],
       [127.36189477569899, 36.37539093663971, 112.78139625489712],
       [127.36190027802034, 36.37537631487074, 117.16286924574524],
       [127.36189663687615, 36.37539867113991, 115.30499172490090],
       [127.36192090497363, 36.37539845527648, 106.01009861938655],
       [127.36191626414859, 36.37540610151633, 110.77797850687057],
       [127.36191998587111, 36.37541844597265, 108.00224537029862],
       [127.36191405680931, 36.37541379981704, 105.94228039775044],
       [127.36192319300464, 36.37543247170625, 99.15468962676823],
       [127.36192413382513, 36.37542674168741, 99.54436496365815],
       [127.36191967829050, 36.37541508996940, 100.44570682570338],
       [127.36193341367951, 36.37543755721145, 98.31380849331617],
       [127.36193373682856, 36.37542031903143, 100.53159556444734],
       [127.36193180387856, 36.37542234264246, 100.17151187732816],
       [127.36193124271163, 36.37544786116464, 97.45429111178964],
       [127.36192561702192, 36.37543764052881, 101.14890208654106],
       [127.36189732952771, 36.37543345783933, 97.09898135904223],
       [127.36190759160878, 36.37543842740622, 92.96925346180797],
       [127.36193328057024, 36.37544085751204, 91.57307546958327],
       [127.36192836554591, 36.37547253338222, 95.26993413269520],
       [127.36191042578641, 36.37544674737067, 95.62925100047141],
       [127.36191153290831, 36.37543934312819, 101.22638089861721],
       [127.36189850042530, 36.37545407978218, 95.16213148366660],
       [127.36190068765927, 36.37545288274512, 97.20829093363136],
       [127.36191368558471, 36.37544053883605, 97.46631799172610],
       [127.36190289607245, 36.37543901421351, 92.69629514310509],
       [127.36190882026024, 36.37544872629771, 86.27946361899376],
       [127.36189666454372, 36.37543006414469, 90.66849620174617],
       [127.36187625977441, 36.37542270493807, 94.71973667852581],
       [127.36186904834247, 36.37543979524722, 91.72352432273328],
       [127.36187919420223, 36.37543579175441, 90.68571995850652],
       [127.36188532573540, 36.37544147568007, 90.60462807770818],
       [127.36188631289507, 36.37545491191025, 87.46630041860044],
       [127.36187121727625, 36.37546616944289, 85.15664733294398],
       [127.36187809543341, 36.37544794195108, 91.66252867039293],
       [127.36188830997638, 36.37545802149037, 92.92460315581411],
       [127.36189665448600, 36.37545920002560, 92.77140559442341],
       [127.36189692711760, 36.37544541379414, 93.44079959858209],
       [127.36190037051948, 36.37545374564133, 88.97684155404568],
       [127.36189872534443, 36.37544887941464, 88.69696709699929],
       [127.36189689752284, 36.37542721148291, 92.17643501516432],
       [127.36190695402549, 36.37546175038976, 88.74442524649203],
       [127.36189031363544, 36.37546758382034, 77.69329343736172],
       [127.36188493115718, 36.37546992290161, 78.70543610397726],
       [127.36188573091806, 36.37549442769095, 76.09580574557185],
       [127.36190081647095, 36.37547757093451, 81.30744005739689],
       [127.36191766593488, 36.37547510685198, 86.25409231148660],
       [127.36192149372570, 36.37546524588122, 85.88057116046548],
       [127.36190960916711, 36.37545000884466, 87.74800780322403],
       [127.36189519943206, 36.37544213802502, 94.72974950447679],
       [127.36188922669280, 36.37542617308770, 95.74954248219728],
       [127.36187299439865, 36.37545907719677, 90.31976252887398],
       [127.36186800903330, 36.37544997397779, 92.00817690603435],
       [127.36187566788809, 36.37546365955125, 90.79531828127801],
       [127.36190010367466, 36.37545419653048, 92.79819940868765],
       [127.36190558386538, 36.37543841084975, 89.38132666330785],
       [127.36188386860532, 36.37545655398450, 86.85381902288646],
       [127.36185315121303, 36.37546222743352, 81.61082061845809],
       [127.36186510566745, 36.37546396383519, 86.23950607702136],
       [127.36187123668709, 36.37546703146037, 92.71589196939021],
       [127.36189775812652, 36.37546565417359, 92.00936784967780],
       [127.36187620028782, 36.37545243303118, 97.30283479765058],
       [127.36188495927303, 36.37544143288715, 93.29511200543493],
       [127.36189516762006, 36.37545155116275, 92.02710476983339],
       [127.36188387451952, 36.37546765647583, 88.61179831903428],
       [127.36187827545098, 36.37548727272996, 81.63984675891697],
       [127.36187004526386, 36.37548357639744, 81.05183970648795],
       [127.36189362286675, 36.37547362260685, 80.47521035186946],
       [127.36188758957583, 36.37546968294704, 84.69380437117070],
       [127.36190251460653, 36.37548308642484, 80.75183682143688],
       [127.36187854144593, 36.37550834810565, 74.56001883558929],
       [127.36188038861637, 36.37549634600082, 84.26907403860241],
       [127.36188249545553, 36.37550013436508, 88.40876709576696],
       [127.36189095254761, 36.37544417088613, 99.23483120556921],
       [127.36189140573347, 36.37542797397524, 94.71869282331318],
       [127.36187402977156, 36.37543651115772, 92.10879735928029],
       [127.36188461520828, 36.37547027841699, 87.15842552483082],
       [127.36189917835067, 36.37544899378882, 88.70507800672203],
       [127.36189627204860, 36.37544134423332, 92.50141949113458],
       [127.36187616792434, 36.37542668025242, 97.12852896749973],
       [127.36188529287966, 36.37541395135655, 100.53364618401974],
       [127.36188087902865, 36.37540391016141, 103.32176752109081],
       [127.36189786054612, 36.37543008697514, 97.51451324764639],
       [127.36190222262840, 36.37543686086327, 94.06398628931493],
       [127.36188396804209, 36.37543811088279, 98.93005180545151],
       [127.36187656270887, 36.37543260674573, 94.87972302827984],
       [127.36188574069698, 36.37541809027795, 98.75098797399551],
       [127.36189191724449, 36.37543211560615, 97.79903180152178],
       [127.36190808269623, 36.37543660329345, 99.59837115369737],
       [127.36188939836022, 36.37543771531968, 93.09184221550822],
       [127.36189409426561, 36.37544998528257, 96.59696114622056],
       [127.36188632369949, 36.37542115382662, 97.86416327301413],
       [127.36188619144126, 36.37544478125309, 94.54991395492107],
       [127.36186865069115, 36.37542367006700, 99.58597228769213],
       [127.36188413275836, 36.37544244105414, 97.57975625339895],
       [127.36188841373614, 36.37541810825585, 94.58819001633674],
       [127.36187575918112, 36.37543000786323, 96.20214857812971],
       [127.36189905733050, 36.37542467545395, 96.81296457722783],
       [127.36188525291497, 36.37543034643100, 89.47187667898834],
       [127.36185923307826, 36.37542596146055, 93.54790515545756],
       [127.36189179369974, 36.37540555873291, 102.89219669066370],
       [127.36187870917641, 36.37537880547498, 113.58812375459820],
       [127.36187940139662, 36.37541640302939, 103.60564017295837],
       [127.36190229900046, 36.37543606005568, 92.99321382492781],
       [127.36188897760498, 36.37541658594501, 98.75061729829758],
       [127.36188234669923, 36.37539078372553, 105.95487236697227],
       [127.36188976111588, 36.37541156024582, 102.42890654038638],
       [127.36191194843516, 36.37543296138670, 94.49423376377672],
       [127.36188645539377, 36.37545127433441, 92.34982123691589],
       [127.36188363157946, 36.37544663907117, 94.79810061864555],
       [127.36191730451746, 36.37541789444828, 101.72696939576417],
       [127.36192357267147, 36.37540537664207, 103.20273101236671],
       [127.36190824788142, 36.37542173481852, 100.64851860050112],
       [127.36189557203393, 36.37543677717177, 100.51207040995359],
       [127.36188750195939, 36.37544359214296, 99.01478943601251],
       [127.36189097620893, 36.37544164049044, 98.27084790542722],
       [127.36190669186792, 36.37542437950265, 100.43404845427722],
       [127.36190671067193, 36.37541986164288, 98.55751674156636],
       [127.36190306558244, 36.37542129459370, 98.38632533885539],
       [127.36189674291295, 36.37541233426189, 97.60335833579302],
       [127.36189104052147, 36.37542837872311, 99.85567823704332],
       [127.36189954900665, 36.37542863529176, 95.61433974001557],
       [127.36191535389274, 36.37541926686256, 96.07531815208495],
       [127.36191747393946, 36.37542812330642, 98.51986776757985],
       [127.36191547220410, 36.37546087292165, 90.45916446577758],
       [127.36190761738622, 36.37542749819265, 102.62717605475336],
       [127.36188844378798, 36.37544753925527, 99.45501856692135],
       [127.36187832631576, 36.37543572690240, 96.95453495625407],
       [127.36190821249978, 36.37543180401570, 101.53621575795114],
       [127.36189967672860, 36.37544905106600, 97.10079099331051],
       [127.36190998198903, 36.37543482757548, 99.09434331860393],
       [127.36191404137112, 36.37541533592654, 102.89457624964416],
       [127.36191803084633, 36.37541947701855, 100.45619865506887],
       [127.36190833554895, 36.37541850365795, 95.63275201898068],
       [127.36190085665064, 36.37542183408760, 93.64099299255759],
       [127.36190866397300, 36.37540267747031, 94.39261769223958],
       [127.36190186350828, 36.37540919772169, 89.50405128020793],
       [127.36190342056148, 36.37538600590968, 97.37189550418407],
       [127.36190345174917, 36.37539148772651, 105.31138323154300],
       [127.36191296799888, 36.37539405025263, 102.70638779457659],
       [127.36190645770917, 36.37542387604991, 98.99116269778460],
       [127.36190506899345, 36.37542083458423, 95.66595412511379],
       [127.36189456321267, 36.37543812421438, 98.63149130064994],
       [127.36191392024693, 36.37544149834379, 98.43032964412123],
       [127.36194273378412, 36.37542371001269, 103.37017167825252],
       [127.36195910805866, 36.37541325198974, 102.48836058843881],
       [127.36195251160463, 36.37542750407070, 95.08468382433057],
       [127.36195299094614, 36.37543161677100, 92.41447415668517],
       [127.36194518312547, 36.37542763379145, 103.56828515138477],
       [127.36194385666020, 36.37545174330662, 95.97140498738736],
       [127.36194243393398, 36.37544559768360, 96.47567312605679],
       [127.36196075820597, 36.37544427413210, 98.12186087574810],
       [127.36193920099159, 36.37542274345910, 100.31297864299268],
       [127.36193644056421, 36.37542223118949, 102.58342712651938],
       [127.36193722366932, 36.37540757519457, 106.45058761350811],
       [127.36193807703557, 36.37544224457621, 99.82963878288865],
       [127.36193452820925, 36.37543831366866, 97.59531412273645],
       [127.36193378920113, 36.37543773390276, 92.63494801148772],
       [127.36194469916542, 36.37545163151299, 92.26697599701583],
       [127.36194848228611, 36.37546471267214, 89.26154162827879],
       [127.36197038620332, 36.37545534111752, 85.04372349102050],
       [127.36198244769082, 36.37542019968899, 93.02216654084623],
       [127.36198308014842, 36.37544281097234, 93.05659031309187],
       [127.36196837268537, 36.37542031708394, 98.70928942225873],
       [127.36196776734747, 36.37542319797529, 103.75304496660829],
       [127.36197233689387, 36.37539828224526, 106.08629283402115],
       [127.36195980265823, 36.37540834674140, 107.65222297795117],
       [127.36194672753737, 36.37545936728839, 101.14797827601433],
       [127.36197354357209, 36.37544346332633, 102.44677773863077],
       [127.36195845591828, 36.37543784517347, 96.51716199051589],
       [127.36195345390691, 36.37542793749045, 95.57293457724154],
       [127.36195355511626, 36.37544995979053, 95.39547640737146],
       [127.36197037219056, 36.37543979771289, 97.21053958684206],
       [127.36195015943301, 36.37542304726964, 97.26498705428094],
       [127.36195389182443, 36.37544067867490, 95.13598746526986],
       [127.36197127470199, 36.37544150568646, 91.68513483274728],
       [127.36197351040751, 36.37543095588980, 102.18831819482148],
       [127.36196340791643, 36.37542485309065, 103.68080955836922],
       [127.36195725906302, 36.37545271013151, 100.67517689242959],
       [127.36194893655430, 36.37545495422552, 102.40902950428426],
       [127.36195355413054, 36.37544091010568, 97.62096565123647],
       [127.36195202698413, 36.37539098522972, 105.93964400328696],
       [127.36194857982893, 36.37540147913931, 101.16167615912855],
       [127.36196867020107, 36.37540538357707, 105.11351353116333],
       [127.36195579575661, 36.37542989021006, 101.20727231726050],
       [127.36194627110882, 36.37542239544234, 90.72948931250721],
       [127.36195545175485, 36.37542956573146, 92.88429681397974],
       [127.36198212888901, 36.37543839340016, 88.64568462222815],
       [127.36197479381372, 36.37542559411116, 99.38178397808224],
       [127.36196177914127, 36.37543062443624, 101.90021261479706],
       [127.36196529492948, 36.37541403941597, 106.14269871357828],
       [127.36197677214172, 36.37541431222581, 102.95758442208171],
       [127.36194554837135, 36.37543231164655, 102.79406515136361],
       [127.36196163779192, 36.37543176545481, 107.11170671042055],
       [127.36194755184125, 36.37547189103739, 95.99438505619764],
       [127.36196659936036, 36.37546271416255, 95.60015780013055],
       [127.36196563956739, 36.37543515322992, 96.84073459357023],
       [127.36197462391206, 36.37543245751719, 91.75681077409536],
       [127.36198749177559, 36.37546408300244, 88.98505334649235],
       [127.36198237650977, 36.37547224221365, 88.21081972494721],
       [127.36200305016609, 36.37547274974514, 91.92611492145807],
       [127.36199764444648, 36.37545911556629, 92.61013234220445],
       [127.36199621999381, 36.37544936159049, 93.40572326723486],
       [127.36197405914550, 36.37545549783719, 96.92836580332369],
       [127.36198132260527, 36.37546412341670, 91.74952671770006],
       [127.36197684782073, 36.37545120304124, 95.38071670569479],
       [127.36196627067442, 36.37546527706358, 93.74942929297686],
       [127.36197777508481, 36.37546812595123, 92.36523433122784],
       [127.36198472958071, 36.37548257092901, 94.11510147619992],
       [127.36198644170696, 36.37547477778488, 91.65327224414796],
       [127.36196419251260, 36.37546128919930, 87.12475555576384],
       [127.36198054065504, 36.37544569088718, 90.89845129381865],
       [127.36196843531131, 36.37547343985435, 94.42209647316486],
       [127.36197268198163, 36.37549327788667, 89.42888219561428],
       [127.36196533311893, 36.37547219629951, 90.86675247643143],
       [127.36197405051742, 36.37547109808311, 93.79999529849738],
       [127.36196910924313, 36.37545149432229, 100.36078664939851],
       [127.36196218807969, 36.37545933647380, 96.98797569423914],
       [127.36197187167834, 36.37545499832968, 98.61319038923830],
       [127.36196424154419, 36.37544975693537, 97.26726270094514],
       [127.36197860620510, 36.37546041204918, 92.44773466233164],
       [127.36197575692141, 36.37546402729519, 92.67680362705141],
       [127.36196938658341, 36.37546227021818, 94.87032253760844],
       [127.36195290910972, 36.37548807127425, 92.09240909852087],
       [127.36194138951618, 36.37546840993192, 93.98645979817957],
       [127.36193773358524, 36.37547609424152, 95.68959422595799],
       [127.36195985175068, 36.37546763839669, 99.01781358290464],
       [127.36200050574354, 36.37543580455058, 103.04361727740616],
       [127.36199652233104, 36.37542971155241, 98.14005709998310],
       [127.36198481724257, 36.37542499843308, 97.34096499718726],
       [127.36195994975108, 36.37545008004520, 95.12843511905521],
       [127.36196030143142, 36.37547443968243, 94.61823732126504],
       [127.36195948697672, 36.37548632497500, 94.05941845197231],
       [127.36196220354314, 36.37547934947017, 89.04122717771679],
       [127.36195619182736, 36.37547065439840, 91.35149421915412],
       [127.36195697433565, 36.37549526525383, 88.53342541866004],
       [127.36194056402756, 36.37545542407130, 95.69415796175599],
       [127.36193970951444, 36.37546628986262, 91.57984327245504],
       [127.36195314159642, 36.37546038250547, 93.30898311361670],
       [127.36194240739100, 36.37550004636908, 91.46384279616177],
       [127.36194042185852, 36.37547477968685, 93.94168680440634],
       [127.36192612969113, 36.37545465509165, 97.00873269885778],
       [127.36194169544594, 36.37548072755860, 96.65303740091622],
       [127.36195038304660, 36.37545142243760, 97.18796423356980],
       [127.36194871449869, 36.37546925879428, 90.05740206502378],
       [127.36195187178404, 36.37545280104253, 94.78036839980632],
       [127.36195473133087, 36.37545907172858, 94.56250807270408],
       [127.36195423875147, 36.37546149126154, 93.84421618375927],
       [127.36191466582557, 36.37549123751862, 89.28730491548777],
       [127.36191709507209, 36.37548898671516, 88.44421085808426],
       [127.36192614046701, 36.37548029510271, 89.73104221373796],
       [127.36194128904260, 36.37546299444995, 92.93387737218291],
       [127.36194809573158, 36.37547593606807, 95.32842817995697],
       [127.36196551430467, 36.37545105637321, 95.08980782981962],
       [127.36193848614560, 36.37544364107850, 96.22711496241391],
       [127.36192488264938, 36.37546476967825, 95.45448452793062],
       [127.36191745515838, 36.37547056604753, 89.71320174727589],
       [127.36193228566634, 36.37545774596823, 92.83194574154913],
       [127.36194084878991, 36.37545819626219, 96.35205651447177],
       [127.36193734898949, 36.37544638381021, 98.92259672190994],
       [127.36193933485319, 36.37545057531516, 90.18873956147581],
       [127.36194078166554, 36.37545096677088, 88.43682913668454],
       [127.36194990623271, 36.37546523143721, 86.36528563685715],
       [127.36193477010320, 36.37545938556450, 89.28633734025061],
       [127.36190950794553, 36.37546152926827, 93.05918667837977],
       [127.36191455529836, 36.37545029581555, 97.19981410074979],
       [127.36191063487129, 36.37543139142382, 99.15843907650560],
       [127.36191014691316, 36.37543640156463, 100.40630728472024],
       [127.36193262640083, 36.37545463048991, 92.48599064070731],
       [127.36192787129961, 36.37542517710662, 97.44248905312270],
       [127.36192987073755, 36.37541545333762, 95.67947593145072],
       [127.36194005323844, 36.37545669322497, 90.81650332361460],
       [127.36193549427141, 36.37545783351049, 94.84284575562924],
       [127.36192056266724, 36.37543339896346, 95.14277082122862],
       [127.36191425048408, 36.37543106811594, 95.25564835965633],
       [127.36190884905020, 36.37543370923419, 92.65895118750632],
       [127.36192133858491, 36.37540777977476, 101.64197024982423],
       [127.36191725179295, 36.37539443464210, 104.66809109132737],
       [127.36191054526165, 36.37541972025209, 101.65304183494300],
       [127.36191975047525, 36.37541874236732, 100.77674237824976],
       [127.36190257225046, 36.37542336612856, 105.37142784055322],
       [127.36190402646963, 36.37542137361941, 98.01531400252134],
       [127.36189383284136, 36.37540633157373, 100.95487518515438],
       [127.36189893664064, 36.37539576954223, 96.25399861298501],
       [127.36189700170249, 36.37543085687752, 91.13896723277867],
       [127.36188119349184, 36.37544677736130, 91.47927720844746],
       [127.36187605401231, 36.37545702168496, 92.22663777507842],
       [127.36187726610554, 36.37544299847310, 92.34308745060116],
       [127.36190008803625, 36.37541667036649, 98.80850823596120],
       [127.36189511673943, 36.37543112070324, 101.98331822268665],
       [127.36189929391185, 36.37541272181166, 103.37865298893303],
       [127.36190686290735, 36.37542285867532, 102.99645418860018],
       [127.36188335261117, 36.37543812935350, 92.97428426332772],
       [127.36189799753025, 36.37542205681520, 95.28211696352810],
       [127.36188769844715, 36.37541184084558, 103.64266158919781],
       [127.36187685329840, 36.37543550668484, 97.98045672755688],
       [127.36187590409673, 36.37543942677253, 94.06480340939015],
       [127.36188643589145, 36.37541203548804, 99.08618550654501],
       [127.36190147700410, 36.37539344145141, 100.58363792952150],
       [127.36190007189417, 36.37541359698739, 99.41657709889114],
       [127.36188666164480, 36.37543072129021, 94.77669436018914],
       [127.36186661387956, 36.37542471690293, 94.57709535118192],
       [127.36187496635341, 36.37541298750506, 95.86291078105569],
       [127.36187669042883, 36.37542601471239, 93.37966183107346],
       [127.36188897413913, 36.37542309085160, 99.35887423716486],
       [127.36187656164215, 36.37544046316735, 98.91197421681136],
       [127.36190417571092, 36.37542606886640, 101.88567433226854],
       [127.36188747917804, 36.37542269792478, 97.67732099909335],
       [127.36188118725197, 36.37543153393563, 91.11466177832335],
       [127.36187871291048, 36.37543620054095, 90.46426882967353],
       [127.36186945885279, 36.37541284285403, 92.29906010068953],
       [127.36186582505820, 36.37541893115385, 94.48580697644502],
       [127.36186243218562, 36.37543892782980, 96.69141768943518],
       [127.36187368753370, 36.37543814357910, 94.11205495242029],
       [127.36191888334319, 36.37541467471722, 94.47017893381417],
       [127.36189335328412, 36.37538852330557, 97.48728814907372],
       [127.36189579792956, 36.37540206184081, 99.42969774734229],
       [127.36189106162944, 36.37540125295492, 100.77478791214526],
       [127.36187391641937, 36.37543256177001, 92.71848496329039],
       [127.36189990745346, 36.37537651426831, 107.57236657757312],
       [127.36190048943421, 36.37541168411326, 97.21531673427671],
       [127.36189423084069, 36.37540784185811, 100.18152737524360],
       [127.36190061380962, 36.37544388119679, 95.80451306048781],
       [127.36188416677193, 36.37543349782592, 90.21943144872785],
       [127.36190256268911, 36.37545404883268, 85.82841720245779],
       [127.36190761306067, 36.37542834287579, 92.77108933497220],
       [127.36190270744035, 36.37541445223848, 95.63696353416890],
       [127.36191351499390, 36.37544974128113, 94.98772430140525],
       [127.36189512871306, 36.37543278702375, 98.03037531673908],
       [127.36189808088245, 36.37545414781599, 92.81927665509284],
       [127.36191278755332, 36.37544665588267, 92.92218768969178],
       [127.36191100128811, 36.37543986254419, 90.21996794641018],
       [127.36193078021320, 36.37543284630893, 95.12017360981554],
       [127.36191593411934, 36.37543849413268, 94.08405186049640],
       [127.36192188134125, 36.37545763392939, 89.55604647472501],
       [127.36194268586331, 36.37546211828133, 90.11210313439369],
       [127.36193968557146, 36.37543828219992, 85.54788652621210],
       [127.36193770161356, 36.37544188630056, 86.53817665483803],
       [127.36194184884316, 36.37546726870914, 87.23014386650175],
       [127.36191245187631, 36.37537316939532, 108.16478185355663],
       [127.36192801101264, 36.37537477739811, 108.89926356077194],
       [127.36193425102269, 36.37536920013702, 107.19152657501400],
       [127.36192805202596, 36.37541523905826, 94.07335607986897],
       [127.36192196980468, 36.37541649699730, 93.95937365293503],
       [127.36192543345545, 36.37537610913075, 105.93981024716049],
       [127.36190163207746, 36.37536043324530, 109.17179668601602],
       [127.36191847178500, 36.37539208591772, 102.94825580343604],
       [127.36192772541371, 36.37541942705349, 93.42564515396953],
       [127.36192634876404, 36.37537619712015, 99.27197554055601],
       [127.36190941211186, 36.37537047639240, 104.13536063302308],
       [127.36190711610855, 36.37535040602342, 114.57318196073174],
       [127.36192209671769, 36.37540133783673, 110.06993817724288],
       [127.36194255763259, 36.37538916504700, 110.70896417554468],
       [127.36193758926314, 36.37537666435811, 109.50491150189191],
       [127.36194083374585, 36.37537132424718, 107.30753391794860],
       [127.36194046449108, 36.37542897339768, 96.76006484683603],
       [127.36195352375866, 36.37540182401330, 100.49112335126847],
       [127.36194696511352, 36.37539401495295, 102.63138560578227],
       [127.36195748208412, 36.37541296172733, 100.00178053416312],
       [127.36194433711047, 36.37540495243452, 102.64182793535292],
       [127.36194494845783, 36.37542150390523, 101.36227495316416],
       [127.36196542678866, 36.37540598657267, 104.86544654704630],
       [127.36197392298527, 36.37542924007101, 95.87091245036572],
       [127.36195967942332, 36.37543192437005, 96.10642566345632],
       [127.36196824621115, 36.37542652660628, 101.20235693454742],
       [127.36196373547459, 36.37543522906108, 100.67345344088972],
       [127.36196890048822, 36.37544385747076, 91.95323088578880],
       [127.36197116259623, 36.37544885297272, 92.30023238901049],
       [127.36195672846644, 36.37543677246996, 93.88592874817550],
       [127.36196032473995, 36.37543850885228, 94.60295366216451],
       [127.36196513133648, 36.37541645328877, 99.58234546519816],
       [127.36195779124769, 36.37542636365009, 95.49563540425152],
       [127.36195985881869, 36.37541229374260, 93.81868932954967],
       [127.36195310335746, 36.37541760783647, 96.41488584969193],
       [127.36195716196698, 36.37543851242525, 97.86986060347408],
       [127.36193909957480, 36.37541561742133, 100.22879059519619],
       [127.36194825983165, 36.37539040359780, 101.55102121550590],
       [127.36198275447140, 36.37541926850000, 102.09797486942261],
       [127.36198992423654, 36.37540145658028, 103.91636448074132],
       [127.36198961600779, 36.37541189208925, 93.77361691929400],
       [127.36197321890445, 36.37542734765545, 95.27832657471299],
       [127.36193779479483, 36.37537757201218, 106.31763422954828],
       [127.36194086122266, 36.37542415628452, 99.34528060164303],
       [127.36191430763714, 36.37542188183687, 98.98937460314482],
       [127.36191464508320, 36.37539660422743, 101.08013261947781],
       [127.36192091516772, 36.37539948027194, 103.44922242686152],
       [127.36193782063816, 36.37539620597344, 99.98714805953205],
       [127.36193337640935, 36.37542484924587, 95.44480640254915],
       [127.36194932425252, 36.37546043825586, 94.98366622067988],
       [127.36193601368696, 36.37540789599039, 101.00448441877961],
       [127.36195116000680, 36.37541782389388, 98.90782543737441],
       [127.36193387954064, 36.37540759290673, 100.78457145392895],
       [127.36192255809512, 36.37542535553596, 100.24723542388529],
       [127.36193291499683, 36.37541776989795, 96.46225060895085],
       [127.36196259508853, 36.37547125705554, 87.79186891112477],
       [127.36195694624617, 36.37544583989689, 90.89721160382032],
       [127.36194307784523, 36.37541655078955, 91.57206680998206],
       [127.36194235500871, 36.37546646192998, 85.10590541269630],
       [127.36193651776065, 36.37544969520476, 94.74092979449779],
       [127.36195137048826, 36.37544779795287, 90.46186000294983],
       [127.36196082982761, 36.37543292552470, 93.27032562810928],
       [127.36193037426933, 36.37544986918306, 94.40991512686014],
       [127.36193057044740, 36.37545461435292, 93.95585287362337],
       [127.36196191313881, 36.37543706752820, 94.01418388076127],
       [127.36194978547705, 36.37544307954843, 93.99595085997134],
       [127.36195680119590, 36.37543982912901, 95.29463447444141],
       [127.36197014417189, 36.37542523354767, 100.46979692671448],
       [127.36193699363656, 36.37543582435747, 97.21790044475347],
       [127.36193620368660, 36.37545049226804, 93.01521731074899],
       [127.36191440665050, 36.37544734694309, 94.06920275650918],
       [127.36192034427580, 36.37544911049313, 91.53839210048318],
       [127.36193849337967, 36.37544305149945, 95.44958533812314],
       [127.36194383509039, 36.37541064232011, 106.10710282158107],
       [127.36194220971637, 36.37541459748709, 104.93923214916140],
       [127.36194012799128, 36.37541314144005, 101.17406587768346],
       [127.36192812080694, 36.37538700833858, 104.03496297169477],
       [127.36191734712735, 36.37539393038027, 100.16535661276430],
       [127.36191971278052, 36.37541416046881, 97.31305659003556],
       [127.36192825712413, 36.37542633213198, 97.04501378163695],
       [127.36193815182308, 36.37539028276108, 104.56330990698189],
       [127.36196429552690, 36.37541650157031, 102.33278647996485],
       [127.36194262471997, 36.37543663675639, 91.07457606960088],
       [127.36195877535009, 36.37540466212817, 99.60073472280055],
       [127.36194710361029, 36.37537241713558, 110.39608680456877],
       [127.36195054074886, 36.37537308319731, 108.44134957809001],
       [127.36194488051729, 36.37539193174751, 103.15996581595391],
       [127.36193882317782, 36.37543220221826, 93.03426538035274],
       [127.36193121779051, 36.37544874482348, 92.23543917667121],
       [127.36193197218014, 36.37539793915212, 102.28568972833455],
       [127.36193101672276, 36.37537604846236, 109.21852260176092],
       [127.36191517346198, 36.37540569639250, 103.25141732487828],
       [127.36193792986522, 36.37538738931002, 100.67063931003213],
       [127.36192536803034, 36.37539836189904, 99.34679325204343],
       [127.36192790939214, 36.37542468892276, 97.15039135050029],
       [127.36193588114440, 36.37541691139054, 95.28949316311628],
       [127.36191875135982, 36.37538035069827, 104.08690824452788],
       [127.36191732308019, 36.37538584499607, 104.33618712984025],
       [127.36193033170029, 36.37543331920406, 99.43341595679522],
       [127.36194888805818, 36.37545244150505, 97.05821427050978],
       [127.36194939668660, 36.37543069336088, 97.87583307735622],
       [127.36195109580262, 36.37544152730132, 96.42658088356256],
       [127.36193109683279, 36.37540173848239, 103.01769159454852],
       [127.36191346542020, 36.37533759620965, 104.09140307549387],
       [127.36190921787541, 36.37534473862447, 103.78478034399450],
       [127.36191189860627, 36.37536749672555, 103.32747675292194],
       [127.36190065521940, 36.37539068658661, 97.50309195462614],
       [127.36189788689460, 36.37541168746871, 95.76842525042593],
       [127.36190601064426, 36.37541098319215, 99.68429267872125],
       [127.36190836953440, 36.37539193493524, 104.91371985524893],
       [127.36192309830516, 36.37541803642073, 99.27301166113466],
       [127.36189211865386, 36.37537872518218, 103.28319107461721],
       [127.36188699440484, 36.37538510637611, 102.24926303047687],
       [127.36188869756782, 36.37536945809482, 105.81604002509266],
       [127.36190510580327, 36.37539452804643, 101.15190214384347],
       [127.36189934267068, 36.37536443668138, 102.23562205210328],
       [127.36188858098309, 36.37536822465216, 101.35574359446764],
       [127.36188913421304, 36.37541010820869, 90.20118984580040],
       [127.36190577395232, 36.37540153131449, 92.55803204420954],
       [127.36189678761826, 36.37539149084629, 95.70778236445040],
       [127.36190638699006, 36.37541216563852, 98.48433456569910],
       [127.36189851151768, 36.37541457041313, 100.49375083297491],
       [127.36188036179892, 36.37539960453800, 98.44996978435665],
       [127.36188316255092, 36.37537186164697, 105.47991948202252],
       [127.36189941815609, 36.37537045386469, 104.15700383111835],
       [127.36190060128426, 36.37539552571555, 98.81830145139247],
       [127.36192542193059, 36.37539513976462, 100.41137621365488],
       [127.36192846659407, 36.37541363728929, 96.31381550151855],
       [127.36189300133509, 36.37541824176601, 89.58451739884913],
       [127.36191088204667, 36.37540783178618, 96.18996527884156],
       [127.36190539346529, 36.37540823541388, 91.48719971626997],
       [127.36192064744861, 36.37542963341434, 87.32182116713375],
       [127.36192654862927, 36.37541475721486, 89.96310005430132],
       [127.36191337547241, 36.37540171089064, 96.61304989084601],
       [127.36190972813334, 36.37542782690203, 93.98637365084141],
       [127.36189266096194, 36.37544879939507, 90.94253314938396],
       [127.36189854882045, 36.37544667333076, 92.73898968566209],
       [127.36192694867410, 36.37543164541295, 95.52486227545887],
       [127.36190643355710, 36.37542337079494, 94.49512087646872],
       [127.36188968583316, 36.37541341994303, 97.01454768981785],
       [127.36189471346792, 36.37542963165914, 92.44102917704731],
       [127.36190064130483, 36.37544782174901, 83.83679500781000],
       [127.36189682281406, 36.37545744749247, 78.67725487146527],
       [127.36189135945844, 36.37540114574549, 93.52351596858352],
       [127.36189012064817, 36.37540887832316, 96.91864138841629],
       [127.36188305703867, 36.37542917912750, 97.11412720941007],
       [127.36189054087068, 36.37542929371724, 94.61682495102286],
       [127.36191641947912, 36.37544951355708, 88.98011853639036],
       [127.36190964290850, 36.37543042800198, 98.25602816976607],
       [127.36190487976823, 36.37544782008973, 91.17177098058164],
       [127.36189559589559, 36.37545276083569, 90.77507099322975],
       [127.36189523576526, 36.37543242028183, 90.88250407576561],
       [127.36187045411680, 36.37542951391005, 88.46697257272899],
       [127.36188056481151, 36.37540329290706, 94.80780348461121],
       [127.36188363248498, 36.37542493152331, 91.83110215142369],
       [127.36189550610113, 36.37545378962227, 89.41470259986818],
       [127.36192085314104, 36.37543929999134, 95.92087851744145],
       [127.36191657922683, 36.37544647682434, 91.30096494313329],
       [127.36191715863949, 36.37543068808484, 97.40456249471754],
       [127.36191911265442, 36.37545291435845, 94.90458840969950],
       [127.36191798906219, 36.37544951740949, 94.92968943621963],
       [127.36190060847346, 36.37543109889735, 97.67751314304769],
       [127.36190164206140, 36.37542431258667, 97.68023856915534],
       [127.36191793979384, 36.37542470508198, 94.02185546327382],
       [127.36192328692022, 36.37541497530253, 97.87105134036392],
       [127.36194106654563, 36.37541766758521, 99.06347058806568],
       [127.36189538804892, 36.37540350263448, 100.06459360849112],
       [127.36190671801232, 36.37541332961556, 98.81029375828803],
       [127.36193956033050, 36.37542141433936, 95.84499903023243],
       [127.36194685120005, 36.37542933047393, 96.72266450244933],
       [127.36195391392411, 36.37543527446319, 95.92655809596181],
       [127.36193162040608, 36.37544355134288, 99.55054109916091],
       [127.36193669357385, 36.37539907096210, 101.89683747664094],
       [127.36192891493147, 36.37542126218076, 97.58826978784055],
       [127.36194283567772, 36.37545950360089, 95.98979211784899],
       [127.36193227028421, 36.37545392734089, 101.39131286460906],
       [127.36192310491076, 36.37546640611487, 99.02972434554249],
       [127.36193972598568, 36.37544957533111, 101.96322501637042],
       [127.36193774530054, 36.37543911929315, 99.20067200530320],
       [127.36195467962632, 36.37545430820868, 92.30488900840282],
       [127.36195404157473, 36.37542793338903, 103.09906250238419],
       [127.36195114735267, 36.37541190531157, 107.91433362476528],
       [127.36193335834670, 36.37544731931005, 101.16925399471074],
       [127.36195864915381, 36.37545719230577, 100.58174574188888],
       [127.36193769008614, 36.37545700129844, 100.92493021488190],
       [127.36191962541444, 36.37541927057982, 107.36654368974268],
       [127.36192359848394, 36.37540551499875, 107.41956355981529],
       [127.36195980395834, 36.37541172997940, 108.89494026266038],
       [127.36196667685284, 36.37542506355580, 103.73880430404097],
       [127.36197080146583, 36.37546222985211, 96.28380516450852],
       [127.36196192838614, 36.37544984396576, 101.47908037435263],
       [127.36195045294261, 36.37543855376229, 103.93403071351349],
       [127.36194660779420, 36.37542361372896, 108.27616413217038],
       [127.36196279876057, 36.37543386199756, 106.45895300991833],
       [127.36196625727629, 36.37544026736847, 110.03885014820844],
       [127.36197746615608, 36.37543252660786, 104.95544151961803],
       [127.36196940295771, 36.37543121751149, 102.83845087047666],
       [127.36195993900932, 36.37540679936614, 105.93777349591255],
       [127.36194090861086, 36.37545355260330, 105.49882208928466],
       [127.36195417524870, 36.37541981013589, 107.72074802406132],
       [127.36196660225467, 36.37543333735255, 104.24969479441643],
       [127.36196978073906, 36.37545893839432, 99.76546095404774],
       [127.36194153181867, 36.37544968363543, 101.58892411086708],
       [127.36194539758890, 36.37546533035029, 98.66295140050352],
       [127.36194854583128, 36.37545184190381, 102.50053266808391],
       [127.36195100239121, 36.37542281240570, 106.17016059346497],
       [127.36196006541152, 36.37548278463029, 95.90373474545777],
       [127.36196223893597, 36.37545102831233, 103.74100783932954],
       [127.36197135770617, 36.37542895593273, 97.33199173677713],
       [127.36196758670189, 36.37546294312040, 95.37545598670840],
       [127.36195339683552, 36.37546274436398, 95.72414670884609],
       [127.36193686149070, 36.37547805011388, 86.91096162050962],
       [127.36192857315814, 36.37549814246285, 85.95275618787855],
       [127.36194156404848, 36.37547289305447, 93.60368509311229],
       [127.36195675113530, 36.37549683997479, 94.08756917342544],
       [127.36196037647424, 36.37549401611439, 92.80575336888433],
       [127.36193205755126, 36.37547570306244, 102.72760140616447],
       [127.36195505905749, 36.37548319833141, 97.17386084701866],
       [127.36195706071649, 36.37546902414482, 99.20809204503894],
       [127.36195276704574, 36.37546886506512, 96.34111220389605],
       [127.36195531230480, 36.37547225989626, 95.22327213175595],
       [127.36195921902669, 36.37547051721498, 98.71615295577794],
       [127.36193491499907, 36.37548458644326, 94.65116357803345],
       [127.36191645852774, 36.37546396965709, 95.39155658334494],
       [127.36193108805527, 36.37547937393555, 92.37858346384019],
       [127.36194725470816, 36.37543959079373, 99.19102905318141],
       [127.36197786268664, 36.37545431284818, 98.48674358613789],
       [127.36193902098270, 36.37547511061090, 96.25584184937179],
       [127.36193548087030, 36.37548459314247, 94.64831183850765],
       [127.36193696886586, 36.37546508990027, 97.00374398380518],
       [127.36192456034144, 36.37550316177006, 91.75058199279010],
       [127.36192826937413, 36.37549080283718, 91.33979965746403],
       [127.36193155932918, 36.37547886256155, 98.57201640494168],
       [127.36191801963940, 36.37546700884452, 99.39509898889810],
       [127.36194945002437, 36.37546382698299, 97.05412429198623],
       [127.36195552837762, 36.37544028260038, 99.98218506481498],
       [127.36192155830982, 36.37543634158544, 99.22852981369942],
       [127.36189671820794, 36.37545704268984, 100.65006252191961],
       [127.36190412084203, 36.37544349382561, 98.25669453758746],
       [127.36191492875749, 36.37544542390562, 99.20223665144295],
       [127.36194465796338, 36.37546322532251, 99.99936865177006],
       [127.36194893456472, 36.37546716776222, 98.14538570493460],
       [127.36192740927055, 36.37541317681434, 105.10558895301074],
       [127.36191263659356, 36.37541578036600, 104.14493741653860],
       [127.36192549244929, 36.37544630726019, 99.83087711594999],
       [127.36192736569269, 36.37542430132839, 108.37197188381106],
       [127.36191326091888, 36.37546599242331, 100.48036141879857],
       [127.36191455540815, 36.37545907468198, 99.14511181134731],
       [127.36190484080122, 36.37545053823448, 100.00300866831094],
       [127.36191206391990, 36.37547754743429, 95.32143805734813],
       [127.36191321080523, 36.37547704933678, 97.62593580782413],
       [127.36190884357697, 36.37546854911864, 93.32201397698373],
       [127.36193381887492, 36.37546077751385, 99.21246517449617],
       [127.36194374462237, 36.37546406250438, 105.41482499986887],
       [127.36192456398393, 36.37546213460021, 101.47288664244115],
       [127.36192666337004, 36.37544639470729, 103.09383433405310],
       [127.36192036272365, 36.37543523842631, 105.08438686281443],
       [127.36190762670957, 36.37548119041767, 101.18526871781796],
       [127.36191029640231, 36.37541689421163, 106.79894505813718],
       [127.36192429845323, 36.37541636571530, 105.17729273065925],
       [127.36190830100549, 36.37543917707093, 102.30814350768924],
       [127.36191974909525, 36.37543481119707, 103.45023937709630],
       [127.36188941563718, 36.37542930528804, 107.77397731598467],
       [127.36188274004627, 36.37539905624132, 121.93019421026111],
       [127.36188156192490, 36.37541477823510, 110.25187338981777],
       [127.36188495240835, 36.37542239214481, 104.02320643328130],
       [127.36188400702910, 36.37541570024535, 108.24808720592409],
       [127.36188582082822, 36.37539577774058, 109.90323806367815],
       [127.36188698686020, 36.37541561014480, 104.64347078092396],
       [127.36187524137740, 36.37543635602560, 105.83452109899372],
       [127.36188360955501, 36.37542130414262, 107.07756202574819],
       [127.36188736275187, 36.37542903259764, 106.92888392973691],
       [127.36189967418117, 36.37544402580951, 105.92389612272382],
       [127.36191626836603, 36.37544055614218, 111.96386619657278],
       [127.36190991025936, 36.37543455125004, 105.93063602596521],
       [127.36189209704703, 36.37542917755444, 104.18925791047513],
       [127.36189749985776, 36.37543924751145, 102.55095342174172],
       [127.36188732927445, 36.37543806023023, 101.73444857355207],
       [127.36189168099374, 36.37544238599421, 101.47016600705683],
       [127.36187446477277, 36.37541433023942, 102.45861335843801],
       [127.36187139834618, 36.37546413040246, 95.45484551973641],
       [127.36189060395270, 36.37545715437935, 92.18540855403990],
       [127.36189302932664, 36.37542744994288, 95.84741176385432],
       [127.36188687647237, 36.37544842677157, 100.55156391952187],
       [127.36189147889422, 36.37544870258898, 101.62618613149971],
       [127.36187644474411, 36.37542364992477, 98.44678072724491],
       [127.36187634273955, 36.37542694937582, 104.51950910873711],
       [127.36189095590248, 36.37544757030505, 99.25591999944299],
       [127.36189624335240, 36.37546281625991, 99.54683220945299],
       [127.36189660703064, 36.37548292119437, 89.88776998408139],
       [127.36190595352532, 36.37549210863486, 90.88629365153611],
       [127.36189252472332, 36.37548366838607, 88.50124773476273],
       [127.36189428864665, 36.37547634299553, 93.50472784135491],
       [127.36189994728454, 36.37546774149907, 97.63215513061732],
       [127.36190929445306, 36.37543030588569, 101.26158763933927],
       [127.36191950007225, 36.37541504351771, 103.10794958565384],
       [127.36192221033349, 36.37543840449477, 101.04378511011600],
       [127.36190867206149, 36.37547217398505, 102.72936679702252],
       [127.36188718326480, 36.37546024207904, 102.16232764720917],
       [127.36190568576045, 36.37544548663909, 98.61474779155105],
       [127.36188859833619, 36.37545504292381, 96.59516272507608],
       [127.36191090921642, 36.37545724489057, 95.59665373247117],
       [127.36192157609814, 36.37546480078871, 92.19723779056221],
       [127.36193051323943, 36.37548406115347, 87.92130684200674],
       [127.36189584910653, 36.37546487903109, 91.92562257498503],
       [127.36192393136540, 36.37545053180711, 99.06914301402867],
       [127.36191410284430, 36.37541814276322, 102.77147612720728],
       [127.36191195513844, 36.37544526587462, 104.64571511838585],
       [127.36189713792056, 36.37542865761890, 105.65792766585946],
       [127.36190158923459, 36.37545612408786, 101.97076786588877],
       [127.36191702659204, 36.37545863152018, 99.24394944310188],
       [127.36192830728977, 36.37545791241585, 93.53779376484454],
       [127.36191577885772, 36.37544479369723, 96.10760049521923],
       [127.36190931437450, 36.37544427881699, 98.51928979344666],
       [127.36190917941578, 36.37544598271708, 103.10091465339065],
       [127.36192670906193, 36.37544051634863, 101.16245173383504],
       [127.36191381260419, 36.37543943747696, 99.81164613272995],
       [127.36193840406354, 36.37543556196355, 101.20473419874907],
       [127.36193447648118, 36.37541955885843, 102.66701987106353],
       [127.36193695180853, 36.37540408594835, 106.82806664425880],
       [127.36193679326726, 36.37541626431471, 105.77975112479180],
       [127.36193531270379, 36.37547425683332, 95.33948766160756],
       [127.36193939688933, 36.37544968789601, 97.84391067828983],
       [127.36195243258248, 36.37545392193265, 96.40612090658396],
       [127.36193680461371, 36.37548744415440, 98.48451380617917],
       [127.36194504862098, 36.37542902475982, 107.80908845458180],
       [127.36192037713737, 36.37542395132664, 109.78206566255540],
       [127.36193286134160, 36.37543797198689, 104.91320316493511],
       [127.36194821053689, 36.37546296420788, 99.09570322837681],
       [127.36192393307098, 36.37542707662504, 106.35197513923049],
       [127.36192340770410, 36.37543362091701, 99.72164779622108],
       [127.36195646677338, 36.37540473618130, 108.35685351118445],
       [127.36193947932847, 36.37541241569348, 108.13560244720429],
       [127.36193791677974, 36.37541492445614, 111.05191914737225],
       [127.36194223342491, 36.37540676231614, 109.68804531078786],
       [127.36195433368589, 36.37542854108382, 107.05750119872391],
       [127.36194100579115, 36.37543261888892, 104.56713064108044],
       [127.36191244372297, 36.37544124399805, 105.96787230484188],
       [127.36192862858400, 36.37540402064201, 108.77831374201924],
       [127.36191690461260, 36.37539780122955, 106.00652213394642],
       [127.36193803521847, 36.37541948866623, 104.13039235211909],
       [127.36194503343256, 36.37539283108246, 114.44647275656462],
       [127.36195026155720, 36.37539826845052, 108.65663960669190],
       [127.36195648869985, 36.37541549713584, 105.69806737918407],
       [127.36194877474264, 36.37540652279823, 105.19692320562899],
       [127.36194446546696, 36.37538390563600, 108.73939898051322],
       [127.36193631395521, 36.37534020224749, 111.88121821172535],
       [127.36195149773354, 36.37538163503886, 100.82650314643979],
       [127.36195036020271, 36.37540854051333, 99.15032548364252],
       [127.36194093652102, 36.37541085074051, 102.86207253951579],
       [127.36193439091608, 36.37539604122205, 107.67198311630636],
       [127.36194064355541, 36.37542734107511, 104.14161217398942],
       [127.36195191342946, 36.37540931998060, 111.34165715891868],
       [127.36192807544383, 36.37540860662467, 105.73767762165517],
       [127.36191995686247, 36.37539853944693, 107.93408136069775],
       [127.36195064213548, 36.37538476849515, 114.73605505377054],
       [127.36195109887517, 36.37538901770169, 107.45385079365224],
       [127.36197142493208, 36.37539260092637, 113.36779119726270],
       [127.36195106141834, 36.37541905844492, 109.28664653096348],
       [127.36195556650112, 36.37545854287757, 100.63163183070719],
       [127.36195648034031, 36.37541275567246, 102.81331004947424],
       [127.36193298320197, 36.37542099731008, 98.19203434698284],
       [127.36195142848653, 36.37537087119104, 106.09350086748600],
       [127.36195930191873, 36.37537539844027, 107.45680701918900],
       [127.36195005204097, 36.37541168877036, 104.87318858783692],
       [127.36197785344568, 36.37543276751790, 104.68153530266136],
       [127.36196902050433, 36.37540573649731, 105.17215718887746],
       [127.36196592132465, 36.37537474946364, 104.70762153901160],
       [127.36195541036565, 36.37542597333587, 100.32498193625361],
       [127.36195441282193, 36.37541318704697, 102.89536647498608],
       [127.36197597792427, 36.37543243459694, 102.16714603453875],
       [127.36193754325301, 36.37541239514347, 105.18169899843633],
       [127.36194110965126, 36.37543686691260, 97.75382395181805],
       [127.36192086792984, 36.37544741916782, 95.78517292067409],
       [127.36193493763483, 36.37544935347264, 96.61638981010765],
       [127.36196389534453, 36.37545028740761, 96.69546570535749],
       [127.36197559123634, 36.37544933627947, 93.84573127795011],
       [127.36194920500698, 36.37543147903005, 95.45136220473796],
       [127.36195406123977, 36.37541551230770, 98.86147554125637],
       [127.36196840061899, 36.37544531435374, 93.80911700986326],
       [127.36194019186091, 36.37541441756488, 103.01838624756783],
       [127.36193520435155, 36.37542894617859, 100.01350472494960],
       [127.36193894379919, 36.37544571914140, 97.45730580762029],
       [127.36194987086206, 36.37540808621550, 104.53932312689722],
       [127.36194386034282, 36.37537848118046, 108.28544356953353],
       [127.36194343406594, 36.37541477550614, 100.49445072654635],
       [127.36194111170200, 36.37541186908163, 99.14072129316628],
       [127.36194334788883, 36.37542570086038, 95.68791790958494],
       [127.36192723868135, 36.37544957566964, 86.99974146299064],
       [127.36193548845557, 36.37545113322768, 92.96908177528530],
       [127.36194498439242, 36.37544202967813, 92.26393675431609],
       [127.36195125929255, 36.37542717726424, 96.57703609764576],
       [127.36193909974708, 36.37544403327998, 88.82199460081756],
       [127.36193073653870, 36.37544105268147, 87.23939717933536],
       [127.36193153604927, 36.37547420306490, 79.81105206627399],
       [127.36193873112552, 36.37547968377287, 82.57469248399138],
       [127.36193809621329, 36.37546044227055, 83.50930672604591],
       [127.36195004110952, 36.37542457586414, 89.12498357705772],
       [127.36194063476627, 36.37543791860735, 93.64618909265846],
       [127.36192754214157, 36.37544231963962, 98.62724261730909],
       [127.36195473389066, 36.37543979192830, 98.34792980831116],
       [127.36195109105901, 36.37545070516125, 98.27388652507216],
       [127.36192175468639, 36.37545453025945, 90.90159666165709],
       [127.36191379079797, 36.37542839827566, 87.43184193875641],
       [127.36192839477881, 36.37542891882595, 94.69769335910678],
       [127.36193067575279, 36.37543877125728, 90.81992721650749],
       [127.36195506035543, 36.37544013653488, 92.93189635779709],
       [127.36193960420069, 36.37543629597194, 96.52867339923978],
       [127.36194889743489, 36.37541385362908, 95.75318318791687],
       [127.36195108805859, 36.37542672713226, 92.89516629464924],
       [127.36195561144744, 36.37541444473342, 96.05006935168058],
       [127.36195585133450, 36.37542990812048, 95.55189582146704],
       [127.36195512085605, 36.37545805507656, 86.57205898128450],
       [127.36195543542316, 36.37547643969332, 82.77785504236817],
       [127.36194305387201, 36.37540751655653, 97.26011493615806],
       [127.36196184788881, 36.37542829471821, 93.27211027313024],
       [127.36197007929748, 36.37547772028631, 85.07099568471313],
       [127.36195343434235, 36.37546629059015, 87.59208950027823],
       [127.36195212594205, 36.37542019992508, 96.73382591642439],
       [127.36194948229794, 36.37541720620348, 95.01043842080981],
       [127.36197367604092, 36.37542432722788, 90.38447729218751],
       [127.36197834735016, 36.37544088357097, 92.32397367432714],
       [127.36195287185382, 36.37542390576117, 94.67701731249690],
       [127.36193995253269, 36.37543030125374, 91.79680437035859],
       [127.36194711614806, 36.37542154159595, 95.82705826777965],
       [127.36196129001235, 36.37544011480153, 93.12007235176861],
       [127.36196591084740, 36.37543651066962, 87.33636704832315],
       [127.36195284527395, 36.37543317649099, 93.83459472563118],
       [127.36195020373080, 36.37544646102647, 92.62735662981868],
       [127.36193382867062, 36.37543390683052, 91.98406879324466],
       [127.36194305944845, 36.37542847826656, 97.20810334477574],
       [127.36194528906705, 36.37538453207945, 104.64080068934709],
       [127.36194608592075, 36.37541847050895, 101.44967555906624],
       [127.36194711371529, 36.37544576347254, 97.56440366059542],
       [127.36193662531603, 36.37548111206236, 86.46399495843798],
       [127.36193509212170, 36.37545220104246, 88.32695631403476],
       [127.36196668344583, 36.37545537925174, 89.35075882077217],
       [127.36196137688856, 36.37543339491535, 93.63389011844993],
       [127.36194053810298, 36.37546455022139, 90.81762226298451],
       [127.36193289747088, 36.37546496328584, 91.93964339047670],
       [127.36192535919072, 36.37545901081461, 92.48954595066607],
       [127.36191149300069, 36.37543685033163, 96.16717928741127],
       [127.36194391550184, 36.37549594804948, 86.63488949555904],
       [127.36193600746259, 36.37547975315932, 92.84475401230156],
       [127.36192039477551, 36.37545893250109, 101.91950641106814],
       [127.36192974388106, 36.37542704889109, 102.99416477046907],
       [127.36192221835945, 36.37541790406757, 102.41776827629656],
       [127.36194133268859, 36.37542885079279, 101.15303455851972],
       [127.36193907063212, 36.37543614789163, 98.28387084510177],
       [127.36195401733467, 36.37546438484173, 93.95658147148788],
       [127.36193843137804, 36.37544119612320, 97.87586201168597],
       [127.36193567436976, 36.37543659860810, 94.80941048730165],
       [127.36193722171197, 36.37544264860571, 92.11662480793893],
       [127.36195591152199, 36.37545753648201, 95.10121579468250],
       [127.36195037945133, 36.37547868105518, 94.73712952900678],
       [127.36194358167840, 36.37545166242054, 100.68826997000724],
       [127.36194615392510, 36.37542108750822, 101.63000110071152],
       [127.36193284674692, 36.37541361442815, 97.31786601338536],
       [127.36192502970530, 36.37543072495857, 95.44868179596961],
       [127.36192541780534, 36.37543424324192, 101.25372848659754],
       [127.36190904093000, 36.37540667689704, 106.31219860725105],
       [127.36188882853368, 36.37539440575629, 100.80719407554716],
       [127.36189402306601, 36.37540198262607, 97.00789891276509],
       [127.36190250029965, 36.37540748934651, 101.36392991989851],
       [127.36192833459138, 36.37542053203178, 97.36109836772084],
       [127.36193855150351, 36.37539088885111, 104.53465824294835],
       [127.36193926681976, 36.37540579584109, 110.24440735019743],
       [127.36190843574248, 36.37539281214030, 113.15463092550635],
       [127.36192737197693, 36.37539433748512, 107.71284195967019],
       [127.36191905243120, 36.37540393897797, 102.58035332337022],
       [127.36191539086253, 36.37540656955493, 104.58089651260525],
       [127.36191941688364, 36.37537889721765, 107.19726836681366],
       [127.36191112436039, 36.37540088003674, 104.24320044554770],
       [127.36191652357813, 36.37540517425922, 105.79605607129633],
       [127.36190585542855, 36.37546070222951, 90.81088248267770],
       [127.36189581949917, 36.37544601639538, 91.14521846920252],
       [127.36191320892864, 36.37541307329558, 104.49481769744307],
       [127.36190936423058, 36.37539443744587, 106.63328424841166],
       [127.36192567214935, 36.37539987167808, 113.67744243051857],
       [127.36193965756179, 36.37538164471926, 111.20010722707957],
       [127.36194530827905, 36.37539369160486, 108.87392701115459],
       [127.36191437770287, 36.37540587570953, 108.75781850423664],
       [127.36192435611578, 36.37539713453628, 102.50434111431241],
       [127.36191137383727, 36.37541296449987, 95.84612751007080],
       [127.36192601105517, 36.37540676472559, 101.43802001141012],
       [127.36192073585778, 36.37540985474406, 100.70814733300358],
       [127.36189437789335, 36.37541405922845, 104.67710901144892],
       [127.36191201130988, 36.37542485977734, 108.94353399332613],
       [127.36192017056689, 36.37539423671991, 112.10363627970219],
       [127.36191920984518, 36.37542546866167, 107.07812063582242],
       [127.36190820753974, 36.37542377530690, 99.09877775330096],
       [127.36191329861828, 36.37538898502294, 100.05843116529286],
       [127.36189997201460, 36.37538158023669, 106.89315800089389],
       [127.36188503047194, 36.37536961100938, 112.06694114767015],
       [127.36190435408254, 36.37538655664240, 113.21226295549423],
       [127.36190847725898, 36.37538017817110, 114.38508154917508],
       [127.36191683610411, 36.37534954442208, 111.23706626147032],
       [127.36192459192243, 36.37536119781468, 109.55750850401819],
       [127.36191296654194, 36.37536823559739, 111.60104733239859],
       [127.36192007358547, 36.37537356105365, 116.21462227404118],
       [127.36193585247855, 36.37538992405625, 113.64872706029564],
       [127.36193119051305, 36.37536241464174, 119.32924482598901],
       [127.36193124534745, 36.37537171968373, 112.57822389062494],
       [127.36193032223213, 36.37536314892299, 114.58791368268430],
       [127.36192167193775, 36.37538133752012, 110.94098306167871],
       [127.36191807131306, 36.37538380407576, 109.00814278237522],
       [127.36191521017177, 36.37538396280542, 109.33091619703919],
       [127.36189702225320, 36.37538150796362, 113.80615214165300],
       [127.36190211806193, 36.37537596195194, 110.22540269698948],
       [127.36193257224276, 36.37538800705825, 108.62115961499512],
       [127.36191532558615, 36.37539122175433, 113.29699275735766],
       [127.36194076109071, 36.37542493479434, 109.30026434175670],
       [127.36195419765281, 36.37543786076855, 100.09899074584246],
       [127.36192597022662, 36.37541271282612, 106.19787640776485],
       [127.36193957217746, 36.37539442446282, 108.67875940911472],
       [127.36193319422475, 36.37541263864268, 106.45844023302197],
       [127.36192775395531, 36.37541621105548, 108.86614107806236],
       [127.36193887199806, 36.37538588654994, 110.69054645020515],
       [127.36191448685646, 36.37542086235828, 101.49580516014248],
       [127.36190187235157, 36.37545878122733, 98.95709110517055],
       [127.36192239124118, 36.37543096375445, 104.53844231832772],
       [127.36194323023845, 36.37543846834600, 104.71850712038577],
       [127.36194092268892, 36.37543301366079, 102.87441923655570],
       [127.36191811012615, 36.37546371172024, 98.10319494362921],
       [127.36193817030404, 36.37542506680867, 102.64624873641878],
       [127.36193627006098, 36.37542080359516, 101.22611468844116],
       [127.36193356412515, 36.37540996815855, 100.80105939880013],
       [127.36192307760503, 36.37542758412606, 98.67754930909723],
       [127.36192441046541, 36.37546139025625, 94.92524856515229],
       [127.36191891878761, 36.37546294093945, 93.99844280537218],
       [127.36191902451634, 36.37543359944051, 102.18171596154571],
       [127.36191769884788, 36.37544367627333, 102.58503767009825],
       [127.36193529044093, 36.37544021010766, 106.62663688138127],
       [127.36193595502485, 36.37541444606363, 109.00324336625636],
       [127.36191483882702, 36.37541363524917, 108.06625053286552],
       [127.36190480316996, 36.37544236607879, 103.89557506982237],
       [127.36191177655992, 36.37544003360904, 103.11024442035705],
       [127.36192725413886, 36.37540535890849, 110.36641027871519],
       [127.36193050943052, 36.37541467653593, 109.12436190247536],
       [127.36193429563582, 36.37542542937748, 100.62620268482715],
       [127.36193302607342, 36.37540856532801, 107.59338376019150],
       [127.36192592736312, 36.37541199804671, 104.48208416346461],
       [127.36192407850717, 36.37542359992510, 104.03015614394099],
       [127.36193265066873, 36.37542878860777, 107.25571662187576],
       [127.36195038800656, 36.37539698414971, 111.61031855270267],
       [127.36192851997433, 36.37541103194437, 104.62582270801067],
       [127.36191837377208, 36.37543108116706, 94.58233162667602],
       [127.36192437761770, 36.37544653832155, 97.34445340838283],
       [127.36195876366743, 36.37545786446171, 99.55984320957214],
       [127.36195168180916, 36.37544208776396, 99.89401001855731],
       [127.36193471482832, 36.37546671656626, 93.05205944553018],
       [127.36192186383207, 36.37545740232493, 95.00212144758552],
       [127.36193154910889, 36.37543778168646, 99.19834337197244],
       [127.36193141741354, 36.37543796705612, 103.96314282622188],
       [127.36195553794343, 36.37540583879557, 111.42461587674916],
       [127.36193948582876, 36.37542762923853, 102.74171920586377],
       [127.36192786275905, 36.37544870648922, 95.57739142514765],
       [127.36193739085881, 36.37546660942690, 93.27987960539758],
       [127.36193878481468, 36.37546407856783, 97.91034999303520],
       [127.36195161025775, 36.37547703634370, 102.82744149677455],
       [127.36195533214457, 36.37548534255514, 94.93936582840979],
       [127.36192877934047, 36.37546831965771, 96.00509069114923],
       [127.36191611301483, 36.37546954314809, 96.04460335709155],
       [127.36190859695867, 36.37544793593452, 96.81855614762753],
       [127.36193585462182, 36.37544510164113, 99.40167062822729],
       [127.36194684798117, 36.37543131447693, 97.10343681089580],
       [127.36193485744454, 36.37541456723591, 103.69260420557112],
       [127.36192830395584, 36.37542564263891, 97.87123340927064],
       [127.36195389251627, 36.37545933544642, 94.15723514650017],
       [127.36195199794284, 36.37543963119484, 103.20687176845968],
       [127.36192777956026, 36.37545663131264, 99.18179036583751],
       [127.36193866313231, 36.37547053162547, 97.39499053638428],
       [127.36194185452868, 36.37544108288456, 103.27030266728252],
       [127.36193056011317, 36.37540663802523, 103.89108136668801],
       [127.36192217812560, 36.37537731982145, 107.39009065181017],
       [127.36192402930052, 36.37538737528935, 104.63620211463422],
       [127.36191989395306, 36.37542203210423, 101.30108578130603],
       [127.36192439801427, 36.37544335027198, 98.75615485012531],
       [127.36192469397965, 36.37545427247348, 98.37546255625784],
       [127.36194444619237, 36.37542543220864, 103.17625696770847],
       [127.36194985234711, 36.37540688871552, 103.73009739350528],
       [127.36194607868501, 36.37541155168400, 101.55830879230052],
       [127.36194818091985, 36.37544395226992, 94.72902693692595],
       [127.36192805545743, 36.37543579718181, 98.21991099137813],
       [127.36194376275155, 36.37541217158365, 106.54460654966533],
       [127.36193376936866, 36.37540178530134, 105.88136637769639],
       [127.36193316952595, 36.37538419473908, 105.57181301806122],
       [127.36195230402905, 36.37543393681813, 97.10329760424793],
       [127.36193832993834, 36.37542063590994, 96.41521180234849],
       [127.36195359922124, 36.37541946805060, 101.11593742202967],
       [127.36195365633451, 36.37544604725172, 102.31260091718286],
       [127.36193216292497, 36.37543798076313, 99.92428631708026],
       [127.36194399807113, 36.37541451889495, 106.28548952378333],
       [127.36195165319145, 36.37543118333671, 107.25475536193699],
       [127.36193771250568, 36.37544612768717, 100.57716180477291],
       [127.36196534494904, 36.37541585178079, 103.20312526449561],
       [127.36194788908162, 36.37543482971791, 97.70721845328808],
       [127.36195101338417, 36.37542411970329, 100.43108468409628],
       [127.36194135550717, 36.37542326786786, 98.20599260646850],
       [127.36194429587806, 36.37543616744009, 98.42856313567609],
       [127.36194061620213, 36.37542310476649, 104.18013626150787],
       [127.36193253213611, 36.37541425913610, 109.74648881144822],
       [127.36194692584405, 36.37541021357522, 111.14038379862905],
       [127.36194536507639, 36.37540324741998, 109.87754270341247],
       [127.36195688942770, 36.37540042513128, 113.13699216023088],
       [127.36196524899850, 36.37539828093737, 109.83015062101185],
       [127.36197613250295, 36.37538623052439, 114.70086247287691],
       [127.36197983651456, 36.37539202068621, 114.42178344167769],
       [127.36194656443961, 36.37538057033618, 112.07693046797067],
       [127.36194289145628, 36.37538432207253, 109.39616112131625],
       [127.36192562652690, 36.37540029072814, 104.44215890951455],
       [127.36193598184158, 36.37543080434791, 98.73856217321008],
       [127.36196249383484, 36.37537832691608, 108.95348122809082],
       [127.36195114802916, 36.37535389793727, 117.48658156953752],
       [127.36194931002056, 36.37537943303956, 116.93270165193826],
       [127.36193038158365, 36.37538648100426, 115.89551961608231],
       [127.36193380406638, 36.37534578322152, 121.86924307886511],
       [127.36192639176464, 36.37536250208148, 109.09810614213347],
       [127.36193130814770, 36.37538097196786, 109.37439307197928],
       [127.36194150062617, 36.37540764490818, 103.07160045672208],
       [127.36195748344298, 36.37539834900870, 106.15695521701127],
       [127.36195195760867, 36.37537797836791, 106.96389280259609],
       [127.36196496542105, 36.37541393656823, 106.45433831308037],
       [127.36194986085695, 36.37539305927957, 111.40313781239092],
       [127.36194658398867, 36.37542146187602, 108.55774641036987],
       [127.36194456557556, 36.37542799860258, 108.02021022699773],
       [127.36195267498049, 36.37540753360997, 108.69744915980846],
       [127.36194508184531, 36.37538170559496, 109.48569931928068],
       [127.36192973532451, 36.37537570081031, 111.88072200678289],
       [127.36195186098745, 36.37537787447629, 110.07337879762053],
       [127.36195487785483, 36.37539761404638, 107.80284878052771],
       [127.36196593479232, 36.37540463719360, 104.80207933764905],
       [127.36196174418896, 36.37543578675214, 104.96388533338904],
       [127.36195954590336, 36.37541745664033, 106.38895488251001],
       [127.36194825543356, 36.37540314631089, 105.58153705578297],
       [127.36193845301855, 36.37542500077269, 102.46593302860856],
       [127.36191777637903, 36.37543310661741, 93.35407072398812],
       [127.36194475861316, 36.37539988890104, 99.90856923069805],
       [127.36193347133647, 36.37539352673218, 98.81337548326701],
       [127.36194776732550, 36.37540492819114, 103.81787459645420],
       [127.36195582296607, 36.37540504052692, 110.30480370111763],
       [127.36195463698488, 36.37540130562026, 109.97114694491029],
       [127.36195393633697, 36.37539000495473, 113.51938182022423],
       [127.36196805738474, 36.37543113271111, 103.33035297412425],
       [127.36196219460105, 36.37542874874491, 100.37966375797987],
       [127.36195148912749, 36.37543870790690, 101.66850032936782],
       [127.36194143957498, 36.37544733785700, 98.56325944419950],
       [127.36195996915575, 36.37545993125132, 94.45386720448732],
       [127.36195622159310, 36.37544625523168, 95.77740015368909],
       [127.36194650440879, 36.37544408922952, 91.58606426976621],
       [127.36193980323876, 36.37543492043710, 94.45410637557507],
       [127.36194645584348, 36.37543244474990, 95.94827508646995],
       [127.36195837773587, 36.37544434286355, 97.18487070873380],
       [127.36196738882612, 36.37545205966575, 98.14940558094531],
       [127.36195321530414, 36.37544291873567, 91.43833256978542],
       [127.36194455373263, 36.37545703676754, 89.73995569348335],
       [127.36191109674384, 36.37543755938303, 94.18574969097972],
       [127.36193194155977, 36.37545053806910, 89.15188804641366],
       [127.36193633330539, 36.37547593735597, 87.79346436541528],
       [127.36193625192530, 36.37549241618918, 84.89909831061959],
       [127.36194824405061, 36.37548160963553, 89.42675313819200],
       [127.36196200443081, 36.37547560933980, 93.03648928739130],
       [127.36194871683902, 36.37547465315166, 86.48452638275921],
       [127.36192552109571, 36.37546772007774, 86.37905967608094],
       [127.36193412940830, 36.37548305696383, 86.02346749790013],
       [127.36193461674016, 36.37548993241079, 86.74992700107396],
       [127.36192299530528, 36.37551373257616, 88.34724945947528],
       [127.36191300717454, 36.37550008155348, 83.31432455405593],
       [127.36191429209293, 36.37548273646334, 89.05475809145719],
       [127.36190844828023, 36.37553042282160, 78.33267820347100],
       [127.36190768875231, 36.37551790433154, 78.44000114314258],
       [127.36189360218496, 36.37550648190476, 83.47120932862163],
       [127.36188773197438, 36.37550857303064, 82.83475551661104],
       [127.36188238382603, 36.37551639101858, 77.13197206705809],
       [127.36189489408936, 36.37548333861451, 81.40101104509085],
       [127.36190552344463, 36.37550495060052, 77.52268575225025],
       [127.36190134212649, 36.37548118740709, 86.42225399054587],
       [127.36189999165994, 36.37551543830926, 79.42097849026322],
       [127.36188791298058, 36.37551826331389, 78.38440268486738],
       [127.36187519236205, 36.37550255056641, 79.96748832426965],
       [127.36187302083198, 36.37552187546130, 73.28709094040096],
       [127.36188887071864, 36.37550384516172, 78.69804648868740],
       [127.36190139444493, 36.37549628258247, 83.17515270691365],
       [127.36190384919938, 36.37549917936911, 88.81025887932628],
       [127.36190493202616, 36.37549946110936, 83.48808872327209],
       [127.36188728644314, 36.37550021394399, 81.78513830248266],
       [127.36189983894147, 36.37546648311606, 85.55355015769601],
       [127.36189429725484, 36.37547317234839, 87.85281922575086],
       [127.36187515499614, 36.37550015290162, 85.73217058461159],
       [127.36187430786745, 36.37551002897586, 85.34717710874975],
       [127.36187964464094, 36.37551268693210, 83.29974772222340],
       [127.36190507800541, 36.37550869739540, 82.40282111056149],
       [127.36190672742778, 36.37548619117732, 88.10425872448832],
       [127.36191567920079, 36.37548744424322, 86.41305056028068],
       [127.36193276460682, 36.37549129556804, 84.70275691431016],
       [127.36191030031137, 36.37547675245648, 87.45916456542909],
       [127.36191733777960, 36.37548633205463, 87.25343440007418],
       [127.36191621484728, 36.37546800106853, 93.73295648396015],
       [127.36190157026581, 36.37550852570953, 81.66073904000223],
       [127.36189263917188, 36.37548871760628, 82.71628787834197],
       [127.36190497411761, 36.37547188106132, 90.01792757958174],
       [127.36189723896631, 36.37550228350762, 80.78390493337065],
       [127.36190532965483, 36.37553543716802, 74.24182627722621],
       [127.36189600051540, 36.37552371030088, 76.38059017527848],
       [127.36191457540903, 36.37550836396174, 83.36581084039062],
       [127.36192614159266, 36.37550575757425, 89.85495437122881],
       [127.36194348570450, 36.37548120912032, 95.62594254873693],
       [127.36194582954030, 36.37548263424125, 93.40193185210228],
       [127.36194144899436, 36.37548062771740, 88.96210831776261],
       [127.36194317452333, 36.37547710151372, 91.50192497856915],
       [127.36195960144184, 36.37546639923622, 95.72397745028138],
       [127.36193440887102, 36.37546509726611, 86.77244503051043],
       [127.36192217491514, 36.37543565126875, 91.57146257441491],
       [127.36191712839668, 36.37547243415104, 86.74185783136636],
       [127.36193519663836, 36.37546690812142, 87.92034024652094],
       [127.36193522829808, 36.37546166335792, 93.85701603814960],
       [127.36195982055990, 36.37544911054607, 101.22684130072594],
       [127.36194855700077, 36.37543993649253, 98.30427531804889],
       [127.36195059654108, 36.37544738998245, 91.67065981216729],
       [127.36194352101225, 36.37545272527607, 90.61353870481253],
       [127.36195051703750, 36.37546066226935, 94.49858822952956],
       [127.36195795435445, 36.37544288864169, 97.79161953274161],
       [127.36195324383333, 36.37542222838623, 100.03463132958859],
       [127.36194619563661, 36.37540401385527, 101.15418230742216],
       [127.36195394270261, 36.37539928666146, 98.54009904805571],
       [127.36194788817458, 36.37539867788857, 99.31267028488219],
       [127.36192754766421, 36.37540263157180, 100.39263133611530],
       [127.36192118718597, 36.37540414030421, 99.00830964464694],
       [127.36192691578857, 36.37537873255254, 98.96371222566813],
       [127.36195184578368, 36.37538752200865, 104.69229826610535],
       [127.36196627779835, 36.37538444994537, 105.43597133643925],
       [127.36195970748642, 36.37540903093163, 106.77069161925465],
       [127.36196807374267, 36.37540968826026, 107.86446425039321],
       [127.36196398432703, 36.37540708037705, 99.95306909270585],
       [127.36194757712941, 36.37539720340358, 105.37124007754028],
       [127.36193045155669, 36.37540868609561, 100.56438656337559],
       [127.36194748475091, 36.37539152163899, 104.24799296353012],
       [127.36198476067315, 36.37541366339972, 99.15039127971977],
       [127.36196579605787, 36.37540439429321, 98.95388185232878],
       [127.36194552463897, 36.37540255271936, 95.74610800202936],
       [127.36195630925835, 36.37540715548557, 101.95774063095450],
       [127.36194325678674, 36.37541949774084, 102.60575341433287],
       [127.36194230401674, 36.37542856425386, 97.35220522340387],
       [127.36192834143773, 36.37541352543195, 93.80752819217741],
       [127.36194870924528, 36.37540235193825, 96.13197252899408],
       [127.36196303890492, 36.37540319295650, 97.28890334721655],
       [127.36196849005751, 36.37542529051634, 99.75040867365897],
       [127.36197958478526, 36.37541026964874, 101.23489211592823],
       [127.36196426238305, 36.37540877216942, 96.74243179243058],
       [127.36196156685897, 36.37541229731867, 96.94731200765818],
       [127.36195089057637, 36.37540246106915, 99.89260460436344],
       [127.36193669945999, 36.37541911591217, 89.47485206741840],
       [127.36191208756757, 36.37542042320648, 88.09387454204261],
       [127.36193274392163, 36.37541291033472, 93.99065420031548],
       [127.36191157572529, 36.37541679936437, 97.60412312671542],
       [127.36193342285281, 36.37540867684901, 97.62614474445581],
       [127.36192838800795, 36.37542815163845, 95.15017886087298],
       [127.36194640095641, 36.37538280795469, 103.24389861337841],
       [127.36193230547683, 36.37540175898834, 99.09488177951425],
       [127.36192677299066, 36.37540276835285, 96.09986110497266],
       [127.36191486059087, 36.37538986092659, 100.01255474332720],
       [127.36190685442305, 36.37539588435465, 98.47757946327329],
       [127.36191726242112, 36.37540552488325, 96.71937208715826],
       [127.36193424864754, 36.37539595054983, 97.07690312061459],
       [127.36192731242480, 36.37539203098542, 102.50559515319765],
       [127.36192420290078, 36.37536327155129, 110.07732086628675],
       [127.36191943488441, 36.37537569109004, 105.02556450944394],
       [127.36193620179020, 36.37537119482370, 105.82357892673463],
       [127.36193912415348, 36.37540068950667, 109.30200580134988],
       [127.36193875820182, 36.37540206050953, 105.49848478008062],
       [127.36192583093252, 36.37536948107412, 109.68432274367660],
       [127.36193035215365, 36.37538508073392, 99.43112131208181],
       [127.36193556923156, 36.37538774640554, 101.05998399388045],
       [127.36192919219801, 36.37537003662231, 102.70541027653962],
       [127.36193808279828, 36.37535938100267, 112.21374263800681],
       [127.36191946183365, 36.37540220146921, 109.99385856278241],
       [127.36193027422860, 36.37539188380872, 107.81390054803342],
       [127.36194842526136, 36.37538236585871, 111.12802159972489],
       [127.36196281213272, 36.37537977606198, 110.94406643509865],
       [127.36192705468757, 36.37535426469020, 111.75614062044770],
       [127.36191415966817, 36.37535906074148, 111.62643855623901],
       [127.36191635598921, 36.37537878420004, 107.03199839591980],
       [127.36191456965349, 36.37535387140177, 107.73168290778995],
       [127.36192298806529, 36.37536268781743, 99.18725654017180],
       [127.36195185810048, 36.37535666474535, 106.29707879666239],
       [127.36195367429133, 36.37538289453155, 107.06547045335174],
       [127.36194504776469, 36.37535520162204, 110.03039585892111],
       [127.36192777657897, 36.37537343179189, 106.93198370374739],
       [127.36190802280424, 36.37536780615758, 106.22767612989992],
       [127.36191544465865, 36.37538039886391, 109.26394635997713],
       [127.36193156901624, 36.37537868209676, 106.98132641892880],
       [127.36194252176763, 36.37537995532421, 115.14501007087529],
       [127.36193538308464, 36.37537491552492, 110.05580870527774],
       [127.36192444771125, 36.37534645634211, 110.79833538178355],
       [127.36195421945230, 36.37534973049736, 111.78427592106164],
       [127.36193245780672, 36.37537121938058, 107.40789035428315],
       [127.36192778574413, 36.37532883358354, 112.36493667401373],
       [127.36189877556980, 36.37532797126111, 117.86225629691035],
       [127.36190297538188, 36.37533326301011, 114.26988573558629],
       [127.36191108889787, 36.37533443619078, 119.34406263474375],
       [127.36192925517781, 36.37534453744721, 116.56855409685522],
       [127.36192715712683, 36.37536940217944, 112.98124513495713],
       [127.36192523404017, 36.37537583571929, 104.74975557532161],
       [127.36193451423937, 36.37535430163116, 107.59603318758309],
       [127.36192052060629, 36.37534545023102, 112.96276687551290],
       [127.36190889667482, 36.37535119986373, 111.30375549849123],
       [127.36190105134038, 36.37532619962791, 114.54341053590178],
       [127.36191188310596, 36.37534722897291, 112.18016022630036],
       [127.36190466637088, 36.37534624206612, 110.63448625057936],
       [127.36191316459502, 36.37535847401438, 112.51565715391189],
       [127.36190339385419, 36.37536139151197, 111.51581775862724],
       [127.36192164998273, 36.37535804444602, 110.48149599228054],
       [127.36189806044300, 36.37536802621678, 102.58603716641665],
       [127.36190642069442, 36.37540309925241, 101.31032146234065],
       [127.36189640978483, 36.37537552431046, 105.89517978299409],
       [127.36190803790005, 36.37536585806372, 110.16129161417484],
       [127.36193278456894, 36.37537334488496, 107.28414642624557],
       [127.36190690972229, 36.37536574918259, 103.80206228233874],
       [127.36190984963869, 36.37537092920630, 102.22462344728410],
       [127.36190302630841, 36.37536580114951, 105.90769980289042],
       [127.36188071699355, 36.37537747651456, 97.33567662164569],
       [127.36191966248997, 36.37537328647973, 103.04964901320636],
       [127.36193195081928, 36.37536553129019, 107.82684608548880],
       [127.36190592348647, 36.37537349847526, 107.54312460962683],
       [127.36191466686689, 36.37538499924028, 100.61874487809837],
       [127.36191790496221, 36.37538462153951, 99.70040892250836],
       [127.36193057040120, 36.37541767207961, 93.92064880300313],
       [127.36190892201280, 36.37543939179011, 94.18321356456727],
       [127.36188727172144, 36.37544177288856, 93.04706748295575],
       [127.36188557072599, 36.37541268948681, 99.29276791214943],
       [127.36190877097185, 36.37538134552654, 101.04243792966008],
       [127.36188715671318, 36.37539419536353, 100.84112450387329],
       [127.36189919476548, 36.37542310033452, 95.43121066503227],
       [127.36190430326253, 36.37541406126638, 99.16061214171350],
       [127.36191954935664, 36.37542845106019, 94.60521021299064],
       [127.36189915977984, 36.37541170760304, 89.06199407018721],
       [127.36189938797962, 36.37541064075248, 92.51567844301462],
       [127.36191320095418, 36.37540729080511, 94.40677037555724],
       [127.36193426438010, 36.37542178322155, 99.95139681827277],
       [127.36191453300358, 36.37543150450818, 95.62918718066067],
       [127.36190330902257, 36.37543940722222, 93.45380448177457],
       [127.36190685584006, 36.37544309866384, 90.99766859225929],
       [127.36189681079156, 36.37543891614400, 96.25703821238130],
       [127.36191650744369, 36.37544979748578, 89.49401252064854],
       [127.36189421159571, 36.37544212380262, 83.86399431619793],
       [127.36187674934887, 36.37541461574492, 91.56112742144614],
       [127.36189168729075, 36.37541314851193, 93.38699258957058],
       [127.36189307743005, 36.37544381562477, 91.78874395973980],
       [127.36189146069400, 36.37544473025495, 93.48962972965091],
       [127.36188556281064, 36.37542296222215, 98.73040531575680],
       [127.36184913603262, 36.37544930764318, 88.30053411703557],
       [127.36186168586524, 36.37545400741314, 93.02242649253458],
       [127.36185892368601, 36.37544263387533, 94.51670973189175],
       [127.36186573868567, 36.37546937711242, 83.94922414049506],
       [127.36188683939784, 36.37547008763994, 87.95681013260037],
       [127.36191761850633, 36.37547653339358, 92.07091123517603],
       [127.36190688809658, 36.37547704287010, 92.79762654937804],
       [127.36191254581297, 36.37544114753286, 94.32187824044377],
       [127.36190441537711, 36.37540892161319, 100.33819175697863],
       [127.36188587057924, 36.37543251713068, 97.88283497467637],
       [127.36189202832216, 36.37543551011775, 102.25715215876698],
       [127.36188235242184, 36.37547660997082, 92.15856901276857],
       [127.36191594990490, 36.37546947189021, 95.21750362496823],
       [127.36191486216381, 36.37543650497970, 101.35646405536681],
       [127.36191442574271, 36.37542967403527, 98.62597882281989],
       [127.36189167318095, 36.37544455662722, 92.74175246618688],
       [127.36190098442292, 36.37545038493558, 98.68309384770691],
       [127.36189019654495, 36.37542461781592, 103.26767281536013],
       [127.36190995787202, 36.37545327051159, 101.16542827244848],
       [127.36191778040865, 36.37546755340455, 96.85507164243609],
       [127.36190706592956, 36.37544076403416, 99.87066234741360],
       [127.36190041368138, 36.37544634161608, 98.60370750445873],
       [127.36189903326989, 36.37543876312580, 101.60021375026554],
       [127.36189789019693, 36.37546578431935, 99.86228398233652],
       [127.36191710152612, 36.37542375401330, 105.86626116652042],
       [127.36193724667257, 36.37540028469532, 107.24199845734984],
       [127.36191113124008, 36.37541705650289, 101.93792645074427],
       [127.36189653107050, 36.37539781133178, 109.54450512677431],
       [127.36190529460995, 36.37540243912373, 103.24226017110050],
       [127.36189818121848, 36.37544723050358, 101.50122126191854],
       [127.36189128226513, 36.37543667645591, 103.88493849337101],
       [127.36191083654946, 36.37543390093815, 99.79713018890470],
       [127.36188958856953, 36.37543777344874, 104.56229927763343],
       [127.36186293002802, 36.37544692718520, 100.53531793970615],
       [127.36189626199901, 36.37543510930971, 103.31897315103561],
       [127.36189648498373, 36.37545640210916, 99.65345548745245],
       [127.36190469189950, 36.37544069240969, 107.34300233889371],
       [127.36190235149923, 36.37542314124767, 103.92412332352251],
       [127.36188137673695, 36.37544176508572, 105.51446110196412],
       [127.36191642750521, 36.37545171691668, 100.60408945474774],
       [127.36190898848577, 36.37545235190370, 102.04781500063837],
       [127.36191509330705, 36.37546493156410, 104.14296445529908],
       [127.36190637881683, 36.37544387107034, 103.57158818002790],
       [127.36191827372961, 36.37545174392299, 100.85657224804163],
       [127.36192124401060, 36.37543025906158, 101.09045763779432],
       [127.36190086629612, 36.37541813998796, 106.69705429952592],
       [127.36191306683008, 36.37544762113231, 94.98528341762722],
       [127.36192780242250, 36.37546313897639, 91.58466284256428],
       [127.36191738886437, 36.37549579008463, 91.48131786659360],
       [127.36193965609448, 36.37548440184241, 98.92382750660181],
       [127.36193161872059, 36.37548685123849, 97.77382124122232],
       [127.36193602050720, 36.37546981802910, 102.39010041859001],
       [127.36192263948185, 36.37546781577387, 103.07677492685616],
       [127.36189564176270, 36.37549265924747, 96.54315713047981],
       [127.36191676021255, 36.37544785261156, 103.53219082579017],
       [127.36190711946868, 36.37544655369033, 108.81045121513307],
       [127.36190886674761, 36.37546507668384, 99.65312648564577],
       [127.36193959613828, 36.37546809234547, 100.03534617554396],
       [127.36192243315827, 36.37546565290577, 97.71119339857250],
       [127.36191754807622, 36.37545559792938, 100.73298451025039],
       [127.36194477273783, 36.37546393302243, 99.41121519450098],
       [127.36191293143894, 36.37546558545332, 98.33787514548749],
       [127.36189236393454, 36.37543869433815, 99.85200455505401],
       [127.36189650808237, 36.37546611329568, 98.26040162798017],
       [127.36191149428767, 36.37548885952357, 100.07657735422254],
       [127.36193145744642, 36.37550292395724, 97.00067619979382],
       [127.36191694401744, 36.37548746848925, 92.84939629770815],
       [127.36191902138408, 36.37548318163081, 90.68282015435398],
       [127.36192833611504, 36.37546600068596, 98.84951318893582],
       [127.36194071516599, 36.37548132170662, 100.80892457626760],
       [127.36193962511970, 36.37549030312683, 102.82381926011294],
       [127.36195129640902, 36.37548847614283, 97.54944098368287],
       [127.36193315193860, 36.37548831600924, 100.39624635409564],
       [127.36194189671038, 36.37551946446487, 90.38575234450400],
       [127.36193292768559, 36.37550944878149, 90.17464160080999],
       [127.36191616669353, 36.37550718242007, 88.18793166987598],
       [127.36193340427204, 36.37552164697595, 87.79845193494111],
       [127.36194353609571, 36.37548648739873, 97.24990164116025],
       [127.36192814199875, 36.37552186660741, 89.23044230788946],
       [127.36193327364344, 36.37552625049241, 92.09663329273462],
       [127.36193127127571, 36.37554087799713, 85.35435027908534],
       [127.36195137004066, 36.37553880511042, 91.04369943030179],
       [127.36195530229341, 36.37552322438485, 91.96381069160998],
       [127.36194852906112, 36.37551813570806, 98.00217126589268],
       [127.36196796012231, 36.37550153583049, 103.47360792942345],
       [127.36196684136848, 36.37550651098415, 98.38980662636459],
       [127.36197694783495, 36.37552889675067, 95.49640020821244],
       [127.36197111570580, 36.37553042020976, 91.98301776777953],
       [127.36195664200721, 36.37554012015770, 90.31680607236922],
       [127.36194797625251, 36.37555911468496, 87.81359910871834],
       [127.36195127352821, 36.37551363228568, 98.38154716510326],
       [127.36197932217308, 36.37551852730096, 98.21352504100651],
       [127.36197469804138, 36.37550783827781, 94.80359834525734],
       [127.36197274225820, 36.37547048228756, 95.14851940795779],
       [127.36197793271282, 36.37548787138405, 92.73960885405540],
       [127.36199815180258, 36.37550250715542, 95.30410522036254],
       [127.36199105459626, 36.37548647674757, 104.37372994888574],
       [127.36194688744841, 36.37549377445392, 99.22832160349935],
       [127.36193509959864, 36.37546938876229, 100.40555835887790],
       [127.36195269034317, 36.37547663430914, 100.42317601479590],
       [127.36196133145263, 36.37545563426622, 105.31042829900980],
       [127.36196497358355, 36.37545818449944, 108.64595770183951],
       [127.36195095586672, 36.37546932389983, 99.54168657492846],
       [127.36196804130884, 36.37548587234174, 101.86439308337867],
       [127.36193469729949, 36.37548740234755, 102.91388169396669],
       [127.36193752845175, 36.37546553601404, 102.34534095041454],
       [127.36195282711617, 36.37546678202923, 107.24324743449688],
       [127.36196844380993, 36.37547480277183, 104.19372078031301],
       [127.36194487245056, 36.37545784547883, 102.82065424602479],
       [127.36195549021900, 36.37544164419455, 105.14271762594581],
       [127.36196254330454, 36.37546077199269, 105.83144140150398],
       [127.36195417442771, 36.37546658718518, 105.06887842435390],
       [127.36193303358726, 36.37546288215234, 93.26408564299345],
       [127.36191832670018, 36.37546193128870, 99.47211468778551],
       [127.36193193454632, 36.37546214940230, 106.91150611545891],
       [127.36193766370864, 36.37548476045947, 100.11304425913841],
       [127.36191566887780, 36.37549765161587, 96.66969671007246],
       [127.36190771476350, 36.37546029964961, 99.45201611239463],
       [127.36190167904493, 36.37544775702937, 103.03437648341060],
       [127.36190511426531, 36.37543142071688, 106.99639987666160],
       [127.36191389985646, 36.37544048468480, 101.90690213628113],
       [127.36189051228413, 36.37546769822386, 95.80683297943324],
       [127.36189544090742, 36.37545219580426, 99.45022706687450],
       [127.36190763215536, 36.37543468377365, 110.57893733307719],
       [127.36189268873292, 36.37542445314116, 109.24517261330038],
       [127.36190873340720, 36.37543399621310, 107.01584346033633],
       [127.36190653762594, 36.37544062392340, 102.51875115558505],
       [127.36192456113999, 36.37543021871789, 110.98955085314810],
       [127.36189677178544, 36.37544184227894, 104.50773141346872],
       [127.36187571477211, 36.37545981228598, 103.33903625793755],
       [127.36189090912599, 36.37543886367901, 100.17802249174565],
       [127.36190167435491, 36.37543852695105, 99.71783404797316],
       [127.36189141835634, 36.37544988282781, 99.94244779460132],
       [127.36190351911510, 36.37543223761467, 102.24930565431714],
       [127.36189762398675, 36.37542534693250, 112.59936425834894],
       [127.36190362054676, 36.37543434768376, 110.40680593624711],
       [127.36189193107633, 36.37544792930115, 97.56672320514917],
       [127.36186975738744, 36.37546228961963, 95.45326746720821],
       [127.36190953648722, 36.37543558168801, 103.67208773363382],
       [127.36189331590563, 36.37543825904363, 97.65783170238137],
       [127.36188837075525, 36.37543520855437, 95.17869666405022],
       [127.36189979794338, 36.37544676421409, 96.05611041188240],
       [127.36191526553711, 36.37540740787887, 106.22266687545925],
       [127.36189348771202, 36.37540432727883, 101.27165046613663],
       [127.36187410284666, 36.37538444688447, 103.42786833178252],
       [127.36187110673654, 36.37541327854917, 98.46995379775763],
       [127.36189912572024, 36.37544891686320, 95.57942951750010],
       [127.36188617544458, 36.37545797462450, 91.41332023683935],
       [127.36189084738832, 36.37541795079482, 99.18183592054993],
       [127.36187674226512, 36.37543543409512, 95.82358242105693],
       [127.36188651662387, 36.37538896397447, 108.09907959401608],
       [127.36191015377652, 36.37539875812081, 107.56837836746126],
       [127.36191423395194, 36.37539558883282, 108.88482496049255],
       [127.36190251524907, 36.37540259267553, 104.27554036490619],
       [127.36190121261242, 36.37542959128360, 97.91723019164056],
       [127.36188053629105, 36.37542983209177, 92.59171887859702],
       [127.36187336243262, 36.37542066846013, 101.71189947333187],
       [127.36188291409218, 36.37542605889060, 94.01253823749721],
       [127.36192564564995, 36.37540684981414, 101.14410616084933],
       [127.36190231015767, 36.37543484332902, 94.92323376052082],
       [127.36190321105357, 36.37545733007595, 90.47127831168473],
       [127.36190932046924, 36.37542954106448, 96.04092124290764],
       [127.36191606788350, 36.37543726470348, 95.17465352360159],
       [127.36190845460762, 36.37544439082124, 89.58604206331074],
       [127.36191429533081, 36.37546453808927, 86.85906507447362],
       [127.36191279067870, 36.37546056276781, 91.54002919234335],
       [127.36190644448760, 36.37546784248726, 86.41286454163492],
       [127.36189409905629, 36.37547153735566, 84.91394951567054],
       [127.36189670457986, 36.37547821278203, 81.01223811879754],
       [127.36190133055950, 36.37545681550957, 83.91347092110664],
       [127.36191305805694, 36.37546729562391, 83.94334003143013],
       [127.36192174945909, 36.37548739930504, 81.84056016989052],
       [127.36191754141105, 36.37546660640606, 85.16995926294476],
       [127.36193230125372, 36.37547356614309, 81.10040919203311],
       [127.36193932528822, 36.37548716246637, 86.38950112648308],
       [127.36190824169017, 36.37547292321808, 88.91006474569440],
       [127.36191618351313, 36.37545658624179, 89.06132682226598],
       [127.36191303180364, 36.37548002135250, 80.82330414559692],
       [127.36190972001957, 36.37548358586861, 82.30977464746684],
       [127.36193426772083, 36.37551297632490, 76.51520676165819],
       [127.36190793514973, 36.37552043822210, 73.63316589035094],
       [127.36188259933459, 36.37551119464838, 73.77053587324917],
       [127.36191724702191, 36.37548105733438, 80.40455945022404],
       [127.36192987210764, 36.37551232126535, 80.91342822276056],
       [127.36193144973991, 36.37549341547786, 78.30487260129303],
       [127.36192300676313, 36.37553497589523, 76.05862808506936],
       [127.36191026285177, 36.37549748613901, 81.65255863498896],
       [127.36190591796606, 36.37547080003968, 87.91099417768419],
       [127.36191797147471, 36.37551292933046, 83.94693051371723],
       [127.36191619098652, 36.37548490663043, 83.45088954456151],
       [127.36189361567601, 36.37547327004390, 79.85116779711097],
       [127.36189173102186, 36.37550975268439, 75.05115623213351],
       [127.36189120965734, 36.37550350542233, 82.92657952941954],
       [127.36190191155778, 36.37550165916339, 74.13461669255048],
       [127.36189571461369, 36.37549846226845, 72.19271811190993],
       [127.36188519352712, 36.37549901374936, 75.10316716041416],
       [127.36187654250162, 36.37548014393804, 77.22180707752705],
       [127.36191246588884, 36.37546275749722, 88.64022343885154],
       [127.36190401139169, 36.37547476240432, 79.68453984055668],
       [127.36191182553212, 36.37549804835377, 74.12209471408278],
       [127.36191531846521, 36.37548446609625, 76.44549296982586],
       [127.36191684945896, 36.37548865437143, 75.83326780237257],
       [127.36187647404809, 36.37551077736016, 73.62627637479454],
       [127.36191308971920, 36.37545955938135, 83.22822863515466],
       [127.36191066117794, 36.37545932474180, 83.04869485739619],
       [127.36190735594884, 36.37547197220928, 83.92239062860608],
       [127.36189384519199, 36.37552314299293, 72.88125905767083],
       [127.36188941462603, 36.37551381059396, 70.46541769988835],
       [127.36190236999241, 36.37550112639056, 73.75812108907849],
       [127.36193952633543, 36.37545945114712, 86.46205377858132],
       [127.36190299069339, 36.37543654520111, 88.71979396324605],
       [127.36190044003673, 36.37547244528282, 84.94069977011532],
       [127.36190408311282, 36.37549442283122, 81.28218313120306],
       [127.36189626341930, 36.37549140623063, 82.98170167487115],
       [127.36189803639492, 36.37548546307710, 78.00272381864488],
       [127.36191064235575, 36.37544524615152, 86.41670768707991],
       [127.36190336219397, 36.37546927488120, 85.70897139515728],
       [127.36190011173731, 36.37544634201663, 84.94477270264179],
       [127.36189686535819, 36.37542889676620, 85.59938898496330],
       [127.36191357822858, 36.37544552578305, 88.96192765608430],
       [127.36189877208233, 36.37545685549475, 84.60957959201187],
       [127.36190543800369, 36.37545738607149, 88.55771017447114],
       [127.36191278051712, 36.37546326981985, 89.70842788740993],
       [127.36189252911360, 36.37545171173016, 89.38919572625309],
       [127.36189121768669, 36.37543513919643, 91.16946217417717],
       [127.36186671049600, 36.37541954338091, 94.26544041372836],
       [127.36190309505645, 36.37542308486358, 101.40586448460817],
       [127.36190176183641, 36.37542984029075, 94.37656780611724],
       [127.36191493067599, 36.37540445702319, 98.97309627663344],
       [127.36189947630641, 36.37544436152618, 89.22169526293874],
       [127.36189423201134, 36.37544504537746, 89.94587918464094],
       [127.36191197501785, 36.37545181773687, 95.19908353127539],
       [127.36190999918983, 36.37546386348852, 91.32389793358743],
       [127.36186770172279, 36.37544205731152, 91.65421372186393],
       [127.36188831924751, 36.37543756496993, 91.65406476613134],
       [127.36190221490182, 36.37544635074200, 89.34975884575397],
       [127.36193533834415, 36.37543700389661, 90.52357049658895],
       [127.36190973719360, 36.37542156213492, 93.10514924954623],
       [127.36188962897045, 36.37540870082726, 98.80369505099952],
       [127.36188363768348, 36.37542652233911, 95.91515704710037],
       [127.36187668075976, 36.37543904070735, 91.14703752379864],
       [127.36190676910577, 36.37547522591864, 85.25517974514514],
       [127.36187701077847, 36.37543472365477, 92.93391645979136],
       [127.36191984479753, 36.37546649747800, 90.44767715316266],
       [127.36191806279230, 36.37543597762730, 95.12795960623771],
       [127.36190412317055, 36.37546904165281, 92.65742703899741],
       [127.36192064091111, 36.37548234485948, 87.73208135087043],
       [127.36189421259374, 36.37545350461153, 88.95671484060585],
       [127.36191998505541, 36.37546785913954, 87.27626474015415],
       [127.36193530037217, 36.37542228768076, 95.12056717090309],
       [127.36193351723867, 36.37542346766311, 93.93589000031352],
       [127.36192187580797, 36.37540415861447, 105.11554461251944],
       [127.36190864185320, 36.37542119153692, 99.48452351614833],
       [127.36189920365661, 36.37545535621811, 90.89856288954616],
       [127.36192178399423, 36.37546115603837, 90.57635235972703],
       [127.36191434269546, 36.37548394470937, 86.12791917752475],
       [127.36189576470035, 36.37543764194155, 92.38332762103528],
       [127.36189304464625, 36.37542734139485, 100.15361954830587],
       [127.36186581651987, 36.37542161304366, 95.56173019763082],
       [127.36190256976508, 36.37545208064386, 95.21305615920573],
       [127.36192034801049, 36.37545330532839, 91.40182183310390],
       [127.36194304826699, 36.37544540077235, 93.96457806508988],
       [127.36191527686630, 36.37546857090292, 88.56248803343624],
       [127.36190920793217, 36.37542896056654, 96.57265395391732],
       [127.36191921769566, 36.37545018958176, 96.02549537364393],
       [127.36190180921511, 36.37548066761342, 85.68833370972425],
       [127.36190244020426, 36.37548501029033, 83.00372849311680],
       [127.36192742977802, 36.37545269561138, 89.31759565975517],
       [127.36191698641520, 36.37543287393994, 94.26163356285542],
       [127.36191659760300, 36.37546584819663, 90.36972282826900],
       [127.36190820998131, 36.37549195103288, 85.15892473328859],
       [127.36194907179596, 36.37549199555130, 88.41590705141425],
       [127.36191546851637, 36.37546962500374, 91.33951168786734],
       [127.36192590138654, 36.37549963943385, 85.17223864421248],
       [127.36192938765876, 36.37548317930049, 84.36098284088075],
       [127.36191829423073, 36.37545817621363, 90.97337229829282],
       [127.36194103774197, 36.37547435437817, 84.02873838227242],
       [127.36191648187415, 36.37547815389820, 85.48094017896801],
       [127.36191420786503, 36.37549212190275, 84.47149974480271],
       [127.36194837495252, 36.37546712457640, 92.28435537219048],
       [127.36195391437921, 36.37547887108898, 88.10156908538193],
       [127.36194892439489, 36.37548544984814, 84.20982060488313],
       [127.36194154441982, 36.37548234147843, 86.96195891220123],
       [127.36195213613216, 36.37544189906654, 101.99282754026353],
       [127.36194610774864, 36.37546872023040, 95.56505607999861],
       [127.36193389491672, 36.37543867193114, 102.56392881926149],
       [127.36192980625387, 36.37548083005750, 97.34369593579322],
       [127.36193731817606, 36.37549535287229, 88.86805384326726],
       [127.36193022818274, 36.37545792359816, 93.97463307995349],
       [127.36193297607254, 36.37548861042251, 93.97781643643975],
       [127.36191376721141, 36.37545701923702, 94.90688992198557],
       [127.36190293398754, 36.37545546520783, 96.02813703473657],
       [127.36191807943216, 36.37544586131921, 99.24860633444041],
       [127.36190421414658, 36.37542075306733, 109.32801424246281],
       [127.36193935065067, 36.37543933974138, 102.46642134897411],
       [127.36193243861146, 36.37542301350376, 102.60565381031483],
       [127.36191014659296, 36.37543764111561, 101.63212325237691],
       [127.36192739431445, 36.37546168210380, 93.31168638356030],
       [127.36191515899878, 36.37544186609885, 96.76392382942140],
       [127.36190881395689, 36.37545675412337, 89.69621874671429],
       [127.36192007976017, 36.37545545365512, 101.12136008031666],
       [127.36194786382741, 36.37543890899840, 106.87988979090005],
       [127.36193952073864, 36.37543010952221, 108.03595331963152],
       [127.36187130726373, 36.37543143577643, 99.77991329319775],
       [127.36187083788097, 36.37540167663734, 96.45789008773863],
       [127.36190529963007, 36.37537343771883, 104.48473479039967],
       [127.36192112241797, 36.37539650622168, 108.76165782194585],
       [127.36190662817839, 36.37542955425523, 102.97289530932903],
       [127.36190146954188, 36.37543048413023, 100.76496425550431],
       [127.36191478844029, 36.37543197092683, 102.37691043037921],
       [127.36192749600495, 36.37544418492991, 105.80929065961391],
       [127.36191637450592, 36.37541022951371, 109.50692872889340],
       [127.36191233236656, 36.37544180719983, 107.16529492847621],
       [127.36191611795192, 36.37541969127059, 106.66343314200640],
       [127.36189989706666, 36.37542240102230, 105.08981601335108],
       [127.36190070336734, 36.37543064438491, 98.23022211063653],
       [127.36190143785075, 36.37542519996548, 104.21143166907132],
       [127.36190293799397, 36.37544117549179, 105.97643596120179],
       [127.36192033229068, 36.37545464571844, 93.20497419498861],
       [127.36193440548612, 36.37546263828104, 98.78654301911592],
       [127.36192824474389, 36.37545782381412, 103.53669249545783],
       [127.36190858110032, 36.37542724291795, 112.29935233108699],
       [127.36191255894164, 36.37544679467704, 108.61994768399745],
       [127.36191674404793, 36.37544965227430, 101.47940788324922],
       [127.36192625251930, 36.37541432119480, 103.14428091607988],
       [127.36192808128924, 36.37541478918160, 104.97940081544220],
       [127.36190772183431, 36.37539416150398, 114.83152448851615],
       [127.36190328592615, 36.37538569893638, 116.02968763746321],
       [127.36190132459683, 36.37538609931935, 114.09289486054331],
       [127.36191332950519, 36.37539465418131, 111.53092321939766],
       [127.36189267660832, 36.37541230305406, 111.51050665788352],
       [127.36188260398316, 36.37542004732631, 105.67793605290353],
       [127.36186192071823, 36.37542868909375, 98.26398544292897],
       [127.36188842038734, 36.37541311319687, 100.47524499893188],
       [127.36189029735309, 36.37543686118734, 97.65435947664082],
       [127.36188300740307, 36.37541769958246, 100.71810215339065],
       [127.36188133485713, 36.37540885659424, 99.53424384351820],
       [127.36187689070243, 36.37539141473697, 103.00510611757636],
       [127.36191639031696, 36.37540265526987, 107.82629037369043],
       [127.36191463492382, 36.37541608756695, 102.25975915975869],
       [127.36191639295744, 36.37541165845050, 108.27351088728756],
       [127.36191599432169, 36.37541942091952, 106.33000819757581],
       [127.36191487594580, 36.37543496180724, 103.72385031171143],
       [127.36189513163451, 36.37543632863279, 97.97339403536171],
       [127.36188759972357, 36.37544750076600, 96.46372363157570],
       [127.36187705197810, 36.37543375226478, 99.22997506149113],
       [127.36190529380885, 36.37542527587836, 97.90311600640416],
       [127.36191830226306, 36.37543496126828, 101.85336424130946],
       [127.36193214572425, 36.37546604607100, 94.19355490151793],
       [127.36193474774262, 36.37546336363231, 89.78118722140789],
       [127.36191633063204, 36.37545044191567, 94.83823361527175],
       [127.36193033170400, 36.37545216391954, 95.40023408737034],
       [127.36191730333503, 36.37546570328909, 90.81155955139548],
       [127.36190675770538, 36.37545041024865, 95.12686688266695],
       [127.36191692649795, 36.37547215436312, 96.25677208416164],
       [127.36190497284106, 36.37547987348189, 87.62265904154629],
       [127.36191453975634, 36.37545168534115, 93.42327055614442],
       [127.36190773087392, 36.37546062445604, 93.09108718764037],
       [127.36192386723388, 36.37546325341809, 97.13194365054369],
       [127.36192550970785, 36.37545666211728, 98.96483619697392],
       [127.36191916027992, 36.37544614292393, 96.93359989486635],
       [127.36192385285997, 36.37542936070801, 98.34402406401932],
       [127.36193805425484, 36.37543054875048, 100.51429037842900],
       [127.36192971617601, 36.37544841729988, 96.77107907086611],
       [127.36191794004459, 36.37546671532735, 88.16433606855571],
       [127.36189901417349, 36.37549809004689, 85.58573001436889],
       [127.36189136784006, 36.37551080235261, 83.57566419523209],
       [127.36190510222154, 36.37549582838233, 89.30399972293526],
       [127.36192388431630, 36.37550531158540, 88.32320810481906],
       [127.36190240620301, 36.37549297791099, 90.24053595867008],
       [127.36191508712479, 36.37548147591010, 89.28904942702502],
       [127.36193671978830, 36.37546560346087, 94.85173917002976],
       [127.36195229764851, 36.37547111943050, 93.37784872949123],
       [127.36196298232537, 36.37547578178498, 92.93464723788202],
       [127.36193960991507, 36.37547931482954, 94.52647167909890],
       [127.36194353705565, 36.37543689153885, 94.02081014029682],
       [127.36192556229418, 36.37546742663594, 89.92046820931137],
       [127.36194964419788, 36.37548617226012, 87.65279651153833],
       [127.36193159875636, 36.37548229935877, 87.45068667177111],
       [127.36193873962200, 36.37548236206684, 94.45916600245982],
       [127.36192698363622, 36.37548117723998, 96.66955912951380],
       [127.36192686782103, 36.37547019936029, 95.26945438701659],
       [127.36191934136671, 36.37547411107189, 93.30358291976154],
       [127.36193383412693, 36.37548536321904, 91.58835175074637],
       [127.36194125671435, 36.37548413427187, 87.68289102986455],
       [127.36195453827784, 36.37550440379106, 90.08076941780746],
       [127.36195629205045, 36.37552247787796, 89.61779782641679],
       [127.36194035633146, 36.37550820170982, 90.28356153424829],
       [127.36194856157186, 36.37547732061024, 98.05632691923529],
       [127.36193802149820, 36.37547910810403, 91.53540803771466],
       [127.36191865696757, 36.37546596832109, 95.10342806670815],
       [127.36191105732071, 36.37550156449844, 86.91380997560918],
       [127.36193447234729, 36.37547713051227, 97.96843206509948],
       [127.36194889865160, 36.37547591808254, 99.06971755903214],
       [127.36193809284134, 36.37549733511644, 92.01364198885858],
       [127.36192419867832, 36.37549930165932, 89.66459672246128],
       [127.36190904806162, 36.37550248277507, 92.22095612157136],
       [127.36191093735846, 36.37548285757340, 96.40473195351660],
       [127.36191936186121, 36.37547666864361, 95.34989214409143],
       [127.36191150880325, 36.37547844992252, 92.97261113114655],
       [127.36194479159458, 36.37551039786030, 89.61492189113051],
       [127.36192831071959, 36.37548043698979, 96.93939093966037],
       [127.36193164760130, 36.37545620931812, 100.78927346132696],
       [127.36193153907958, 36.37545431204835, 98.99230518564582],
       [127.36191916340915, 36.37544797427562, 105.00793508253992],
       [127.36191088767015, 36.37545185641271, 103.67131633125246],
       [127.36192936850529, 36.37547873184806, 98.42256243526936],
       [127.36191115221477, 36.37545265573851, 103.67121341824532],
       [127.36194976305826, 36.37548561268496, 96.33106392249465],
       [127.36195317280401, 36.37546047080152, 101.74131898023188],
       [127.36193105384699, 36.37542854546177, 106.92694426514208],
       [127.36192621404092, 36.37542890151901, 101.70135613251477],
       [127.36194297867345, 36.37544728848824, 99.96854510530829],
       [127.36194655812879, 36.37547681654010, 93.45204778574407],
       [127.36191818787266, 36.37549619326241, 88.77640843391418],
       [127.36190759245062, 36.37546465448301, 93.64905919600278],
       [127.36192975475493, 36.37544707847847, 105.00712992530316],
       [127.36192017414163, 36.37544867599792, 104.20489473734051],
       [127.36194251169520, 36.37544736873109, 109.81253847759217],
       [127.36193014310680, 36.37544222010099, 106.70200777892023],
       [127.36192748095330, 36.37542573656116, 111.21759075019509],
       [127.36192610196014, 36.37541265597206, 109.42606118787080],
       [127.36193016736512, 36.37541607065061, 108.18518801871687],
       [127.36188788058168, 36.37542399068978, 106.12170828226954],
       [127.36187207909155, 36.37546350895936, 94.29653437808156],
       [127.36190037216558, 36.37544393864817, 102.60981911513954],
       [127.36190874184349, 36.37544510027681, 102.44095505494624],
       [127.36189980865278, 36.37544048710534, 105.50027288123965],
       [127.36187823480064, 36.37542845458972, 107.47186172474176],
       [127.36190412434250, 36.37542898158710, 100.95284021738917],
       [127.36190278386022, 36.37539832508683, 103.84143439121544],
       [127.36190282255956, 36.37542204886625, 102.35399558488280],
       [127.36191208071399, 36.37543393840534, 101.49229774717242],
       [127.36190197355137, 36.37545013691178, 104.79498041234910],
       [127.36188900285161, 36.37544939186124, 105.20742195751518],
       [127.36190521008056, 36.37542856563068, 107.31944030895829],
       [127.36189278591817, 36.37541864445945, 105.01782044675201],
       [127.36190395241566, 36.37542671484557, 105.21998267062008],
       [127.36189538916045, 36.37541398347074, 104.67580502573401],
       [127.36191370069906, 36.37543534646883, 96.78737658262253],
       [127.36190667275382, 36.37543841260527, 97.20602568984032],
       [127.36191538719167, 36.37541055078049, 99.55576455872506],
       [127.36191938812590, 36.37541399843865, 104.72451873403043],
       [127.36190884066986, 36.37542357979835, 103.91462329588830],
       [127.36192029482197, 36.37542959444124, 102.86498593818396],
       [127.36191358508268, 36.37546670685087, 91.56659953482449],
       [127.36190633215686, 36.37545073079757, 100.12847988680005],
       [127.36191109419951, 36.37544462969856, 100.38947945460677],
       [127.36190596453319, 36.37543092690581, 102.77821585070342],
       [127.36191714938346, 36.37539687225939, 107.27128387056291],
       [127.36189410420835, 36.37542969655291, 105.42358348518610],
       [127.36190950707609, 36.37543909867478, 104.00743770971894],
       [127.36191049380484, 36.37543382235822, 102.23533007502556],
       [127.36189750760221, 36.37545349018117, 99.14644185546786],
       [127.36190015604221, 36.37545781722331, 98.76930931583047],
       [127.36192271056572, 36.37541646114200, 107.28953448217362],
       [127.36191620286122, 36.37541557788325, 99.56529313419014],
       [127.36189469055533, 36.37543492306778, 95.56683643441647],
       [127.36190738499830, 36.37542995824927, 105.78057505376637],
       [127.36191017378236, 36.37542425450853, 109.21909189317375],
       [127.36189832270946, 36.37544570045071, 101.77952887210995],
       [127.36189207354589, 36.37545443972813, 96.27682078536600],
       [127.36190099661064, 36.37543371970185, 98.87750024721026],
       [127.36192193394140, 36.37542648679774, 100.87777168676257],
       [127.36193542026955, 36.37544117048626, 100.35666095651686],
       [127.36190121718809, 36.37546760860951, 95.70693802740425],
       [127.36188977078035, 36.37547279288978, 95.07278434559703],
       [127.36190970417107, 36.37546045523334, 98.20023506227881],
       [127.36190756054499, 36.37545025969582, 98.06423928774893],
       [127.36189553188713, 36.37546654870948, 97.07414481323212],
       [127.36190067413185, 36.37549101188728, 92.88849844597280],
       [127.36189433686478, 36.37549078758974, 93.98190668132156],
       [127.36191452999633, 36.37545462299520, 103.35315932799131],
       [127.36191805922672, 36.37544876079983, 102.23874294385314],
       [127.36192561841271, 36.37542185855028, 101.87371181230992],
       [127.36191890194412, 36.37542883879157, 97.03831234015524],
       [127.36192438309894, 36.37545089512213, 97.79725951049477],
       [127.36192654791112, 36.37549170903539, 92.88123371452093],
       [127.36192185014313, 36.37548473181597, 93.15719499345869],
       [127.36192014549343, 36.37546641146722, 98.41464760340750],
       [127.36192461427288, 36.37542870036880, 101.54181109741330],
       [127.36191476214334, 36.37545935891274, 96.05202424712479],
       [127.36190122658714, 36.37544687035984, 95.47086033690721],
       [127.36193534254575, 36.37541808100572, 102.69526020903140],
       [127.36191887338256, 36.37543962467026, 98.01924058515579],
       [127.36191301749936, 36.37546309001551, 98.28584794979542],
       [127.36190226117711, 36.37542883087529, 101.39883377403021],
       [127.36190541373412, 36.37543454923809, 104.39847306814045],
       [127.36191168834920, 36.37544688387236, 100.51666084863245],
       [127.36192051517942, 36.37543793878242, 96.75692747440189],
       [127.36190881382353, 36.37542023527748, 98.17139391880482],
       [127.36191017192316, 36.37544575204541, 97.58927005343139],
       [127.36192099589609, 36.37546481623754, 93.50488760601729],
       [127.36192521003375, 36.37545347978808, 99.04802182223648],
       [127.36191236513540, 36.37544632991374, 94.69281134661287],
       [127.36191379423552, 36.37542551366416, 99.37549848388880],
       [127.36191348565082, 36.37544396364340, 93.78115157410502],
       [127.36193748740187, 36.37542761673730, 105.17658495903015],
       [127.36192139821917, 36.37544077733362, 102.65516581479460],
       [127.36193277699668, 36.37543194571936, 102.20993388909847],
       [127.36192097555870, 36.37544040978202, 95.70976352877915],
       [127.36190530580824, 36.37544674135458, 99.58818424958736],
       [127.36191192072860, 36.37541566218470, 102.07180280331522],
       [127.36190874807392, 36.37541925174078, 104.18768193013966],
       [127.36190024715120, 36.37543282654389, 102.67637023050338],
       [127.36191005196609, 36.37542430190592, 105.09271095786244],
       [127.36190632355319, 36.37542505606137, 102.40861657727510],
       [127.36188921934891, 36.37542227385609, 105.66795453429222],
       [127.36191268900656, 36.37543671367349, 107.08176613785326],
       [127.36192915064233, 36.37547054897978, 95.93627869989723],
       [127.36190937096687, 36.37545324098161, 96.91081427875906],
       [127.36189961478134, 36.37542940054077, 99.24175732396543],
       [127.36192209744469, 36.37540345776467, 102.31158023234457],
       [127.36193370969995, 36.37539133424855, 99.64822264295071],
       [127.36191817072817, 36.37541038308551, 103.26010793820024],
       [127.36191026556320, 36.37542938132530, 99.89197252597660],
       [127.36190310413028, 36.37543929195438, 93.94170984718949],
       [127.36190893531645, 36.37541356905948, 104.56789013464004],
       [127.36191402404016, 36.37540690790187, 101.85252560209483],
       [127.36189466090539, 36.37538960805178, 106.20563566032797],
       [127.36188181339955, 36.37540080562638, 101.76931774429977],
       [127.36189242747933, 36.37540340625522, 105.49381337780505],
       [127.36189507196330, 36.37537705057413, 109.29935603588820],
       [127.36187281285727, 36.37539836121935, 106.66421638615429],
       [127.36188461808850, 36.37539954987131, 106.10675866808742],
       [127.36188661062290, 36.37539154019478, 102.83222973160446],
       [127.36186389860654, 36.37538170735174, 99.67395691759884],
       [127.36187658560726, 36.37539704951831, 95.13669328764081],
       [127.36188817048590, 36.37538252500001, 101.93478791508824],
       [127.36188216527530, 36.37540158045572, 102.16903117299080],
       [127.36189210436608, 36.37537770804445, 105.02505237143487],
       [127.36190119627294, 36.37538016147849, 107.28771311324090],
       [127.36188772610087, 36.37537625283126, 110.23588619008660],
       [127.36186394779982, 36.37539725143739, 108.80963374488056],
       [127.36186781223091, 36.37540278136871, 103.04117330070585],
       [127.36188043107896, 36.37539135841258, 104.28872543573380],
       [127.36186832794228, 36.37540165185195, 102.45814021863043],
       [127.36189418973133, 36.37538278343606, 101.10257793869823],
       [127.36190861114559, 36.37540893652296, 99.89523785747588],
       [127.36188881617694, 36.37543024498560, 102.76149571035057],
       [127.36184966819106, 36.37544518878641, 96.25050644762814],
       [127.36184606528664, 36.37544959287267, 97.23977447487414],
       [127.36186746426962, 36.37542597583845, 97.56729366723448],
       [127.36188013287270, 36.37542562171694, 94.92428919021040],
       [127.36186930844370, 36.37542943374758, 92.38150657899678],
       [127.36187266082548, 36.37541421935266, 94.38947816845030],
       [127.36187714082494, 36.37541693944026, 92.01379949972034],
       [127.36185556595137, 36.37542114427635, 93.39302337914705],
       [127.36188107555969, 36.37544977990606, 91.90140943601727],
       [127.36189227179803, 36.37544688127360, 90.29837575834244],
       [127.36187705772267, 36.37544558284949, 90.46201739739627],
       [127.36186691752452, 36.37544901620112, 89.21805864758790],
       [127.36187535162645, 36.37546685764863, 83.42796834278852],
       [127.36190689675253, 36.37544640020344, 93.18409602995962],
       [127.36190306585360, 36.37545729156280, 91.39612711127847],
       [127.36189069727726, 36.37543054044360, 91.40666613820940],
       [127.36190671672878, 36.37540140235981, 97.58512352127582],
       [127.36187457000781, 36.37541213099068, 95.27044099662453],
       [127.36188644752788, 36.37538703942241, 95.55744440015405],
       [127.36187441730358, 36.37542418165113, 89.49186127353460],
       [127.36189207182350, 36.37544450023574, 88.46120442356914],
       [127.36191035486220, 36.37542005105510, 96.89038296416402],
       [127.36189621673313, 36.37542266327384, 100.34974690154195],
       [127.36189128777110, 36.37543335363356, 97.50094565749168],
       [127.36189394844682, 36.37541620645487, 99.22555646579713],
       [127.36187352642499, 36.37545133372984, 91.85601923242211],
       [127.36187959608331, 36.37544913736524, 95.19488828815520],
       [127.36189022995663, 36.37543163146524, 97.04468760173768],
       [127.36189915105399, 36.37541825263757, 101.40522021148354],
       [127.36189927471207, 36.37543865021995, 91.85931982006878],
       [127.36190719759743, 36.37544354162539, 91.89477398898453],
       [127.36191079826860, 36.37543760204088, 89.39224399998784],
       [127.36191698017815, 36.37546593680167, 83.50676688179374],
       [127.36191719142302, 36.37543916332132, 89.36858114041388],
       [127.36190855365473, 36.37544923582435, 86.30725298356265],
       [127.36188393197959, 36.37545903358807, 86.71223294083029],
       [127.36188035839649, 36.37545367179967, 83.93177299760282],
       [127.36183927117919, 36.37547498287596, 84.04464006330818],
       [127.36185201071790, 36.37545969237866, 92.30363029707223],
       [127.36186525386364, 36.37546016625716, 90.77942904084921],
       [127.36187822446760, 36.37546458525433, 86.63682414591312],
       [127.36189330353770, 36.37545259893344, 90.07032646238804],
       [127.36189938322727, 36.37545709126896, 94.15219099819660],
       [127.36189428341294, 36.37545773954353, 90.98756779450923],
       [127.36190116096144, 36.37546344806304, 90.96900037955493],
       [127.36188613175472, 36.37545396004634, 93.51384349353611],
       [127.36187392394926, 36.37546367223066, 89.75227731000632],
       [127.36188554688319, 36.37547394516492, 90.03611316531897],
       [127.36187370157204, 36.37546514553333, 88.41841787192971],
       [127.36188765246557, 36.37547777281200, 87.16453834529966],
       [127.36189200942880, 36.37550129746400, 85.10360222682357],
       [127.36192130780340, 36.37548327684137, 88.70280652400106],
       [127.36191762671373, 36.37545736605350, 99.98702885769308],
       [127.36190232709858, 36.37549738983335, 91.82867904473096],
       [127.36190452868685, 36.37548941220728, 90.56839661393315],
       [127.36188341649267, 36.37549520438208, 84.28499775938690],
       [127.36188885109432, 36.37547235412940, 87.48132418375462],
       [127.36191951652584, 36.37546143343439, 94.69657129980624],
       [127.36191579144119, 36.37544700859820, 103.30451064091176],
       [127.36188855882818, 36.37547096062035, 95.05596071574837],
       [127.36191469117662, 36.37545518490771, 96.55104138888419],
       [127.36189961133769, 36.37549246596836, 89.18898546695709],
       [127.36187650816663, 36.37549068850722, 89.46201092749834],
       [127.36188974127109, 36.37547816684000, 91.91038394346833],
       [127.36188759630487, 36.37548191486272, 90.72413046844304],
       [127.36190994416117, 36.37546933103024, 97.50131884962320],
       [127.36188721773151, 36.37546108054001, 93.98233042191714],
       [127.36189994768425, 36.37547324773159, 88.15777976438403],
       [127.36188873288096, 36.37547044362002, 88.80550440028310],
       [127.36186046116666, 36.37547735614463, 96.30079300422221],
       [127.36186520312233, 36.37548119379929, 96.84590898733586],
       [127.36185777228705, 36.37549251353209, 91.07711471244693],
       [127.36187923074203, 36.37550345714421, 88.00773375201970],
       [127.36189097697923, 36.37546574052475, 99.62394925393164],
       [127.36188628626024, 36.37548758301011, 97.45545826666057],
       [127.36190586397306, 36.37548169521567, 93.59090818371624],
       [127.36188256357856, 36.37546658104331, 89.29733626265079],
       [127.36190699764667, 36.37548846809341, 92.46761919837445],
       [127.36188842801398, 36.37547391629271, 93.08146683406085],
       [127.36189217710971, 36.37547018945738, 95.82692976389080],
       [127.36190109764898, 36.37544496311828, 105.83247831370682],
       [127.36188814820378, 36.37544879267107, 102.66974424943328],
       [127.36189135335884, 36.37546967680360, 100.03789338562638],
       [127.36187221521563, 36.37546718151369, 98.94216283317655],
       [127.36187776259308, 36.37546238916140, 96.23654098901898],
       [127.36188528940474, 36.37543632269340, 99.86289529316127],
       [127.36188274963595, 36.37546960433492, 95.53771480359137],
       [127.36191947600601, 36.37546812966183, 95.87098088301718],
       [127.36190921522453, 36.37547359568801, 93.19893929641694],
       [127.36192916542333, 36.37546920185179, 93.55638313293457],
       [127.36192528431580, 36.37544895243914, 97.64532884676009],
       [127.36190112060274, 36.37544773377976, 103.96408508718014],
       [127.36191926408290, 36.37545726746746, 101.96493034623563],
       [127.36192858944960, 36.37544608342293, 100.39725679717958],
       [127.36189992160833, 36.37549473841798, 94.47303330898285],
       [127.36190398262454, 36.37550039329118, 95.26584526337683],
       [127.36190535264396, 36.37550842952744, 95.39697643090039],
       [127.36190268121211, 36.37549024329267, 90.66432366799563],
       [127.36189668839584, 36.37547824629701, 91.95301327388734],
       [127.36189313041143, 36.37548083464233, 95.60564075130969],
       [127.36190952524288, 36.37544909362130, 91.84752645716071],
       [127.36190810957436, 36.37544163602026, 96.32707351725549],
       [127.36190888010780, 36.37546197805122, 98.52483060117811],
       [127.36189435112553, 36.37547934434301, 96.57120367605239],
       [127.36189870058875, 36.37549236253921, 93.47618499118835],
       [127.36189713214355, 36.37547429952031, 97.01513948384672],
       [127.36190328222455, 36.37545720122196, 99.42905377782881],
       [127.36188728110528, 36.37548401807936, 94.62398541346192],
       [127.36189530993920, 36.37547333379078, 97.56745134107769],
       [127.36193927767587, 36.37543897937819, 104.31139215640724],
       [127.36194348169201, 36.37545425861983, 98.56777291093022],
       [127.36192216898915, 36.37548454464873, 95.13302729651332],
       [127.36193078741985, 36.37547618499721, 100.10670905560255],
       [127.36193865438912, 36.37547077198090, 100.02346537355334],
       [127.36191913269901, 36.37548735673289, 92.16612112428993],
       [127.36191061653038, 36.37549202593795, 92.45388424117118],
       [127.36189165683396, 36.37547486970270, 99.81892467569560],
       [127.36191020746530, 36.37546292580592, 101.09972341079265],
       [127.36190896688990, 36.37546811922293, 100.76557014323771],
       [127.36190153460119, 36.37546089493758, 100.08751028962433],
       [127.36191592759799, 36.37547398674300, 99.90634877234697],
       [127.36192982363197, 36.37546710875725, 101.09896301012486],
       [127.36194302816926, 36.37548590811699, 96.26973049063236],
       [127.36191857800506, 36.37548206454252, 98.61831365618855],
       [127.36190126172507, 36.37548115379516, 99.88758843485266],
       [127.36191529984123, 36.37548541796986, 99.25168815068901],
       [127.36188789585064, 36.37549068608527, 94.94070986006409],
       [127.36189122944361, 36.37547574644007, 98.61603915505111],
       [127.36188972065072, 36.37547780343553, 99.44888606481254],
       [127.36189005301650, 36.37547488618274, 100.31777171231806],
       [127.36192251846560, 36.37548060148805, 99.88770044408739],
       [127.36190185370627, 36.37547431858155, 96.72571545932442],
       [127.36188697980482, 36.37546775143505, 98.56957431416959],
       [127.36190030734234, 36.37546731699510, 100.23519534990191],
       [127.36191119464949, 36.37546275186728, 99.85020953975618],
       [127.36191552975110, 36.37545994182483, 102.06007399968803],
       [127.36187002941423, 36.37547596385357, 97.51332847122103],
       [127.36187554383145, 36.37546722827888, 101.44969703163952],
       [127.36190330129327, 36.37547104294815, 99.97578730434179],
       [127.36193528820861, 36.37546487291141, 106.30967273656279],
       [127.36189770006541, 36.37547671999087, 105.28106305003166],
       [127.36188853014575, 36.37546497943043, 103.31408335175365],
       [127.36190038126122, 36.37546117940739, 99.12251186091453],
       [127.36189290467131, 36.37547329382738, 98.74094798974693],
       [127.36188807135215, 36.37547487493970, 101.87714811321348],
       [127.36190946530894, 36.37544452244876, 109.64922202751040],
       [127.36192606813633, 36.37544592393713, 105.36281896382570],
       [127.36189857832544, 36.37543571779239, 106.86345848627388],
       [127.36190724815003, 36.37543910901256, 105.95502365287393],
       [127.36190084787587, 36.37547159279595, 103.38003299199045],
       [127.36190776855450, 36.37546162720067, 103.07961792871356],
       [127.36187867279902, 36.37543526115582, 111.32924387883395],
       [127.36189237643001, 36.37542650134603, 108.50557256117463],
       [127.36189971648912, 36.37541837778239, 109.01694814022630],
       [127.36190128661326, 36.37543045762230, 105.54234331566840],
       [127.36189397103324, 36.37542843867984, 108.24203300289810],
       [127.36187469853468, 36.37543458781999, 106.65092995110899],
       [127.36189760505161, 36.37542886380380, 107.52915131207556],
       [127.36190159317665, 36.37542799757112, 109.16557498835027],
       [127.36191989751570, 36.37543112322573, 113.61303580179811],
       [127.36188566079811, 36.37543577479199, 108.85176188498735],
       [127.36189030215068, 36.37543184898524, 103.47135500237346],
       [127.36188263363178, 36.37541727195791, 107.14768117293715],
       [127.36187458991147, 36.37541931905737, 105.78949687723070],
       [127.36186565247640, 36.37544295720114, 100.92069861385971],
       [127.36187866401535, 36.37542958553664, 105.32938476279378],
       [127.36188144490097, 36.37542410916605, 107.86444609146565],
       [127.36187270618602, 36.37541854050416, 107.06124915275723],
       [127.36189848428336, 36.37543039129785, 108.57663947716355],
       [127.36189714185143, 36.37544412527145, 108.14023754000664],
       [127.36189230597421, 36.37545006186072, 106.61931635811925],
       [127.36187806239465, 36.37544596932581, 107.63898363430053],
       [127.36189160703582, 36.37545141240813, 102.66778199933469],
       [127.36189777522586, 36.37544960880214, 98.40380235575140],
       [127.36189476013297, 36.37543673342402, 99.51310957781971],
       [127.36188969748402, 36.37542699865842, 107.66121572349221],
       [127.36189419002297, 36.37542300728081, 108.47460920922458],
       [127.36186861227911, 36.37542252926001, 112.02520417142659],
       [127.36186783703015, 36.37541604690005, 104.81184600479901],
       [127.36186070859907, 36.37542265049572, 105.39560456760228],
       [127.36184238431558, 36.37541796572116, 103.67445461731404],
       [127.36188248096585, 36.37543955399234, 96.99239367619157],
       [127.36189359416977, 36.37543940044304, 104.08217896614224],
       [127.36187903897628, 36.37540579646881, 107.59607897233218],
       [127.36184617145305, 36.37544214493192, 106.24184547830373],
       [127.36185455864266, 36.37544483607216, 106.86877473443747],
       [127.36184591557947, 36.37544701690231, 106.46422935090959],
       [127.36187206570931, 36.37545222062445, 104.65649787709117],
       [127.36184966122772, 36.37543090805944, 105.15329757146537],
       [127.36184822712688, 36.37543726818020, 102.04581112600863],
       [127.36186764476578, 36.37545091746522, 99.09662705287337],
       [127.36185490593786, 36.37546456013452, 99.22958451882005],
       [127.36184203517762, 36.37545575810277, 100.68757542595267],
       [127.36185671764120, 36.37544356515756, 97.80152932461351],
       [127.36186345366661, 36.37543235101548, 105.40214784257114],
       [127.36184490676884, 36.37544954491704, 102.10776007734239],
       [127.36184282285022, 36.37546840009853, 99.29153441824019],
       [127.36185667768557, 36.37547057722146, 99.72375799622387],
       [127.36187040380246, 36.37547548474459, 95.95935128442943],
       [127.36186789960355, 36.37546240634837, 99.60376255493611],
       [127.36184719746898, 36.37545938631093, 93.50547729525715],
       [127.36186445564886, 36.37545400571536, 96.37709070369601],
       [127.36183138592015, 36.37549460108765, 97.90181582793593],
       [127.36184358312791, 36.37548092979207, 96.67203756328672],
       [127.36186755235694, 36.37549754150973, 96.62484609708190],
       [127.36186731534977, 36.37548325820492, 92.13171677384526],
       [127.36185878812815, 36.37546336695115, 90.26590542122722],
       [127.36183796905091, 36.37548274990034, 88.67829578462988],
       [127.36183784542446, 36.37548409137315, 87.46591147407889],
       [127.36186205114625, 36.37551265182103, 82.79345447663218],
       [127.36186045442629, 36.37550883919340, 85.29282776918262],
       [127.36189659584295, 36.37548554555119, 90.97721307817847],
       [127.36189491053130, 36.37549652492406, 91.97629843652248],
       [127.36186487288079, 36.37550376975121, 90.60850293375552],
       [127.36185971075982, 36.37548018860226, 89.03201915882528],
       [127.36185558706057, 36.37551346322937, 90.19013304263353],
       [127.36186785449222, 36.37552839952447, 83.66539955697954],
       [127.36184699254625, 36.37552470881717, 86.93979817628860],
       [127.36184746371072, 36.37551401303524, 83.64481862261891],
       [127.36182986604643, 36.37551427642353, 87.06168349832296],
       [127.36185562176149, 36.37551849209220, 85.67179618962109],
       [127.36188407069305, 36.37550371960248, 90.06489663943648],
       [127.36189374150584, 36.37552649274595, 93.67642087303102],
       [127.36188672458259, 36.37551951216918, 90.17319468036294],
       [127.36186750024193, 36.37552279227573, 88.35327784065157],
       [127.36186899551491, 36.37553060273068, 81.59739412274212],
       [127.36189390378185, 36.37550455544589, 89.47036120668054],
       [127.36189501337347, 36.37550386265459, 94.10720693133771],
       [127.36189951474832, 36.37551361968755, 90.06317836139351],
       [127.36189276114517, 36.37554146163544, 86.07903225440532],
       [127.36190197485718, 36.37551720515486, 91.26836975757033],
       [127.36188014951858, 36.37552142263846, 83.62815246451646],
       [127.36189229106418, 36.37552861739649, 80.20528874732554],
       [127.36187994047125, 36.37553233937930, 79.75302843283862],
       [127.36185874693280, 36.37550538900221, 89.38256022334099],
       [127.36186965606815, 36.37552647562710, 87.92714058235288],
       [127.36188725777825, 36.37554120659534, 87.69285207428038],
       [127.36187848369367, 36.37552411972158, 86.90270424261689],
       [127.36187760080635, 36.37552053468079, 89.66526439692825],
       [127.36187191657628, 36.37553330324857, 87.08479848969728],
       [127.36187588949755, 36.37554571095311, 85.28904992900789],
       [127.36188871692580, 36.37551547455387, 86.96833661943674],
       [127.36190938325981, 36.37551981716031, 83.47722683753818],
       [127.36190036539762, 36.37551519684814, 83.96056733466685],
       [127.36190462420366, 36.37550016053903, 82.09333312977105],
       [127.36189954271755, 36.37553519812788, 80.61310474388301],
       [127.36188678475231, 36.37553068316547, 86.54354065004736],
       [127.36187706670071, 36.37552932725570, 88.01168221142143],
       [127.36186673200287, 36.37552383798464, 90.39802520908415],
       [127.36189696441143, 36.37552628456550, 89.55794111359864],
       [127.36190419313611, 36.37551654340250, 91.62281587626785],
       [127.36191306420285, 36.37550467705216, 88.05006491299719],
       [127.36190194743747, 36.37547936907475, 88.55282786861062],
       [127.36189567831366, 36.37549089179691, 83.44131984561682],
       [127.36190672527134, 36.37547769022063, 89.26782622560859],
       [127.36189541951646, 36.37551817261288, 86.30837803054601],
       [127.36190861624618, 36.37553677416240, 84.51148720271885],
       [127.36189619310942, 36.37552331889180, 87.98004052508622],
       [127.36190311013584, 36.37548311682790, 93.83974386844784],
       [127.36188958020310, 36.37548684207961, 92.74965167790651],
       [127.36188480668017, 36.37546555048240, 96.25027738977224],
       [127.36190692509717, 36.37549117779527, 96.28505228366703],
       [127.36192089505192, 36.37548493517495, 96.93119454663247],
       [127.36190377985729, 36.37549985965519, 97.23670878913254],
       [127.36188580485367, 36.37550557929737, 92.68176356703043],
       [127.36189626509588, 36.37548436038973, 95.92843605391681],
       [127.36189615704907, 36.37548512260910, 103.06459617428482],
       [127.36189635223253, 36.37549317466991, 98.15553471166641],
       [127.36187267225317, 36.37550312734795, 89.97509305085987],
       [127.36188384268853, 36.37546867166526, 94.78439890127629],
       [127.36188660329671, 36.37544108497453, 104.65105125494301],
       [127.36188909785434, 36.37544825110222, 100.72864403855056],
       [127.36188082607737, 36.37546366036958, 101.36872275266796],
       [127.36189843108211, 36.37546371294629, 99.37691862974316],
       [127.36188430242456, 36.37547873190809, 98.59326816443354],
       [127.36190098275722, 36.37545342481569, 100.87539783865213],
       [127.36190239306605, 36.37541607223228, 105.80107921920717],
       [127.36191475005774, 36.37542740163729, 108.16278496477753],
       [127.36190567396309, 36.37543172238007, 108.59390649665147],
       [127.36190823549643, 36.37543513506489, 104.90221928153187],
       [127.36189722305357, 36.37544450291943, 99.20203901361674],
       [127.36188488669423, 36.37546687336395, 103.89798792079091],
       [127.36189283768979, 36.37546555301877, 103.49587292317301],
       [127.36190347236146, 36.37544573892173, 109.25742502883077],
       [127.36192067542328, 36.37544949183393, 109.99506125040352],
       [127.36190709787243, 36.37544983164403, 108.70424841530621],
       [127.36190777910974, 36.37546233680894, 99.64727785531431],
       [127.36191818447277, 36.37546712726620, 101.10811633337289],
       [127.36192427674605, 36.37546597708548, 103.18554665334523],
       [127.36190898476634, 36.37547306931757, 102.94896115362644],
       [127.36190816409288, 36.37546452504216, 102.80547900218517],
       [127.36190038465205, 36.37545487615255, 103.93570205010474],
       [127.36188705938223, 36.37545557188945, 104.07284120004624],
       [127.36190084861356, 36.37544784957758, 103.37742805760354],
       [127.36190507176305, 36.37545622719728, 111.82657341193408],
       [127.36191947144184, 36.37545854922876, 105.47580091934651],
       [127.36190411578377, 36.37545788419390, 108.60395149700344],
       [127.36191234460530, 36.37542288165695, 108.88958565052599],
       [127.36187391679395, 36.37543800525206, 108.44256281293929],
       [127.36188246391320, 36.37543201457213, 102.82395508512855],
       [127.36188967259025, 36.37543436785929, 106.23414324689656],
       [127.36190089474562, 36.37543640155184, 109.26178484596312],
       [127.36191091774593, 36.37544376714945, 109.04622617736459],
       [127.36192329798352, 36.37542749999249, 112.49437943287194],
       [127.36191199929210, 36.37543287549911, 109.40596326254308],
       [127.36191207109630, 36.37542391060468, 111.24880716204643],
       [127.36191992015910, 36.37545641287188, 107.72147622704506],
       [127.36191897878190, 36.37546534209518, 103.59146446175873],
       [127.36190711910487, 36.37542135602861, 114.17256391420960],
       [127.36190075549138, 36.37543207543575, 111.42539022024721],
       [127.36192357160868, 36.37544867294587, 107.12370888981968],
       [127.36190858436790, 36.37546221074194, 107.62642158567905],
       [127.36191569887427, 36.37545070691417, 107.65405583474785],
       [127.36189818655680, 36.37545564675226, 104.75715175177902],
       [127.36191542223548, 36.37546572745995, 102.44913720432669],
       [127.36191180082236, 36.37547617919041, 99.42194618936628],
       [127.36191056696495, 36.37546548346862, 99.60900783259422],
       [127.36190745683390, 36.37546332836103, 102.89959422685206],
       [127.36189652220197, 36.37545099253112, 104.88703912496567],
       [127.36190942933410, 36.37547205080372, 110.48624362330884],
       [127.36192467906838, 36.37545662460520, 109.85995461046696],
       [127.36190408237790, 36.37546219455224, 104.21617157291621],
       [127.36191246425388, 36.37544901128579, 102.04859410319477],
       [127.36191197077314, 36.37546687868412, 100.24704517237842],
       [127.36189560086181, 36.37546222060502, 103.42668669763952],
       [127.36190173138677, 36.37546983021797, 101.36873079184443],
       [127.36190288899473, 36.37547372570076, 102.06984128523618],
       [127.36190524511612, 36.37549160970369, 95.96559171751142],
       [127.36191478459278, 36.37547322963817, 100.03597500547767],
       [127.36192984244222, 36.37547048304840, 101.24611844215542],
       [127.36189877583300, 36.37546407664875, 104.22079600021243],
       [127.36191137918291, 36.37543835552894, 105.76473508309573],
       [127.36191020403032, 36.37545522944928, 96.45393481571227],
       [127.36191490451586, 36.37544701454394, 100.20712357666343],
       [127.36193387428112, 36.37545714864143, 99.95508300885558],
       [127.36190399091130, 36.37546577280796, 101.32712718565017],
       [127.36190717545705, 36.37547974742341, 99.95397565420717],
       [127.36192303933436, 36.37546307051210, 100.66696543153375],
       [127.36190364774454, 36.37546151112968, 101.45393894147128],
       [127.36191270039377, 36.37547132890386, 98.47486301045865],
       [127.36190200873796, 36.37545638973776, 96.12146556191146],
       [127.36189696087348, 36.37545549283784, 101.41954002529383],
       [127.36190371235634, 36.37546430233260, 99.95619828067720],
       [127.36190012303949, 36.37547218150540, 99.46710979286581],
       [127.36191882317894, 36.37548183792423, 96.11508420109749],
       [127.36191324291107, 36.37549612900908, 87.93136573210359],
       [127.36191162356727, 36.37548655860951, 86.06919939443469],
       [127.36190017028225, 36.37549371792053, 91.41538065113127],
       [127.36190322683984, 36.37547705375381, 92.76560511626303],
       [127.36188602863602, 36.37548987252839, 90.77256561815739],
       [127.36187971566945, 36.37548604506154, 90.90284240804613],
       [127.36187817001658, 36.37547790460621, 96.74542355444282],
       [127.36189113559459, 36.37549110668719, 90.73384731542319],
       [127.36190258040284, 36.37549457103872, 92.73556281067431],
       [127.36188127374270, 36.37547862549297, 92.17124814912677],
       [127.36189699441864, 36.37549024947731, 94.86833070777357],
       [127.36188846732375, 36.37546777622862, 92.32593992259353],
       [127.36188243741273, 36.37546961455374, 88.52365741599351],
       [127.36189320558879, 36.37547431653358, 90.48460843879730],
       [127.36190108161708, 36.37545440728186, 93.38898433279246],
       [127.36189190565061, 36.37546334444409, 93.66931206453592],
       [127.36188407027960, 36.37547224555679, 90.01763458829373],
       [127.36186956115864, 36.37545757196032, 97.67747944127768],
       [127.36187518765679, 36.37543149757089, 100.57538550440222],
       [127.36188996828919, 36.37543004925463, 100.42963589075953],
       [127.36187704732228, 36.37543733089947, 103.68024891708046],
       [127.36187648966039, 36.37542085980844, 104.82058701291680],
       [127.36188980529479, 36.37542461793363, 100.05550855863839],
       [127.36187128288108, 36.37543289158900, 95.53064776305109],
       [127.36187669035637, 36.37544112977541, 95.11277044285089],
       [127.36185487240810, 36.37544928690330, 95.64455566275865],
       [127.36186762300295, 36.37544439945398, 97.78685871604830],
       [127.36184848828955, 36.37544987396492, 95.84895345382392],
       [127.36185742341918, 36.37545472177018, 92.83712444733828],
       [127.36187619859911, 36.37544196052561, 96.01013601105660],
       [127.36188940327466, 36.37544553822718, 100.07873479276896],
       [127.36188607965843, 36.37543304736199, 99.29335208050907],
       [127.36188340128936, 36.37541892489114, 105.46112324483693],
       [127.36189743957063, 36.37544922083323, 101.34867693670094],
       [127.36188576914907, 36.37544875431951, 101.04736161325127],
       [127.36188482106336, 36.37543753765794, 95.49619547370821],
       [127.36189249032607, 36.37545758971520, 90.90834963694215],
       [127.36189914523656, 36.37546944204954, 94.27693602070212],
       [127.36188280577927, 36.37545054607606, 96.42077722214162],
       [127.36188059182943, 36.37543371013523, 100.73572921194136],
       [127.36189812972162, 36.37541336083779, 100.14023321960121],
       [127.36188990691240, 36.37542230411658, 102.62747471407056],
       [127.36190224441006, 36.37544368411653, 100.17752352543175],
       [127.36187368649499, 36.37546323395408, 95.66289542522281],
       [127.36186941613860, 36.37543105933412, 98.48323140386492],
       [127.36188909828815, 36.37543788763049, 97.97797226626426],
       [127.36188737096859, 36.37543380538798, 103.00939717888832],
       [127.36190932210324, 36.37543490359742, 107.50814824644476],
       [127.36192924680680, 36.37544535484748, 102.01915450766683],
       [127.36189807482612, 36.37544442455749, 101.67290968727320],
       [127.36190060203683, 36.37544620825093, 101.97867526579648],
       [127.36190018475692, 36.37541767343826, 110.10791361238807],
       [127.36188771952500, 36.37542536614937, 106.31453331373632],
       [127.36189521589206, 36.37544616731808, 96.05298302508891],
       [127.36189914371552, 36.37546275019881, 93.91567058674991],
       [127.36189305387502, 36.37545326342407, 98.90090808086097],
       [127.36189018269485, 36.37544231347280, 101.27683283109218],
       [127.36189988992128, 36.37545225090786, 101.12853772193193],
       [127.36190467474840, 36.37546581719685, 100.74974360316992],
       [127.36188724969328, 36.37546193199542, 94.99908598791808],
       [127.36190707866402, 36.37546772600247, 92.88918829243630],
       [127.36191451415600, 36.37547060542232, 93.33255262486637],
       [127.36191878319039, 36.37544652460878, 94.68128990009427],
       [127.36189581536026, 36.37544023740102, 95.85799985378981],
       [127.36190619820903, 36.37545674041774, 93.22787168808281],
       [127.36190293485143, 36.37546831335361, 94.33019701763988],
       [127.36191243310770, 36.37547165422746, 96.98453560471535],
       [127.36191920723219, 36.37544460636101, 100.61156082805246],
       [127.36190457781092, 36.37544752150528, 92.43538293521851],
       [127.36192888347585, 36.37546265679754, 88.60305545013398],
       [127.36191525068226, 36.37544539746546, 90.41547245997936],
       [127.36191966181572, 36.37546331705723, 92.26757741253823],
       [127.36191776667842, 36.37547599258011, 93.48525802325457],
       [127.36194217316236, 36.37545807738294, 100.75613080803305],
       [127.36192504704543, 36.37550405388914, 93.06553314067423],
       [127.36192724197731, 36.37547586701262, 93.70150604471564],
       [127.36191194656476, 36.37547173735200, 91.62850837595761],
       [127.36192258717629, 36.37546737351251, 94.15130576305091],
       [127.36194386083642, 36.37545672297345, 93.63375472277403],
       [127.36193569723105, 36.37546687673620, 95.94514005724341],
       [127.36195757776258, 36.37545635243750, 95.56023692619056],
       [127.36196517177076, 36.37546069875669, 98.74227192159742],
       [127.36196762694483, 36.37548502444256, 91.80038252845407],
       [127.36193399205114, 36.37549411971985, 87.56564358528703],
       [127.36192681500556, 36.37548248237501, 88.36265005171299],
       [127.36193900076577, 36.37548269141126, 88.99566597212106],
       [127.36191716635442, 36.37547355342955, 89.55476951040328],
       [127.36192735297297, 36.37550021288418, 87.06526208855212],
       [127.36193845735927, 36.37549954928767, 89.95425675902516],
       [127.36195185172080, 36.37550360729756, 88.54696616716683],
       [127.36194540988700, 36.37549653496570, 89.60174471698701],
       [127.36194974324285, 36.37545570585198, 99.17622803244740],
       [127.36193017097088, 36.37547422955679, 91.03492655884475],
       [127.36195604620841, 36.37547601600963, 93.67371932417154],
       [127.36194112689333, 36.37547678188066, 94.87737513799220],
       [127.36194653048031, 36.37549147986241, 92.40968490298837],
       [127.36194695298509, 36.37549692964927, 94.32265130616724],
       [127.36193503126351, 36.37549730638676, 91.07030861824751],
       [127.36193767722051, 36.37549091233449, 90.17583545017987],
       [127.36194247250444, 36.37546380964098, 90.98586487211287],
       [127.36195363679758, 36.37546977608158, 91.61708939913660],
       [127.36193125992598, 36.37547039062362, 95.23400136549026],
       [127.36195639256140, 36.37547011221606, 91.80492683965713],
       [127.36195352639155, 36.37549420635019, 90.69955600332469],
       [127.36192657137732, 36.37552385462335, 80.05114676989615],
       [127.36193790248538, 36.37547905387479, 91.02896421588957],
       [127.36195184257261, 36.37546532890158, 95.33722013793886],
       [127.36196468451116, 36.37545684476212, 100.56594716850668],
       [127.36193091902760, 36.37548429117039, 94.92979645356536],
       [127.36190782581680, 36.37552555178655, 87.89442194066942],
       [127.36193624136484, 36.37550141317110, 87.72634514048696],
       [127.36193704257470, 36.37549018008161, 87.15806357841939],
       [127.36192893608212, 36.37548755707046, 86.53569232393056],
       [127.36195449653268, 36.37547408456166, 90.76760977320373],
       [127.36193990246366, 36.37549453708902, 89.05736459884793],
       [127.36192872541250, 36.37547618017553, 89.73037484567612],
       [127.36191551295184, 36.37548041611632, 91.34450481273234],
       [127.36193632528526, 36.37548119978230, 92.65605381596833],
       [127.36191609848349, 36.37545377836535, 98.52486421819776],
       [127.36192791050759, 36.37547816111489, 92.33638490922749],
       [127.36192519113958, 36.37548173557260, 95.93950850237161],
       [127.36195284209752, 36.37547329791970, 102.80375174898654],
       [127.36195629399371, 36.37547026353874, 100.39074189681560],
       [127.36191316715423, 36.37546084787736, 96.99394047260284],
       [127.36191258959727, 36.37547689966893, 94.40964832343161],
       [127.36192988600129, 36.37547755764933, 91.81817216426134],
       [127.36192954982522, 36.37548003046485, 94.59572827070951],
       [127.36188496993898, 36.37549418155697, 92.19709833990782],
       [127.36189609450909, 36.37548994439229, 96.43294394388795],
       [127.36190860369423, 36.37547190466866, 96.06609371490777],
       [127.36191850231506, 36.37545707887617, 100.25591543968767],
       [127.36192038539829, 36.37547609137226, 97.58442450314760],
       [127.36191114157744, 36.37546524635679, 100.71299596223980],
       [127.36190173791242, 36.37547070115093, 94.97861666046083],
       [127.36192606589920, 36.37548081383438, 94.82376259472221],
       [127.36191543886225, 36.37551471637666, 92.33329123910517],
       [127.36191874367411, 36.37550458151000, 92.33591761253774],
       [127.36191387942321, 36.37548646219295, 92.35408975929022],
       [127.36190873201082, 36.37547106981928, 94.54665023460984],
       [127.36190129355127, 36.37545530806000, 94.45953164529055],
       [127.36191176468581, 36.37544518796282, 100.26955663692206],
       [127.36190934988865, 36.37547363321270, 95.04571772553027],
       [127.36193988819836, 36.37549726860764, 97.45043455809355],
       [127.36190924161944, 36.37548766775674, 97.37100492510945],
       [127.36190671991305, 36.37548176772301, 99.36985123530030],
       [127.36189093953685, 36.37549018825020, 96.05557331256568],
       [127.36190273788591, 36.37548703694905, 96.74533876497298],
       [127.36191779373519, 36.37549326278106, 96.95752074290067],
       [127.36191820947340, 36.37550467338044, 92.31040985602885],
       [127.36191618771703, 36.37549681650133, 93.89730081427842],
       [127.36191338455234, 36.37548333911011, 94.62187675107270],
       [127.36190687038325, 36.37548595121370, 94.52817662712187],
       [127.36192002356012, 36.37548971333705, 93.01555119268596],
       [127.36191147515562, 36.37549637023518, 92.98854175023735],
       [127.36188360066441, 36.37551819126426, 89.11209946405143],
       [127.36187861291941, 36.37552630629816, 87.99122285004705],
       [127.36188882243285, 36.37551956874697, 89.20254528056830],
       [127.36187678727700, 36.37553392822443, 87.04559324774891],
       [127.36189077811004, 36.37552344863889, 85.50268349424005],
       [127.36191585476595, 36.37551103296698, 91.22975044604391],
       [127.36191625804355, 36.37552137908258, 87.48012721538544],
       [127.36190385245662, 36.37551704041265, 86.29207688011229],
       [127.36191325814129, 36.37551197720757, 89.74806062970310],
       [127.36192954964110, 36.37552164759770, 84.37463625427336],
       [127.36190253128593, 36.37552713823453, 85.17082170117646],
       [127.36189245624944, 36.37552165965916, 82.36104369070381],
       [127.36188371735763, 36.37552948688962, 87.65354022849351],
       [127.36189182101791, 36.37551261737785, 90.10871101263911],
       [127.36189016887442, 36.37550621825898, 90.45806565973908],
       [127.36189289374184, 36.37549945702489, 91.52670512348413],
       [127.36191507287822, 36.37550574799786, 95.15432152152061],
       [127.36190478084848, 36.37548625016783, 95.06449929345399],
       [127.36190043293287, 36.37549441697899, 92.78689483460039],
       [127.36190565384328, 36.37549300392929, 90.57900031842291],
       [127.36190145357564, 36.37549877656761, 88.99743139557540],
       [127.36190152782704, 36.37551478133899, 87.81060498394072],
       [127.36187180461411, 36.37548880901271, 91.52021439373493],
       [127.36188976971596, 36.37550901685689, 89.46769253816456],
       [127.36190959675166, 36.37549199277578, 91.03248057700694],
       [127.36189989508087, 36.37548107046190, 90.06078614387661],
       [127.36191300130115, 36.37547204401043, 94.54247924778610],
       [127.36187724698087, 36.37548290134548, 92.43522552680224],
       [127.36186635601263, 36.37547364763525, 95.33848646655679],
       [127.36187678268074, 36.37546864910904, 97.80636326596141],
       [127.36189844641437, 36.37548458022388, 91.17472190037370],
       [127.36188814587220, 36.37547129504361, 92.70646632835269],
       [127.36190606125292, 36.37545952617932, 101.73041659314185],
       [127.36188349603124, 36.37545615108218, 100.07305281050503],
       [127.36187198141735, 36.37544980187006, 102.44641899410635],
       [127.36186767228963, 36.37546122205386, 96.35214218869805],
       [127.36187642269304, 36.37547115785479, 99.88572735805064],
       [127.36188444814431, 36.37547137415548, 98.72671493329108],
       [127.36188510671609, 36.37546346881366, 89.16276998165995],
       [127.36188726377765, 36.37545797301238, 93.40692705940455],
       [127.36188059034384, 36.37546341506639, 95.73002057522535],
       [127.36187853421173, 36.37546849260040, 99.08426398038864],
       [127.36190159615640, 36.37547903718614, 99.63034915272146],
       [127.36189842345682, 36.37548248290709, 93.81279978621751],
       [127.36189657486852, 36.37548369995396, 95.62083469703794],
       [127.36188607759112, 36.37547141913817, 97.80504248384386],
       [127.36188462977599, 36.37547608754304, 89.95845881383866],
       [127.36187078193117, 36.37547601786365, 91.92631379142404],
       [127.36187309737932, 36.37547567312766, 91.50069356616586],
       [127.36191887419427, 36.37546975399390, 98.33624821715057],
       [127.36192771931290, 36.37548350985614, 90.96240072324872],
       [127.36192536537672, 36.37548023818050, 88.96746706776321],
       [127.36190924593586, 36.37545800890294, 92.37836541701108],
       [127.36188944160870, 36.37548184169403, 90.57339210808277],
       [127.36190115410736, 36.37546990260920, 91.18024169933051],
       [127.36188669299230, 36.37547317980768, 90.91178747918457],
       [127.36189088813957, 36.37546900521770, 91.29915546253324],
       [127.36188241197995, 36.37548798687864, 86.62080017477274],
       [127.36191616322201, 36.37547431822437, 90.35058215819299],
       [127.36190416944582, 36.37549071042833, 86.14257506839931],
       [127.36193918697920, 36.37548432404556, 90.94070793967694],
       [127.36192337926074, 36.37549816380866, 86.15494540147483],
       [127.36188518785828, 36.37547942253647, 84.54002424329519],
       [127.36186041027783, 36.37545505575063, 84.34971726778895],
       [127.36188435741896, 36.37545327936353, 86.54362311773002],
       [127.36189306703230, 36.37545251457922, 89.24532643891871],
       [127.36190760219024, 36.37546706146078, 84.47911594621837],
       [127.36188004009961, 36.37548470132261, 84.64383477531374],
       [127.36190170025689, 36.37547984810681, 86.06214345153421],
       [127.36190320257610, 36.37547504614535, 82.83575671911240],
       [127.36192142366711, 36.37544423646580, 92.90549622010440],
       [127.36191049835588, 36.37544852830775, 90.65341035090387],
       [127.36190018432085, 36.37546640968047, 85.46109411306679],
       [127.36190530840263, 36.37545767715302, 85.09520226810127],
       [127.36188356012494, 36.37544913176702, 83.46112764161080],
       [127.36191290610732, 36.37542714629628, 92.14047153946012],
       [127.36187653828583, 36.37545740603739, 86.19705921132118],
       [127.36187848904461, 36.37545273306928, 84.60093468986452],
       [127.36188213257432, 36.37544178273016, 87.59375345520675],
       [127.36190513974162, 36.37544838814956, 84.66541844327003],
       [127.36191542612033, 36.37546334859970, 80.97191329859197],
       [127.36190362063395, 36.37544843908551, 80.74125383235514],
       [127.36189390123725, 36.37545331465197, 80.79819454345852],
       [127.36190631157133, 36.37546487625706, 84.63719994947314],
       [127.36189380667533, 36.37547906195827, 81.05806840863079],
       [127.36191061294134, 36.37547037687299, 87.27119656000286],
       [127.36190366977897, 36.37548164403613, 82.36907415837049],
       [127.36191266660538, 36.37548098284447, 77.90355223603547],
       [127.36190792742167, 36.37549275965036, 75.25589151959866],
       [127.36191412203388, 36.37548308518006, 78.56341522466391],
       [127.36192230208596, 36.37545460423338, 81.37348973285407],
       [127.36192503111428, 36.37544018471371, 87.02239231392741],
       [127.36193537495910, 36.37546161062446, 83.61453229747713],
       [127.36191876727982, 36.37543912381165, 85.81080257520080],
       [127.36193056064926, 36.37546338024450, 81.12606361787766],
       [127.36193639565640, 36.37546630141636, 81.55834421236068],
       [127.36191973086285, 36.37550414706295, 77.00809327326715],
       [127.36192603414716, 36.37547347870944, 80.75891210045666],
       [127.36191201826362, 36.37546170558677, 79.23973391950130],
       [127.36189987291449, 36.37544230349855, 85.61237675324082],
       [127.36192496814317, 36.37542912448132, 88.99312649015337],
       [127.36192805961906, 36.37545867865344, 87.19834986422211],
       [127.36191034997188, 36.37545618682547, 81.74022804573178],
       [127.36194929735714, 36.37545708930737, 85.24761611502618],
       [127.36193450459004, 36.37545525572133, 85.75862927362323],
       [127.36194337655583, 36.37545953960285, 87.06771848723292],
       [127.36193090315689, 36.37545590725575, 86.66721543949097],
       [127.36192202731873, 36.37545342068146, 82.66010165307671],
       [127.36191671366500, 36.37543694157673, 82.88296504598111],
       [127.36194681768517, 36.37543303903018, 92.56652947887778],
       [127.36194623974420, 36.37543693166112, 91.93396681454033],
       [127.36194250072523, 36.37543879372884, 89.04003412928432],
       [127.36193817230651, 36.37544801670315, 81.99006457719952],
       [127.36191771612135, 36.37540307869125, 91.63417317066342],
       [127.36191750334399, 36.37542796157038, 89.29729125928134],
       [127.36192605016429, 36.37543666189472, 89.59764484968036],
       [127.36191600965589, 36.37544862492965, 87.69003612827510],
       [127.36191230788684, 36.37543099534486, 89.11171950679272],
       [127.36191151188635, 36.37542950774683, 92.25554079469293],
       [127.36190795851545, 36.37540289846199, 93.70246355235577],
       [127.36192663966702, 36.37542887613325, 91.02640160545707],
       [127.36192363835036, 36.37543883525633, 89.25653322320431],
       [127.36191416059121, 36.37542202639368, 89.37161336932331],
       [127.36190761500978, 36.37540856284720, 90.83547450508922],
       [127.36191276923803, 36.37541592615344, 91.13766901567578],
       [127.36193632542975, 36.37542690613595, 91.31336486805230],
       [127.36192843213146, 36.37541501191451, 94.36615731474012],
       [127.36191701183371, 36.37540957013915, 97.41826015431434],
       [127.36192078047954, 36.37540578824452, 98.94039001222700],
       [127.36192447309294, 36.37539954466971, 102.67374929599464],
       [127.36193090114044, 36.37545512473345, 94.51785103324801],
       [127.36193613631589, 36.37542811718736, 94.62848985567689],
       [127.36192778068096, 36.37544445701885, 91.90052579715848],
       [127.36193361444464, 36.37542094547996, 96.10283896140754],
       [127.36195163265123, 36.37543850890020, 93.27489294949919],
       [127.36194732956699, 36.37544560745042, 90.24227005895227],
       [127.36193055807932, 36.37544161365248, 94.08271692134440],
       [127.36193087096585, 36.37541148592703, 100.16318443790078],
       [127.36194152879375, 36.37538946121743, 108.07368557807058],
       [127.36193449578779, 36.37538920785991, 107.54223630111665],
       [127.36192958220825, 36.37541232039412, 100.19260508660227],
       [127.36194292064016, 36.37541127513634, 101.52846873179078],
       [127.36195186359153, 36.37542039788204, 103.68231498729438],
       [127.36195609943593, 36.37542037453345, 98.54492610320449],
       [127.36193490345953, 36.37544054509210, 96.18303306866437],
       [127.36193115778667, 36.37542535486526, 98.39368458557874],
       [127.36194212815255, 36.37543722529508, 89.96082853525877],
       [127.36194464320840, 36.37541440726375, 96.85317347478122],
       [127.36194229833619, 36.37541401713359, 98.77865063678473],
       [127.36193752556728, 36.37541821682373, 95.44621369149536],
       [127.36195255268720, 36.37540438088320, 98.43984953034669],
       [127.36192625756240, 36.37542893820267, 98.04393250308931],
       [127.36192906585980, 36.37541696616456, 101.89990580920130],
       [127.36196004964434, 36.37542301051315, 100.86754378769547],
       [127.36194667672204, 36.37541539195739, 103.38239958323538],
       [127.36193877945453, 36.37539292061311, 110.53953283280134],
       [127.36195916516606, 36.37540327788409, 109.35531497932971],
       [127.36195687905887, 36.37540470711953, 111.04440127592534],
       [127.36191996111225, 36.37540418564208, 104.22843604814261],
       [127.36192516772397, 36.37540264864051, 103.81994046177715],
       [127.36192453298192, 36.37540236583860, 106.30060053151101],
       [127.36194790895368, 36.37537837880679, 109.82555865962058],
       [127.36195202070866, 36.37538924344267, 104.96363324578851],
       [127.36195144411776, 36.37537543616794, 114.88154068682343],
       [127.36193865395987, 36.37538618312495, 116.27280733454973],
       [127.36190956921398, 36.37541063976808, 115.17186952475458],
       [127.36191690756426, 36.37539867409966, 108.14114776160568],
       [127.36192047091005, 36.37541402532143, 107.04317771829665],
       [127.36192478514253, 36.37539299134340, 112.05455896630883],
       [127.36192578769034, 36.37538871871570, 115.80361922830343],
       [127.36192122039634, 36.37542111384605, 106.06380594056100],
       [127.36191538265503, 36.37543730886153, 101.39182740077376],
       [127.36191716514507, 36.37544314065339, 98.75488370377570],
       [127.36191066718891, 36.37543085610984, 102.06819609459490],
       [127.36191253893931, 36.37541709379154, 107.54601011704654],
       [127.36194120161333, 36.37542402760896, 104.02641742024571],
       [127.36193505801704, 36.37545038753936, 101.93316514790058],
       [127.36194825094205, 36.37543462268030, 103.86846205871552],
       [127.36194966939642, 36.37544321344072, 111.11671981215477],
       [127.36194297060743, 36.37540938061681, 108.64619051292539],
       [127.36192634515199, 36.37543633456912, 100.93592423480004],
       [127.36192278335007, 36.37545199344258, 96.76716041099280],
       [127.36195355983681, 36.37544275355263, 97.86171210370958],
       [127.36194731602679, 36.37544093439801, 100.65400107856840],
       [127.36194866840347, 36.37543743876377, 106.95920053683221],
       [127.36194481871904, 36.37546461243770, 98.81491070799530],
       [127.36194562782821, 36.37545250240616, 100.28385001048446],
       [127.36194109061937, 36.37544301516058, 101.67800629511476],
       [127.36193508964570, 36.37544493672323, 100.97597831487656],
       [127.36194418907326, 36.37544886413984, 99.06850764434785],
       [127.36192823673380, 36.37546397109249, 94.80160572193563],
       [127.36194740616561, 36.37546070831034, 95.88075610809028],
       [127.36195800513725, 36.37547419555056, 91.99156213924289],
       [127.36194579441495, 36.37548179513326, 92.74758332688361],
       [127.36193138633739, 36.37545787618307, 96.47594787459821],
       [127.36193019161247, 36.37544571914769, 99.68465647939593],
       [127.36194942826495, 36.37544923097037, 100.05943019967526],
       [127.36193169054560, 36.37546343429136, 96.87833313923329],
       [127.36191767006497, 36.37549176306696, 89.65259817428887],
       [127.36192487094695, 36.37546642162225, 92.29796988237649],
       [127.36191014103848, 36.37548886446022, 88.99171543586999],
       [127.36191031008737, 36.37547045076148, 88.71392033435404],
       [127.36191230202957, 36.37548834829716, 88.04214668180794],
       [127.36190862101142, 36.37548698882284, 84.34886079840362],
       [127.36194982899960, 36.37547754297932, 87.11571877542883],
       [127.36190272308254, 36.37548923665933, 86.29182002041489],
       [127.36191334626966, 36.37548524204201, 88.04506086744368],
       [127.36190351451511, 36.37550388242961, 88.43392704054713],
       [127.36192483532977, 36.37548733154654, 87.25477512553334],
       [127.36192758016971, 36.37550011077638, 88.62730519194156],
       [127.36193261190915, 36.37546962851585, 90.83241544943303],
       [127.36190966024051, 36.37548057753404, 91.38545400183648],
       [127.36191497796825, 36.37546142381542, 92.73887831065804],
       [127.36193961065189, 36.37547330782775, 90.16008405387402],
       [127.36191917996834, 36.37546741843714, 89.91403970960528],
       [127.36192653518732, 36.37551127479080, 82.95235777646303],
       [127.36195128209613, 36.37551133377685, 82.74358517769724],
       [127.36194571415797, 36.37551885923048, 76.60876856651157],
       [127.36192505036311, 36.37549821953954, 82.96354763954878],
       [127.36192502537894, 36.37550906663855, 84.79823851585388],
       [127.36191370240812, 36.37548681060240, 90.30204699002206],
       [127.36193879528886, 36.37548498344994, 89.42975611425936],
       [127.36194647342862, 36.37549647683291, 88.19987101014704],
       [127.36194526208529, 36.37548469675043, 91.33944380655885],
       [127.36194549570212, 36.37548467191448, 89.76585097331554],
       [127.36194256782819, 36.37549666232818, 87.24041272792965],
       [127.36194717049503, 36.37548794298684, 84.82493195310235],
       [127.36194264531447, 36.37545174883358, 97.00096734706312],
       [127.36195076244111, 36.37546421883883, 94.37008147221059],
       [127.36193617483805, 36.37547949204383, 90.75369844492525],
       [127.36191182371357, 36.37546933654190, 90.38472006656229],
       [127.36191649431049, 36.37547131379259, 88.06049887742847],
       [127.36193036191642, 36.37545898671359, 93.28629572317004],
       [127.36193157128244, 36.37548376154355, 91.04090161528438],
       [127.36193775652285, 36.37548783414324, 89.50051237922162],
       [127.36194968709557, 36.37546544385503, 93.53832706809044],
       [127.36194841471891, 36.37546038525089, 95.63805498089641],
       [127.36194325671042, 36.37546668448575, 97.26279099751264],
       [127.36194086910109, 36.37544529053037, 99.64898740500212],
       [127.36192788293691, 36.37544881702070, 98.94241651706398],
       [127.36192826754488, 36.37546244325841, 96.92741726897657],
       [127.36193178753150, 36.37545544406994, 93.26913811173290],
       [127.36190966984344, 36.37545520789265, 93.87130876723677],
       [127.36192532936604, 36.37546964137216, 96.74319497682154],
       [127.36191469985222, 36.37544633819864, 96.41149718966335],
       [127.36191392186932, 36.37542550142923, 90.11902894359082],
       [127.36192322361639, 36.37546900147977, 91.37228994444013],
       [127.36191668871551, 36.37543830228186, 100.76640581898391],
       [127.36192579148599, 36.37545631613883, 97.25046103447676],
       [127.36192367635287, 36.37544076507653, 97.14417092967778],
       [127.36189385744888, 36.37543213875823, 98.31084067095071],
       [127.36190911013844, 36.37542818204632, 97.68647868372500],
       [127.36192308461108, 36.37544017626052, 99.96883356478065],
       [127.36192713580391, 36.37543359087689, 99.87102604936808],
       [127.36190753082785, 36.37540811899412, 105.53147213254124],
       [127.36191374321015, 36.37540796938029, 103.93600641563535],
       [127.36191990676117, 36.37541511764465, 103.17832550220191],
       [127.36191903345289, 36.37540076110574, 111.94495143368840],
       [127.36192118527072, 36.37542727829636, 102.75469434354454],
       [127.36191438826557, 36.37540056746094, 106.74542144499719],
       [127.36191613561408, 36.37540302754419, 99.67696554865688],
       [127.36193616967677, 36.37540280763554, 102.33239990100265],
       [127.36191737513839, 36.37541453079723, 100.73973715584725],
       [127.36190932970554, 36.37540227702078, 104.37346830125898],
       [127.36189155026655, 36.37540307929694, 106.16762027423829],
       [127.36189819633339, 36.37540394890052, 106.57507650833577],
       [127.36190194699606, 36.37540908029272, 101.83532792143524],
       [127.36190680234117, 36.37538215128906, 102.28781465068460],
       [127.36190388287993, 36.37538822008013, 104.62539030704647],
       [127.36189961036722, 36.37541098883836, 101.56523158960044],
       [127.36190446350784, 36.37539838539543, 97.79650523234159],
       [127.36190910797148, 36.37540835201288, 97.28016107063740],
       [127.36190344510614, 36.37543314848791, 96.19286359846592],
       [127.36192810714263, 36.37543004710409, 96.54250319860876],
       [127.36190262175910, 36.37542875753656, 98.76961666066200],
       [127.36190096419418, 36.37543783370990, 93.69948629848659],
       [127.36192529277234, 36.37541609748797, 97.94166222494096],
       [127.36191558292110, 36.37541317014308, 99.65844673104584],
       [127.36191158481944, 36.37539501876844, 98.29385429900140],
       [127.36192336799985, 36.37540312670728, 97.08900076989084],
       [127.36190380215338, 36.37540351996478, 94.59030512347817],
       [127.36192108100155, 36.37542422319619, 88.87858957331628],
       [127.36193073424936, 36.37543220545939, 91.04008567612618],
       [127.36192504053092, 36.37543236231554, 94.67579712159932],
       [127.36191299947905, 36.37543340004763, 94.79958091489971],
       [127.36192157977591, 36.37542694623136, 96.32359305396676],
       [127.36191232344663, 36.37540251806063, 97.58021155837923],
       [127.36190478626827, 36.37542041244700, 96.13647935260087],
       [127.36191672636907, 36.37543687154864, 92.34402342326939],
       [127.36191687883148, 36.37543707362400, 94.00763221830130],
       [127.36192090026546, 36.37542894465721, 93.81103732995689],
       [127.36191493386953, 36.37545328715491, 90.80324456375092],
       [127.36189602286954, 36.37544346630999, 92.42721214517951],
       [127.36188234908684, 36.37544037289796, 87.86356705613434],
       [127.36189853291533, 36.37542836464907, 97.28008257970214],
       [127.36189545147391, 36.37541811942650, 99.99683558009565],
       [127.36188514282597, 36.37541479718623, 95.12662018742412],
       [127.36189095736820, 36.37540003565061, 92.53187158890069],
       [127.36191970763700, 36.37541186260039, 90.92057858314365],
       [127.36188944075928, 36.37542454484699, 85.53706152457744],
       [127.36188477981128, 36.37542282380593, 89.72834693081677],
       [127.36190227054809, 36.37543587000044, 93.51803764887154],
       [127.36188481641669, 36.37541910141452, 97.56499593891203],
       [127.36188426544142, 36.37541506214459, 92.16565787605941],
       [127.36188638058046, 36.37542199653533, 95.94940010458231],
       [127.36188792029576, 36.37543221755431, 95.36240703612566],
       [127.36189630745071, 36.37544389825281, 92.54988130461425],
       [127.36191046294120, 36.37544311096202, 91.39388531446457],
       [127.36190768575489, 36.37544798065398, 90.68541396595538],
       [127.36190162867648, 36.37546090178164, 88.46209836006165],
       [127.36190714829223, 36.37544911728353, 89.57652334310114],
       [127.36190397888583, 36.37543915174587, 93.73210918717086],
       [127.36189949982018, 36.37541578451448, 100.89881400298327],
       [127.36190954974741, 36.37543269481038, 98.30932353343815],
       [127.36191121169496, 36.37543063751679, 98.60958201065660],
       [127.36190770109356, 36.37542897647010, 95.62813696451485],
       [127.36189074066478, 36.37543000001828, 91.82200301717967],
       [127.36190046387483, 36.37544307249112, 93.15717132110149],
       [127.36190533325590, 36.37543950420512, 94.16337232571095],
       [127.36191461286509, 36.37542358873944, 97.13706781249493],
       [127.36192742446262, 36.37543426831861, 94.46756104007363],
       [127.36192123674115, 36.37541077305137, 97.67906085681170],
       [127.36191027982113, 36.37541187059460, 96.66119497455657],
       [127.36190706297236, 36.37542832132858, 95.72846421506256],
       [127.36189003919685, 36.37546088257123, 90.19032341148704],
       [127.36189007707220, 36.37546306012855, 91.00365877058357],
       [127.36191457467565, 36.37543254781864, 100.15825534146279],
       [127.36192262826586, 36.37542764232995, 98.44645804632455],
       [127.36190494697404, 36.37540612428200, 103.24593756347895],
       [127.36189736278945, 36.37542000657870, 102.36081671901047],
       [127.36190356539628, 36.37542759984317, 102.28156412299722],
       [127.36189384937875, 36.37543199511711, 98.61028174776584],
       [127.36190039863051, 36.37539154825483, 103.44727520551533],
       [127.36190797689696, 36.37537858391651, 107.98844644613564],
       [127.36192422904369, 36.37540917958826, 101.53282683901489],
       [127.36192517802208, 36.37541628555226, 104.15694098267704],
       [127.36190879302073, 36.37541715465088, 100.31822034716606],
       [127.36190148913610, 36.37540999317372, 98.26580453384668],
       [127.36190137870145, 36.37542442170895, 96.46440772339702],
       [127.36191778489045, 36.37541140786848, 98.83744930382818],
       [127.36191319881540, 36.37542125997182, 95.66936872433871],
       [127.36191594504177, 36.37543752016117, 94.22271321993321],
       [127.36191890101504, 36.37540207853654, 100.89748050086200],
       [127.36192751007695, 36.37540184917682, 108.03304600529373],
       [127.36190860043612, 36.37541390778490, 104.18735429737717],
       [127.36190504677857, 36.37539891073213, 108.97488991636783],
       [127.36192604707240, 36.37538745835010, 106.42541843093932],
       [127.36191740504167, 36.37540528034840, 103.54010559525341],
       [127.36194064297207, 36.37540714636472, 102.52151736337692],
       [127.36194089792730, 36.37539346146681, 103.45450719445944],
       [127.36190491859931, 36.37537440673955, 105.44190282281488],
       [127.36190152673268, 36.37538532093555, 108.30960213765502],
       [127.36191238162260, 36.37540031946058, 107.74483018647879],
       [127.36191083255135, 36.37541034576546, 98.47458862327039],
       [127.36191249745795, 36.37539595846229, 105.25413733255118],
       [127.36189813341468, 36.37540139250553, 105.44203856214881],
       [127.36189191094361, 36.37538971092939, 109.05061668343842],
       [127.36187027361653, 36.37537654396781, 109.69851921964437],
       [127.36186746616058, 36.37538091211741, 104.38379607163370],
       [127.36190366449841, 36.37538527083131, 106.50907211564481],
       [127.36189155194889, 36.37538436667795, 108.51264731306583],
       [127.36189849454998, 36.37538549483555, 107.52934443391860],
       [127.36190155807674, 36.37538242070278, 107.03847887367010],
       [127.36189176606729, 36.37539540052262, 103.82258057501167],
       [127.36187555241278, 36.37537677362580, 104.00526619888842],
       [127.36187471883902, 36.37538193006537, 104.47407864592969],
       [127.36187094548866, 36.37538494587003, 103.66437784582376],
       [127.36191386295977, 36.37538767268661, 105.82201662939042],
       [127.36190858757593, 36.37539237281874, 101.86065077874810],
       [127.36189392899871, 36.37539436842802, 105.91658793948591],
       [127.36189648385903, 36.37541228956665, 100.96656818874180],
       [127.36188159887045, 36.37542940978747, 98.35572928749025],
       [127.36189726374401, 36.37542593526967, 96.48307951912284],
       [127.36188853053407, 36.37542465223494, 94.21600374020636],
       [127.36188013662357, 36.37541959015397, 96.48006107006222],
       [127.36189346220944, 36.37544477147110, 91.08500209543854],
       [127.36189980962179, 36.37542452531745, 94.83715064171702],
       [127.36188953111258, 36.37541188702794, 97.10780561063439],
       [127.36186052696841, 36.37540609150856, 97.64219921454787],
       [127.36189878295487, 36.37542101608214, 96.25621025077999],
       [127.36189762121508, 36.37543902715606, 91.51247632876039],
       [127.36191336416017, 36.37541224247641, 100.64564688317478],
       [127.36189461615093, 36.37541574363546, 105.06004266627133],
       [127.36190048993483, 36.37542722974688, 97.67202916648239],
       [127.36189050039692, 36.37542229604226, 98.61080684326589],
       [127.36187564269257, 36.37543214803317, 98.98005323391408],
       [127.36187565386201, 36.37542481292476, 95.97787960153073],
       [127.36188501994599, 36.37542886619364, 99.48478577286005],
       [127.36190956529640, 36.37545012204117, 91.30975088570267],
       [127.36188781294544, 36.37545796400365, 92.69809256494045],
       [127.36188483147230, 36.37544701642427, 95.45475674793124],
       [127.36188235627642, 36.37545063029736, 92.88121381681412],
       [127.36190442305688, 36.37542654907279, 95.03459080215544],
       [127.36190342237067, 36.37540988673970, 100.88022313360125],
       [127.36189692429986, 36.37538541445559, 105.83162025734782],
       [127.36189385251940, 36.37538397898948, 102.50977011211216],
       [127.36191142172258, 36.37540502079407, 98.41734415199608],
       [127.36192710700475, 36.37543498565266, 96.14414442423731],
       [127.36192886285882, 36.37545190064201, 94.91820911969990],
       [127.36193223687002, 36.37545144331506, 92.93551774974912],
       [127.36192525629239, 36.37544569452613, 93.52426812518388],
       [127.36193412958350, 36.37544885883836, 91.18124231789261],
       [127.36191963904412, 36.37545445497184, 97.08905535750091],
       [127.36191010007586, 36.37547111872549, 94.87348021753132],
       [127.36191088149725, 36.37547557006505, 94.12554462347180],
       [127.36191627394790, 36.37546211379640, 94.11899272911251],
       [127.36191599305469, 36.37547328861783, 90.35589139815420],
       [127.36191117505476, 36.37547134274419, 91.72086097951978],
       [127.36194899521931, 36.37547447112237, 89.98447388969362],
       [127.36197490803617, 36.37546697198813, 93.38688360527158],
       [127.36195488655198, 36.37545265692041, 94.66442925576121],
       [127.36197349871431, 36.37546244268716, 96.33856618124992],
       [127.36196832306921, 36.37548854228532, 91.05180115904659],
       [127.36195713962537, 36.37552933502687, 83.76632419507951],
       [127.36194922776340, 36.37551129881294, 87.38519114069641],
       [127.36195516895428, 36.37551351093838, 88.83253260515630],
       [127.36194868810888, 36.37549084263587, 90.91626702994108],
       [127.36194435499459, 36.37548116318163, 92.42223794851452],
       [127.36193756883641, 36.37549869628201, 90.96906016767025],
       [127.36196359053851, 36.37550856664279, 87.52685225475580],
       [127.36197828959865, 36.37552880621885, 88.39127043914050],
       [127.36195810158945, 36.37549998573936, 88.93031024001539],
       [127.36195878988212, 36.37550492146030, 87.85533626377583],
       [127.36197162006549, 36.37550613650215, 89.47399853263050],
       [127.36196849661508, 36.37548696632932, 93.56822489388287],
       [127.36197538592501, 36.37551734251454, 86.37355177104473],
       [127.36197118747123, 36.37550980794061, 88.66499476786703],
       [127.36196468715558, 36.37550177364964, 93.35569126904011],
       [127.36198462288917, 36.37547720938453, 95.53657909575850],
       [127.36197055113165, 36.37549807532170, 95.41827935446054],
       [127.36200083034686, 36.37548232230036, 95.94443168025464],
       [127.36199094904799, 36.37546644718852, 96.02738622575998],
       [127.36200826359359, 36.37547434826340, 93.29813921358436],
       [127.36201462961277, 36.37549746136559, 90.39877910073847],
       [127.36199065861135, 36.37547951724660, 92.58824337832630],
       [127.36198658629083, 36.37549927156592, 94.79506206419319],
       [127.36197540581881, 36.37551341753083, 95.50852170679718],
       [127.36198377990678, 36.37551745975500, 93.76338987704366],
       [127.36197995342096, 36.37550414081866, 95.81176942493767],
       [127.36198293960263, 36.37549483004650, 90.99202140513808],
       [127.36198874793897, 36.37551123828563, 89.44312714599073],
       [127.36199767058272, 36.37551440367471, 90.48263854067773],
       [127.36199325215968, 36.37552081709836, 89.43066912982613],
       [127.36199423818620, 36.37550880533472, 84.32279105111957],
       [127.36201214975253, 36.37550167990510, 89.14129900652915],
       [127.36200359417010, 36.37548149485829, 92.73709184397012],
       [127.36201260202039, 36.37549273731408, 94.40332603361458],
       [127.36197762506571, 36.37549421805353, 89.71917205117643],
       [127.36196994117772, 36.37550201213434, 91.09274736884981],
       [127.36198572317564, 36.37550790068919, 92.45189737249166],
       [127.36199401690982, 36.37550918495966, 94.41330827586353],
       [127.36197905810290, 36.37549881654181, 95.74551145359874],
       [127.36198952441946, 36.37549279458378, 97.31727674137801],
       [127.36199822143561, 36.37548985555247, 92.85251094587147],
       [127.36199207688404, 36.37550828533395, 91.69046537298709],
       [127.36199904052195, 36.37550875181664, 87.87402028311044],
       [127.36198950070384, 36.37549609592845, 88.72572321444750],
       [127.36196072238361, 36.37549088797363, 86.63317474164069],
       [127.36197100602467, 36.37548864072729, 87.90748124476522],
       [127.36197796026062, 36.37547331771906, 96.21478051878512],
       [127.36199067899544, 36.37546700523820, 92.88424281589687],
       [127.36199528347021, 36.37548311175046, 90.80085795372725],
       [127.36197299434792, 36.37549087808549, 90.81906091514975],
       [127.36196221164519, 36.37549551212287, 89.12645658385009],
       [127.36198051034140, 36.37548175643945, 92.39115831162781],
       [127.36196251731580, 36.37548675135221, 93.56679922342300],
       [127.36195643749595, 36.37548278402013, 91.17966451775283],
       [127.36196531741049, 36.37549263518763, 89.84451657626778],
       [127.36194568305496, 36.37548891174207, 89.76895574759692],
       [127.36195540974934, 36.37548904229687, 88.39343272801489],
       [127.36196841189486, 36.37549636720706, 87.18892563413829],
       [127.36197978781018, 36.37547213749532, 87.46439611073583],
       [127.36198868120984, 36.37547699380111, 89.37005150876939],
       [127.36196582786357, 36.37548720696543, 90.39038175996393],
       [127.36194170716441, 36.37548884445300, 90.68376293778419],
       [127.36197316623370, 36.37548931113731, 94.14632567111403],
       [127.36197157251299, 36.37549090557791, 86.78556429967284],
       [127.36196561998753, 36.37548807414228, 82.57310246303678],
       [127.36196309502104, 36.37548466500973, 87.88726828061044],
       [127.36195237200450, 36.37547242350283, 89.01914443075657],
       [127.36195441368821, 36.37548665812714, 84.98797836247832],
       [127.36195751944847, 36.37547422811063, 87.28350775223225],
       [127.36198371550076, 36.37547504874055, 89.01211670134217],
       [127.36197006095112, 36.37548157504535, 84.69890009425581],
       [127.36194860529559, 36.37548627492079, 87.47691960632801],
       [127.36193695364159, 36.37549661415738, 84.71285471692681],
       [127.36194312749716, 36.37548139084166, 90.26519842445850],
       [127.36192849450751, 36.37547497059695, 88.46533847786486],
       [127.36194058211633, 36.37546620025635, 90.93230311293155],
       [127.36195079608621, 36.37546631513421, 92.49037752952427],
       [127.36195190761096, 36.37547206365639, 87.05637722648680],
       [127.36194446293970, 36.37546026705299, 87.58007929846644],
       [127.36194271659424, 36.37544748052535, 94.27030611876398],
       [127.36193366974675, 36.37542917300945, 98.55952075775713],
       [127.36194469459039, 36.37542384944550, 98.73294166568667],
       [127.36194757865098, 36.37544170299086, 93.07154214195907],
       [127.36194337972329, 36.37545316509094, 87.52643045410514],
       [127.36194331135174, 36.37544844529703, 87.05651936121285],
       [127.36193999279577, 36.37545181209001, 90.86338013410568],
       [127.36192991172615, 36.37543804683803, 95.40112931095064],
       [127.36192298327708, 36.37544754176697, 93.99780372902751],
       [127.36192904285936, 36.37540087600678, 96.68276590108871],
       [127.36194603954236, 36.37543653435371, 92.30563108436763],
       [127.36195088293186, 36.37543054672848, 95.71186346840113],
       [127.36193986449797, 36.37542449091833, 98.20686484593898],
       [127.36193604159627, 36.37539492736828, 104.49534761346877],
       [127.36194526780362, 36.37541500417302, 96.74785129912198],
       [127.36193998055734, 36.37543750392876, 96.44921977911144],
       [127.36191997100329, 36.37542120867113, 97.02668114379048],
       [127.36191731010992, 36.37544404612670, 94.98897551000118],
       [127.36193223113858, 36.37542508037491, 97.70989822968841],
       [127.36195383198957, 36.37543015888404, 93.89548021461815],
       [127.36194078467373, 36.37542386182625, 93.08710437454283],
       [127.36194026280160, 36.37541430515653, 94.19675294216722],
       [127.36195267840218, 36.37542335650290, 96.09085690602660],
       [127.36194598240374, 36.37541673346524, 93.37463767081499],
       [127.36195695811776, 36.37541945857345, 94.39693556539714],
       [127.36196533661901, 36.37540956690525, 100.14770062267780],
       [127.36193717666987, 36.37539012667215, 101.08807498030365],
       [127.36191319313961, 36.37537941103764, 102.91253413911909],
       [127.36192503663121, 36.37540295784011, 97.13816058635712],
       [127.36193948518758, 36.37540747317606, 98.32117846515030],
       [127.36195575409225, 36.37540224438589, 98.64839355368167],
       [127.36195128837602, 36.37540877678778, 103.24951166380197],
       [127.36194871703339, 36.37540213222062, 103.05851675756276],
       [127.36194254433998, 36.37540130056038, 102.41501978319138],
       [127.36192278674456, 36.37539338757681, 101.64270180463791],
       [127.36191694586590, 36.37540534031985, 96.49402082897723],
       [127.36191882236207, 36.37540682505886, 93.62501434236765],
       [127.36192644170046, 36.37540702609260, 105.40920417942107],
       [127.36193305570960, 36.37537080140284, 108.45439237169921],
       [127.36194265086816, 36.37539648280716, 102.55125170201063],
       [127.36195198478030, 36.37539744306141, 103.66176943760365],
       [127.36194128460095, 36.37537998281591, 104.66392361652106],
       [127.36192292236335, 36.37533683092679, 111.78745263721794],
       [127.36192617939852, 36.37534590875135, 109.79837577231228],
       [127.36191426148569, 36.37537231356411, 105.88846941757947],
       [127.36193387388975, 36.37537451625172, 110.81499231234193],
       [127.36194510193296, 36.37536961925459, 105.51928692869842],
       [127.36193733007849, 36.37536624744629, 107.12388161569834],
       [127.36194280597388, 36.37539128425627, 102.42316039558500],
       [127.36191978372645, 36.37537703768095, 102.52782981190830],
       [127.36195242574917, 36.37541572723898, 102.61001711804420],
       [127.36192440084130, 36.37539743134453, 103.72839451301843],
       [127.36192597879516, 36.37540871288739, 99.94111315812916],
       [127.36191952807178, 36.37539925166748, 102.76635442115366],
       [127.36194217051995, 36.37539284258418, 103.59641192667186],
       [127.36195634849717, 36.37535706709934, 104.48983288370073],
       [127.36195711006837, 36.37537982661892, 109.01050634589046],
       [127.36196260988714, 36.37539765097510, 108.56137872487307],
       [127.36197424823284, 36.37540368552965, 107.21575191058218],
       [127.36197080038438, 36.37540463852397, 102.37827924173325],
       [127.36196534603719, 36.37539680580304, 100.21939084585756],
       [127.36197230886417, 36.37540465327044, 104.10648747999221],
       [127.36198531921413, 36.37541331857227, 108.74641994852573],
       [127.36199979106479, 36.37540591455992, 105.87400029040873],
       [127.36196910702718, 36.37542002610616, 104.84673300571740],
       [127.36198149145925, 36.37539924652594, 109.11072053294629],
       [127.36198104890114, 36.37538656037602, 109.15621954388916],
       [127.36195919925170, 36.37539734824480, 105.75216277688742],
       [127.36194943094797, 36.37540259668643, 106.66675162035972],
       [127.36196054320737, 36.37538705484261, 110.07520299870521],
       [127.36197232808294, 36.37540174847722, 106.93988704867661],
       [127.36196878044416, 36.37540749463314, 109.66401949990541],
       [127.36197458509352, 36.37541457727003, 102.87499996460974],
       [127.36197334995587, 36.37538759839791, 107.69402887206525],
       [127.36195866631829, 36.37537853596280, 108.58983147423714],
       [127.36195916903844, 36.37542765358774, 102.45704311784357],
       [127.36194956792484, 36.37541479337765, 101.11133565101773],
       [127.36195528620311, 36.37541493426180, 105.79761345777661],
       [127.36196369958697, 36.37540311207373, 103.73238751199096],
       [127.36196782724497, 36.37541103275442, 105.79953846242279],
       [127.36195712933343, 36.37542281533558, 105.12266200222075],
       [127.36197586228403, 36.37543464886154, 104.64679044205695],
       [127.36195490065531, 36.37541278735119, 103.76603499334306],
       [127.36196497738355, 36.37539897990857, 105.20317367184907],
       [127.36198173115925, 36.37541643999594, 105.73808423709124],
       [127.36198042112932, 36.37540181880365, 106.55284727923572],
       [127.36199521007816, 36.37542352708777, 105.11662729829550],
       [127.36199031377033, 36.37542604323534, 107.89731755852699],
       [127.36196219139840, 36.37541980276212, 110.28317795135081],
       [127.36195108374858, 36.37540604549650, 108.21149995923042],
       [127.36197116735745, 36.37541815577664, 110.68888709694147],
       [127.36197602305354, 36.37542929708050, 102.29295722302049],
       [127.36195864428794, 36.37541498050523, 106.56640421599150],
       [127.36196110000471, 36.37542249290317, 101.89727374259382],
       [127.36195462880376, 36.37543136132709, 103.50505796261132],
       [127.36195956606726, 36.37542677437327, 104.17196324560791],
       [127.36194658389144, 36.37543002341231, 107.54936502221972],
       [127.36194380550241, 36.37540414813346, 114.01804205588996],
       [127.36193967053285, 36.37539608776865, 110.63127629086375],
       [127.36195650279770, 36.37541125205123, 109.52007187437266],
       [127.36196791302942, 36.37541225576035, 111.58223262708634],
       [127.36198294323179, 36.37541952549871, 109.20583995711058],
       [127.36195531282219, 36.37542341150775, 107.65617598965764],
       [127.36193847395604, 36.37542108454073, 107.29853238351643],
       [127.36194864052189, 36.37541103310186, 109.93628090713173],
       [127.36194298584545, 36.37540373074068, 112.14696111902595],
       [127.36194797582283, 36.37539526529341, 114.80158005841076],
       [127.36197248327144, 36.37539377967044, 118.84168620686978],
       [127.36196770887415, 36.37537801186014, 116.08704721741378],
       [127.36193752110566, 36.37539140921903, 110.37573519907892],
       [127.36195037039377, 36.37539387157721, 108.89748513419181],
       [127.36194879001178, 36.37539659921939, 111.66778811160475],
       [127.36193548302489, 36.37541335280348, 107.01527740713209],
       [127.36193124292930, 36.37541622332843, 109.99742918275297],
       [127.36191953660972, 36.37541245926629, 109.59177713096142],
       [127.36192740738674, 36.37541367503073, 106.68328318744898],
       [127.36192949324600, 36.37539287669842, 111.00947013590485],
       [127.36192056608688, 36.37540364206768, 106.05151717178524],
       [127.36192246261002, 36.37542850696256, 105.47602844424546],
       [127.36191601475788, 36.37542547253253, 104.50931583996862],
       [127.36193633206281, 36.37541749562524, 109.86244843527675],
       [127.36193096533258, 36.37541712360395, 108.97539997566491],
       [127.36193255684474, 36.37542887403168, 107.65198210533708],
       [127.36192158482116, 36.37542163453327, 106.67096496187150],
       [127.36191292122280, 36.37541944866551, 109.80844650324434],
       [127.36190892932194, 36.37540993014070, 109.96068068966269],
       [127.36192762951995, 36.37541368059894, 112.77508911024779],
       [127.36192006363646, 36.37543071191836, 108.15286661963910],
       [127.36190065492345, 36.37542805836132, 107.04923550318927],
       [127.36190903358285, 36.37539847440993, 107.08221826422960],
       [127.36191961469518, 36.37540346591830, 108.05612944066525],
       [127.36192048805049, 36.37539498766952, 108.43578169960529],
       [127.36193869914537, 36.37540985011701, 106.97432326618582],
       [127.36193090798328, 36.37538626295569, 113.43010166380554],
       [127.36195251045251, 36.37538658185048, 117.60498966276646],
       [127.36193632227030, 36.37540139708762, 112.72872392460704],
       [127.36193770367873, 36.37539795775897, 109.94613081030548],
       [127.36190757140217, 36.37539087398787, 113.69006098993123],
       [127.36191826988316, 36.37540983835362, 109.91600336413831],
       [127.36192243881651, 36.37541215522674, 106.00907082110643],
       [127.36193710988364, 36.37540985696626, 106.20007649809122],
       [127.36194124237740, 36.37540366010868, 108.35581639502198],
       [127.36192656398752, 36.37539621858691, 104.51143748965114],
       [127.36193532485389, 36.37541829022250, 107.01893478166312],
       [127.36192376091901, 36.37541637488980, 107.77192639186978],
       [127.36191778838372, 36.37540855436043, 108.61830947641283],
       [127.36190881484929, 36.37540353029402, 108.05699903704226],
       [127.36193869589077, 36.37542854856427, 105.82504063565284],
       [127.36194479919931, 36.37541641714810, 105.22210013773292],
       [127.36193332475302, 36.37543213560183, 98.86993925273418],
       [127.36195019562922, 36.37541309746999, 103.44270117208362],
       [127.36195226290768, 36.37542142939280, 100.64477546606213],
       [127.36197075070501, 36.37542721295267, 106.68854041583836],
       [127.36197458210383, 36.37542255505186, 107.83661822136492],
       [127.36194482349327, 36.37544023037419, 104.95179903693497],
       [127.36194725670053, 36.37541334892710, 108.01927725225687],
       [127.36195737170546, 36.37541303648015, 104.47626090515405],
       [127.36194464788811, 36.37543123702817, 103.91492139734328],
       [127.36192959272924, 36.37542468155587, 101.83783547393978],
       [127.36192481541248, 36.37545117183078, 96.99938874877989],
       [127.36194744867909, 36.37542777977873, 103.71820749901235],
       [127.36193995967636, 36.37544499034961, 101.48300280421972],
       [127.36194453996950, 36.37544933068111, 101.58828681893647],
       [127.36191837903220, 36.37545089583672, 101.25117256864905],
       [127.36193954527029, 36.37545026385079, 100.21885250043124],
       [127.36193143104344, 36.37544892959468, 98.36199875827879],
       [127.36194050217127, 36.37544711323943, 99.57684645522386],
       [127.36193765955554, 36.37545370904971, 102.20175230223686],
       [127.36195134921051, 36.37545422615482, 104.82748908270150],
       [127.36193556985739, 36.37545968126970, 99.45726660452783],
       [127.36193113075819, 36.37544344504828, 94.33665867242962],
       [127.36195295007303, 36.37544704718709, 97.42470904625952],
       [127.36193368522939, 36.37543260802165, 98.05860476754606],
       [127.36192401965963, 36.37542315356166, 102.38586001005024],
       [127.36195577913308, 36.37544593632933, 98.54455774743110],
       [127.36194021512786, 36.37545973459188, 98.13443731982261],
       [127.36194403688349, 36.37544678860034, 97.38181188423187],
       [127.36194124640727, 36.37545930237498, 97.09785805270076],
       [127.36193243447931, 36.37543873612012, 98.44773604162037],
       [127.36194935543254, 36.37545214905378, 95.47464625537395],
       [127.36195316614149, 36.37545531914222, 92.89891953580081],
       [127.36195790880973, 36.37544944813591, 94.32382633071393],
       [127.36195202942834, 36.37544982975853, 96.88876655418426],
       [127.36195857552421, 36.37546044451837, 92.16187376528978],
       [127.36195245121208, 36.37547584700778, 97.72426128666848],
       [127.36193657446755, 36.37546743566198, 95.85027113836259],
       [127.36194395544604, 36.37544778007963, 97.66878973320127],
       [127.36193120763446, 36.37544275268738, 97.05244242120534],
       [127.36196240026241, 36.37544869484088, 98.18118686042726],
       [127.36196456722365, 36.37546125001181, 96.05696475971490],
       [127.36193850637180, 36.37545238173182, 95.85956588760018],
       [127.36193767646100, 36.37548996585807, 86.80979696381837],
       [127.36198203779126, 36.37548957196652, 89.40748016908765],
       [127.36198035091297, 36.37548819821608, 88.80589160509408],
       [127.36197432329672, 36.37547025212555, 90.68557189684361],
       [127.36200204266339, 36.37546007723445, 88.90628448128700],
       [127.36200671372121, 36.37548225539484, 92.77063568122685],
       [127.36199937499312, 36.37548699804806, 93.63229596987367],
       [127.36198181190971, 36.37548983579548, 91.41967778000981],
       [127.36198426777888, 36.37549882527355, 91.19946708716452],
       [127.36197430677387, 36.37549517152272, 86.30901803541929],
       [127.36198166749790, 36.37550183955994, 82.78238560259342],
       [127.36199728273894, 36.37549441615121, 84.88961311057210],
       [127.36198856543470, 36.37548725160459, 87.94600030686706],
       [127.36202112260361, 36.37549848807078, 91.06273808516562],
       [127.36198571684214, 36.37549644281022, 87.48347425647080],
       [127.36199292288855, 36.37549164572903, 84.12105977628380],
       [127.36200774814930, 36.37549430628203, 83.97952440846711],
       [127.36199844199649, 36.37548619347051, 87.34267313033342],
       [127.36200453246376, 36.37548801810338, 87.75819812342525],
       [127.36199468137841, 36.37549673954287, 90.64763592835516],
       [127.36199227580150, 36.37550998735849, 85.19442538451403],
       [127.36196878392060, 36.37548725577023, 83.17927981726825],
       [127.36199909265068, 36.37547271843207, 93.89287919551134],
       [127.36201248246368, 36.37546878599930, 93.00969037599862],
       [127.36200416516130, 36.37547514344865, 93.02876537013799],
       [127.36199844533824, 36.37547397165396, 94.65845275949687],
       [127.36200376137664, 36.37546984161275, 87.09635605663061],
       [127.36199147600071, 36.37547838376526, 83.71217851247638],
       [127.36198267615914, 36.37546979171663, 92.43214922491461],
       [127.36197587308240, 36.37549612576991, 91.06056163273752],
       [127.36198524843651, 36.37549080576894, 93.08320856839418],
       [127.36198419172393, 36.37546978399028, 90.78341000713408],
       [127.36198242975188, 36.37545292018797, 93.12606234941632],
       [127.36199958526392, 36.37544977415709, 93.61245531681925],
       [127.36200866220850, 36.37545650930289, 91.94196265004575],
       [127.36198439520592, 36.37548493752585, 88.21354490984231],
       [127.36198486351385, 36.37547250971991, 92.54460356850177],
       [127.36197692384036, 36.37545308376127, 88.49684312287718],
       [127.36197238869289, 36.37544803221743, 96.67748685926199],
       [127.36196461368934, 36.37545708353216, 98.21923020575196],
       [127.36199751331358, 36.37543234635774, 104.30701402947307],
       [127.36195135884691, 36.37545539272014, 91.82775358669460],
       [127.36193690926419, 36.37546773874116, 89.83532148879021],
       [127.36193389696112, 36.37542170724613, 91.10021524131298],
       [127.36194634193487, 36.37542533504232, 91.91387677565217],
       [127.36195947553438, 36.37545500314749, 90.92996900808066],
       [127.36197065909417, 36.37544607899735, 97.42901752516627],
       [127.36195761382984, 36.37544325292621, 100.28686319198459],
       [127.36196501269242, 36.37544251992770, 99.10511400457472],
       [127.36197316358458, 36.37542085836024, 100.29778017103672],
       [127.36196046876282, 36.37543533979153, 97.47180408332497],
       [127.36194916625452, 36.37544171439108, 95.13246613740921],
       [127.36194995568296, 36.37543963820286, 99.34924711380154],
       [127.36195207973981, 36.37542978348440, 98.55328588373959],
       [127.36193774505291, 36.37542070993155, 100.18652283120900],
       [127.36194037325913, 36.37540840830374, 101.28918264992535],
       [127.36196308494125, 36.37541541584594, 103.28384313825518],
       [127.36194330423780, 36.37540340740084, 106.59142788406461],
       [127.36193714086635, 36.37540518672952, 106.13782109972090],
       [127.36193811604950, 36.37541581061765, 104.95432170480490],
       [127.36194212099558, 36.37540894991377, 102.43365329876542],
       [127.36194162264552, 36.37539070759775, 101.69832453690469],
       [127.36193490310423, 36.37539853898874, 110.13558100443333],
       [127.36195095614106, 36.37538482840771, 113.24292815290391],
       [127.36192903362877, 36.37539248702186, 101.52812522184104],
       [127.36191424395287, 36.37539796692973, 103.98802256211638],
       [127.36191273697644, 36.37539959011345, 102.63799148425460],
       [127.36190187702688, 36.37539924235048, 104.92708776891232],
       [127.36191527611525, 36.37537545612657, 109.88111183978617],
       [127.36194937903295, 36.37535674994331, 115.31890274491161],
       [127.36194537423634, 36.37536929963162, 112.30266244523227],
       [127.36192100956792, 36.37538940674244, 105.51242442522198],
       [127.36190399192260, 36.37538277470157, 104.38838425744325],
       [127.36191167336109, 36.37537885250307, 105.83589068334550],
       [127.36191215010874, 36.37538429599962, 105.73032553866506],
       [127.36192395842744, 36.37537906563701, 109.20052822399884],
       [127.36192562629209, 36.37536444901961, 110.57041740417480],
       [127.36191388896782, 36.37538798773937, 110.17727231048048],
       [127.36190814318340, 36.37534951474377, 117.56125898007303],
       [127.36191173655091, 36.37538649580512, 114.69266471825540],
       [127.36191498209928, 36.37538705911327, 108.24902509059757],
       [127.36191482920175, 36.37537790749431, 111.10508514381945],
       [127.36192837473985, 36.37536286078049, 114.63681994751096],
       [127.36191533089875, 36.37535743082500, 111.83033548947424],
       [127.36191003178395, 36.37537779273099, 111.53537074103951],
       [127.36189073368891, 36.37539151901081, 107.46825709473342],
       [127.36189564424279, 36.37539740656108, 107.06741104274988],
       [127.36191002904181, 36.37538517245698, 111.42382875923067],
       [127.36192640207074, 36.37539122043522, 109.62415928021073],
       [127.36193207062098, 36.37539579852055, 107.71014814358205],
       [127.36191493317848, 36.37539520330736, 104.87250310368836],
       [127.36193182661877, 36.37536689108824, 117.84211099985987],
       [127.36193954668394, 36.37538499968205, 122.26611776836216],
       [127.36193167838610, 36.37538043220260, 118.38148048147559],
       [127.36192520845934, 36.37537590680674, 122.87974042631686],
       [127.36192775963622, 36.37537353309057, 117.05320429988205],
       [127.36189756753200, 36.37541842675049, 109.96983786951751],
       [127.36188740895716, 36.37539990370993, 112.80966373812407],
       [127.36189886041664, 36.37541402183420, 110.88514604233205],
       [127.36190065850607, 36.37539550682560, 114.23847393598408],
       [127.36190519746295, 36.37536922872926, 121.65035976283252],
       [127.36190448755690, 36.37536920161310, 118.96954124979675],
       [127.36191464975079, 36.37538441105477, 112.93216411210597],
       [127.36194700776569, 36.37539030422729, 116.51090359874070],
       [127.36194166442996, 36.37538127152391, 113.11555201373994],
       [127.36191709943492, 36.37542021191586, 114.71494873799384],
       [127.36191743186971, 36.37541585503691, 114.93767223507166],
       [127.36191106010263, 36.37540706213397, 117.47448189090937],
       [127.36192942379952, 36.37537921255519, 116.86075049079955],
       [127.36194027368681, 36.37538953921190, 115.09016913548112],
       [127.36196557685417, 36.37539310996700, 112.82779880892485],
       [127.36197428798458, 36.37540063984102, 121.96061316877604],
       [127.36196496152665, 36.37539103225645, 121.44328028988093],
       [127.36196574631985, 36.37539927140413, 123.14117240346968],
       [127.36194518830906, 36.37541041642321, 118.60374807473272],
       [127.36193362747522, 36.37542978963597, 109.14572396967560],
       [127.36195288651491, 36.37541440576372, 116.33330477122217],
       [127.36195928354640, 36.37541797270930, 116.14429784845561],
       [127.36195772492965, 36.37541627455479, 116.68069109879434],
       [127.36196199281289, 36.37540961020502, 121.47259453125298],
       [127.36193993658047, 36.37543469842441, 114.10348020400852],
       [127.36193333534119, 36.37539044558341, 121.71813115663826],
       [127.36193363967389, 36.37540450192207, 121.16107496060431],
       [127.36195740433894, 36.37540266070197, 120.10327439289540],
       [127.36195954990679, 36.37543039091504, 114.81194891128689],
       [127.36198088939072, 36.37541934215499, 118.62189125921577],
       [127.36196533408609, 36.37542320966688, 119.26107900217175],
       [127.36193012828794, 36.37544281793700, 114.15824400540441],
       [127.36194064546886, 36.37544371033935, 115.24145784974098],
       [127.36193282891213, 36.37542879286524, 117.82987067382783],
       [127.36194306375754, 36.37543104068535, 119.59685198683292],
       [127.36194794349147, 36.37542584163318, 118.96290900558233],
       [127.36192859253141, 36.37542787824933, 114.17216469440609],
       [127.36192494680773, 36.37545880796019, 108.46592589747161],
       [127.36194901758161, 36.37544958039602, 114.26498609501868],
       [127.36194235448043, 36.37545496829843, 106.00094528775662],
       [127.36195178756283, 36.37544362784318, 112.03611654695123],
       [127.36194673891941, 36.37545439414710, 113.23784068692476],
       [127.36195826368439, 36.37542436681387, 121.85309927817434],
       [127.36192814492523, 36.37543808335219, 115.60916402470320],
       [127.36191617163701, 36.37543598748972, 111.24591851141304],
       [127.36194127823943, 36.37545813913338, 107.76544584427029],
       [127.36192804625949, 36.37542084177009, 117.21572629828006],
       [127.36193080708064, 36.37542471242506, 112.54042169451714],
       [127.36192497702929, 36.37540282410193, 112.54460489470512],
       [127.36194439598073, 36.37541823396847, 118.37639887537807],
       [127.36194433967790, 36.37542898765208, 114.16765649430454],
       [127.36193445521363, 36.37542808420559, 118.73118842672557],
       [127.36195678543119, 36.37543595662029, 120.13086407911032],
       [127.36196297464437, 36.37544380957390, 119.62424728274345],
       [127.36194703124079, 36.37543129516452, 115.56411697901785],
       [127.36191609733585, 36.37542973376098, 116.72168327495456],
       [127.36192675299245, 36.37543169569069, 113.31147831212729],
       [127.36194059915594, 36.37542487899565, 117.96892875619233],
       [127.36194532340014, 36.37543336284386, 112.87500975374132],
       [127.36194950235465, 36.37544396587094, 111.40274235792458],
       [127.36194800258340, 36.37545687351131, 107.21227548643947],
       [127.36196693463633, 36.37542394753193, 112.51366476714611],
       [127.36194004140278, 36.37543039293178, 106.37736998591572],
       [127.36192166727625, 36.37542680403854, 109.38363960757852],
       [127.36193117253694, 36.37544363123896, 109.10104881785810],
       [127.36195736049615, 36.37546163520808, 114.62485194019973],
       [127.36193996481627, 36.37545059754384, 113.17237972933799],
       [127.36195110584302, 36.37545818928177, 109.18495218921453],
       [127.36197661657019, 36.37544756536098, 112.11607543285936],
       [127.36197689234466, 36.37546423899988, 110.03978669457138],
       [127.36193856599145, 36.37548667505883, 102.91458474285901],
       [127.36191426914479, 36.37549438640689, 96.82447956595570],
       [127.36191546202305, 36.37549552259568, 96.56779539491981],
       [127.36191746234712, 36.37547480169739, 108.23024067096412],
       [127.36194895506834, 36.37543229282094, 118.00342701189220],
       [127.36193645944965, 36.37545183768537, 109.37576796673238],
       [127.36191808295753, 36.37545181917753, 102.43710796162486],
       [127.36191754034094, 36.37544519191658, 97.92114886175841],
       [127.36190406906418, 36.37546967126515, 96.50506007019430],
       [127.36190848843523, 36.37547326047173, 95.38537837006152],
       [127.36189603048631, 36.37546046198865, 106.80170944053680],
       [127.36191387093263, 36.37543296209379, 108.20119430124760],
       [127.36193006304326, 36.37541907176188, 111.96414883714169],
       [127.36194129895316, 36.37541639784643, 112.89919390343130],
       [127.36193756587497, 36.37541871533271, 107.19250943791121],
       [127.36193091195882, 36.37542500573883, 101.86422681622207],
       [127.36191599050730, 36.37543719944725, 101.06961594894528],
       [127.36193046161956, 36.37543299705682, 106.89620664063841],
       [127.36193380981688, 36.37541629433611, 107.84074841625988],
       [127.36190993005104, 36.37542182894820, 104.78356604836881],
       [127.36190393761727, 36.37542749275468, 107.19801946263760],
       [127.36192160019245, 36.37543132763520, 109.43645465560257],
       [127.36191910864230, 36.37543059991616, 105.02843717671931],
       [127.36192580360408, 36.37542528800913, 102.29887542221695],
       [127.36193905905284, 36.37544428241009, 103.91406545415521],
       [127.36195391836043, 36.37540900921189, 109.18403602298349],
       [127.36196500587265, 36.37543001086629, 105.34775820560753],
       [127.36192234828931, 36.37541615968701, 104.94747017975897],
       [127.36189226466341, 36.37542273008683, 99.22264269180596],
       [127.36185812550960, 36.37541976642431, 98.76569430902600],
       [127.36191235413554, 36.37542170371045, 102.67826331779361],
       [127.36194014718971, 36.37543170196302, 107.56631801370531],
       [127.36195648450961, 36.37545021207569, 104.06146468780935],
       [127.36192142231133, 36.37543164637208, 109.59423111844808],
       [127.36190036896551, 36.37543427890996, 101.23408917523921],
       [127.36190463808106, 36.37545092113952, 100.24426664132625],
       [127.36191379151283, 36.37545717569064, 98.69725298136473],
       [127.36192352977885, 36.37543705881034, 105.94543272256851],
       [127.36195309816138, 36.37543951810925, 104.63023404031992],
       [127.36196059153949, 36.37544810578983, 101.39607139397413],
       [127.36194773443181, 36.37545426778234, 100.29061737935990],
       [127.36192918524037, 36.37544524134821, 99.65722001250833],
       [127.36192095317757, 36.37543866789042, 98.87577802501619],
       [127.36192337222340, 36.37543951870878, 97.87239761743695],
       [127.36191476028750, 36.37544820215693, 95.53453733772039],
       [127.36192374901171, 36.37543761420214, 100.98880374059081],
       [127.36192531532076, 36.37543143917475, 106.01478012464941],
       [127.36192755796120, 36.37542076416905, 104.70584036223590],
       [127.36192790938803, 36.37543229375602, 105.34593560267240],
       [127.36191562117831, 36.37543094235109, 95.55006652325392],
       [127.36191497273751, 36.37543491228818, 98.03063893225044],
       [127.36192719901766, 36.37542686954039, 102.47757651843131],
       [127.36193022316488, 36.37542230704749, 105.05404708813876],
       [127.36192897929475, 36.37542044674934, 105.25631192140281],
       [127.36193335741821, 36.37541624516929, 107.73022860288620],
       [127.36192941146989, 36.37541426492994, 106.56952445115894],
       [127.36191798136015, 36.37541075962660, 99.31807104218751],
       [127.36190229436039, 36.37540743395463, 98.57130446843803],
       [127.36191267613215, 36.37542033326786, 98.16559694521129],
       [127.36192039710996, 36.37539313652323, 106.82381096947938],
       [127.36189497073276, 36.37538993331038, 105.06109994556755],
       [127.36191228740137, 36.37537212934479, 113.85331145580858],
       [127.36193248437705, 36.37542902755203, 103.62303968239576],
       [127.36192846901569, 36.37543326945734, 102.14146940503269],
       [127.36191917504770, 36.37541430140929, 102.65521648991853],
       [127.36192494939696, 36.37538287778277, 108.70335939154029],
       [127.36191215483549, 36.37541426524170, 105.94674477819353],
       [127.36191212657604, 36.37542096747819, 102.69932792801410],
       [127.36189657462454, 36.37540811857019, 105.12801412865520],
       [127.36188540685346, 36.37540282525036, 101.20314576011151],
       [127.36188276169302, 36.37540386841182, 98.03434906154871],
       [127.36189330897963, 36.37539029585949, 104.37037704419345],
       [127.36192927297172, 36.37538238231935, 112.11148943658918],
       [127.36192159522331, 36.37540295892926, 104.54952280689031],
       [127.36188559120795, 36.37541170680522, 99.18428740557283],
       [127.36185505703540, 36.37542221255581, 97.91499519161880],
       [127.36191833296327, 36.37540751966603, 105.49597787391394],
       [127.36191263906920, 36.37540060403969, 107.37239597085863],
       [127.36189806431513, 36.37537841422269, 106.08814453799278],
       [127.36190267348057, 36.37539540558857, 105.23923896532506],
       [127.36194440847740, 36.37540556315324, 105.96515137236565],
       [127.36193482182091, 36.37540004171856, 105.97476913686842],
       [127.36192294806585, 36.37540246105145, 106.07536308746785],
       [127.36191395089058, 36.37538993579000, 105.71542850509286],
       [127.36191241435462, 36.37538624063463, 102.00829568132758],
       [127.36190682688014, 36.37540490348287, 103.94186140969396],
       [127.36189194704592, 36.37540985631031, 104.96927254740149],
       [127.36189986837820, 36.37539471292050, 110.04678099788725],
       [127.36189605677438, 36.37539879157705, 107.01563382428139],
       [127.36190254652102, 36.37540365642008, 104.16868424136192],
       [127.36189370986666, 36.37540429241036, 102.14600098785013],
       [127.36189622158393, 36.37536053959087, 112.87645191699266],
       [127.36192091682165, 36.37537631762363, 105.29902024846524],
       [127.36192508262782, 36.37539376649703, 105.47376429103315],
       [127.36193107211236, 36.37538776910871, 107.41698179021478],
       [127.36194725354288, 36.37536328674789, 115.16586876288056],
       [127.36192262812594, 36.37537682782336, 108.12181604187936],
       [127.36190397848249, 36.37538537591127, 107.82967527490109],
       [127.36189127766302, 36.37537348339490, 112.80343701224774],
       [127.36187669821381, 36.37538107947676, 106.57953566778451],
       [127.36188167855093, 36.37538740999764, 107.42655345145613],
       [127.36189645588740, 36.37536721072924, 116.73607021849602],
       [127.36191777466067, 36.37532695192626, 116.15970737580210],
       [127.36190602197294, 36.37534140858191, 113.14645318221301],
       [127.36189171310406, 36.37534539524125, 111.20718144718558],
       [127.36189859290222, 36.37536399270022, 111.76161969825625],
       [127.36190999732966, 36.37539092955428, 113.11520324740559],
       [127.36190368343452, 36.37539922095476, 113.83254822809249],
       [127.36192116147608, 36.37537649297334, 114.70288224145770],
       [127.36195320690429, 36.37534830721281, 117.72086113411933],
       [127.36191879302687, 36.37535881699049, 116.79322036914527],
       [127.36191273324270, 36.37538879845605, 110.67932331841439],
       [127.36189719929676, 36.37539166800235, 112.78474581986666],
       [127.36190546874512, 36.37539568631598, 110.31605346594006],
       [127.36190782479838, 36.37537638647193, 113.13111454620957],
       [127.36190095466056, 36.37540067482173, 112.41512486990541],
       [127.36192581172713, 36.37540806055320, 110.64540110062808],
       [127.36193483831732, 36.37540376066912, 112.92957178037614],
       [127.36193551704133, 36.37541304994136, 107.61240657046437],
       [127.36192836333497, 36.37541765714724, 108.38797027897090],
       [127.36194160924850, 36.37539941483428, 113.06229756679386],
       [127.36192905642901, 36.37540878093148, 108.48336465656757],
       [127.36190977869200, 36.37540737604255, 108.69639962352812],
       [127.36192052772643, 36.37541028788927, 112.47585640847683],
       [127.36193570412695, 36.37541056270437, 111.62305709347129],
       [127.36196298234297, 36.37539852750119, 110.79422246757895],
       [127.36194444077296, 36.37543050207973, 104.93367763981223],
       [127.36195337023763, 36.37542151258637, 104.05252348352224],
       [127.36192307904913, 36.37541354086617, 105.94842550624162],
       [127.36192694391883, 36.37541821227330, 109.08312761317939],
       [127.36191942016463, 36.37541829908147, 110.20507387351245],
       [127.36196395128870, 36.37542566176856, 107.69887850154191],
       [127.36193958733033, 36.37542220507465, 107.21955846995115],
       [127.36191583404141, 36.37541156798716, 112.07450483366847],
       [127.36192776951795, 36.37541903587027, 112.09123861696571],
       [127.36195548664617, 36.37542844667578, 116.63177074305713],
       [127.36194780201055, 36.37541896277592, 114.17107756156474],
       [127.36192934797189, 36.37542099129598, 111.41750296764076],
       [127.36192706240831, 36.37542439661474, 113.07009730115533],
       [127.36193741215688, 36.37544785244791, 107.26028796471655],
       [127.36191862585447, 36.37545325550525, 102.39447457343340],
       [127.36192073001787, 36.37543665609491, 108.42025256808847],
       [127.36191351377914, 36.37543748899041, 110.95494251418859],
       [127.36190349394880, 36.37544015322725, 108.03089987579733],
       [127.36190467361320, 36.37544519297610, 104.81954922247678],
       [127.36191769917095, 36.37542359524324, 105.94980535749346],
       [127.36192299418137, 36.37543206418756, 109.41994889825583],
       [127.36191542259822, 36.37543792691623, 108.68959085363895],
       [127.36190794994928, 36.37543492657755, 107.34604544378817],
       [127.36191324934302, 36.37544445170119, 102.56790617294610],
       [127.36192341351868, 36.37545329803714, 106.98126681707799],
       [127.36191843142849, 36.37544139803101, 106.59830409940332],
       [127.36192241147185, 36.37544294610827, 106.66190129611641],
       [127.36190105345962, 36.37544983909019, 107.38499882910401],
       [127.36190495413659, 36.37547259362490, 99.19636115711182],
       [127.36191072114615, 36.37547086277887, 100.78257909789681],
       [127.36190191945174, 36.37546306997507, 99.67220566887408],
       [127.36189605596611, 36.37545708188417, 103.25420512072742],
       [127.36191584516096, 36.37546361371690, 106.09094794001430],
       [127.36191241662446, 36.37545554009737, 106.74550162628293],
       [127.36191570306914, 36.37546927732279, 104.53920006658882],
       [127.36192161419564, 36.37547938554545, 103.59601547662169],
       [127.36192598068347, 36.37547225866039, 103.50741391163319],
       [127.36193063853437, 36.37544146915176, 107.86764648463577],
       [127.36194410781046, 36.37544626769037, 107.02184439264238],
       [127.36192739214181, 36.37547240958745, 107.75316303968430],
       [127.36191614193676, 36.37548245635879, 96.67097723856568],
       [127.36192014490548, 36.37548043710384, 102.11382134258747],
       [127.36192001454266, 36.37546621671412, 102.71960197202861],
       [127.36193557645029, 36.37545315169188, 104.50956257618964],
       [127.36192108119462, 36.37547081716355, 102.94632393866777],
       [127.36190652501988, 36.37547423444973, 99.01590139698237],
       [127.36192706911000, 36.37547361391291, 105.91907746717334],
       [127.36192129206283, 36.37546195375558, 107.21408809535205],
       [127.36192848768641, 36.37546171826168, 105.80567333381623],
       [127.36192398349655, 36.37546471523886, 103.55575942806900],
       [127.36191418541030, 36.37546475955941, 102.38678958360106],
       [127.36190297938924, 36.37544085544114, 101.38341050874442],
       [127.36192518061432, 36.37545180560864, 104.98200457356870],
       [127.36193331415325, 36.37544602083743, 106.53057715296745],
       [127.36192448603167, 36.37545410902329, 103.57462774775922],
       [127.36192213046803, 36.37545665416728, 104.52470243349671],
       [127.36189635547474, 36.37546197145522, 102.75069173704833],
       [127.36189518249014, 36.37543659821174, 104.73414555098861],
       [127.36192011339820, 36.37544426103889, 107.42235494311899],
       [127.36193486525298, 36.37546503095276, 107.12163044139743],
       [127.36191829680568, 36.37548029913517, 101.23818406742066],
       [127.36192365772844, 36.37547136618245, 102.71266778744757],
       [127.36190934788154, 36.37546699709585, 98.29571177996695],
       [127.36189733918937, 36.37547766921856, 98.86565579287708],
       [127.36190196361265, 36.37548473573688, 100.18646162562072],
       [127.36190541160411, 36.37547028785339, 103.41160026751459],
       [127.36191902615103, 36.37546193955227, 100.42140813358128],
       [127.36190648054715, 36.37547046110617, 97.28680080547929],
       [127.36192082305072, 36.37547567984307, 95.68215680215508],
       [127.36191464345117, 36.37546847350591, 92.01900751236826],
       [127.36190891940544, 36.37547084263736, 96.28920998610556],
       [127.36193031257474, 36.37545488880109, 98.75588780827820],
       [127.36191987257023, 36.37546244018453, 96.32214100658894],
       [127.36192058669371, 36.37549301442882, 97.05499989911914],
       [127.36192047207449, 36.37548503905141, 102.00492929574102],
       [127.36193122987666, 36.37547248538011, 106.12263492587954],
       [127.36192064277036, 36.37547523010380, 102.58821599092335],
       [127.36191194137862, 36.37548178501699, 96.71625165175647],
       [127.36191064150049, 36.37545915418645, 98.87763973977417],
       [127.36191794328894, 36.37544447491572, 103.97856174595654],
       [127.36191242214321, 36.37545112093533, 103.66714672092348],
       [127.36190977449206, 36.37544478303961, 104.08535406924784],
       [127.36192617799351, 36.37544654003046, 100.14759692735970],
       [127.36194548721078, 36.37545537072153, 100.16516094375402],
       [127.36191887736184, 36.37547719741498, 97.55050784908235],
       [127.36193419694006, 36.37546851689598, 98.90872721560299],
       [127.36194370891043, 36.37545900202893, 95.20462702866644],
       [127.36193166895491, 36.37543894829100, 102.24904480762780],
       [127.36193658446625, 36.37544828703464, 98.84078507777303],
       [127.36193862230134, 36.37544450298986, 102.41383112128824],
       [127.36195473436469, 36.37545794112665, 100.75713957007974],
       [127.36194993508312, 36.37546471874911, 97.09104285947978],
       [127.36194210969637, 36.37547535039717, 98.66121797543019],
       [127.36195041837519, 36.37550727457079, 89.83975550811738],
       [127.36195520749357, 36.37550083025176, 92.70386786852032],
       [127.36196072315356, 36.37548508508181, 94.22866793721914],
       [127.36193536495557, 36.37547276885766, 91.03015302401036],
       [127.36194532017043, 36.37549015310577, 88.93976877443492],
       [127.36196086243147, 36.37548448532078, 90.81038098968565],
       [127.36196175583810, 36.37546894338732, 90.48327035550028],
       [127.36194624215064, 36.37550147404870, 83.37323468923569],
       [127.36195705043072, 36.37551214279253, 84.83589524962008],
       [127.36198762574010, 36.37550835643923, 87.66566700395197],
       [127.36196474395952, 36.37551187683494, 89.89873885363340],
       [127.36196708985284, 36.37549509854507, 88.16552212927490],
       [127.36196245776333, 36.37547956647359, 86.94868783932179],
       [127.36197021547717, 36.37546580916980, 92.83662266563624],
       [127.36194281422037, 36.37549897286335, 83.64334859419614],
       [127.36194860947481, 36.37550330772176, 84.53910346608609],
       [127.36195601611884, 36.37549663583289, 85.79665173776448],
       [127.36195990209355, 36.37548866296950, 91.31480154488236],
       [127.36197220063504, 36.37547089667160, 91.26223720330745],
       [127.36197657090810, 36.37549339437123, 89.11149781476706],
       [127.36196956977038, 36.37549249337005, 88.34874137211591],
       [127.36195146261439, 36.37548482006341, 91.18455535452813],
       [127.36194578508099, 36.37547017878481, 95.85653659515083],
       [127.36192596378017, 36.37546960437771, 88.17664849944413],
       [127.36193166621764, 36.37547041585096, 83.11830142512918],
       [127.36194335238875, 36.37546387989431, 89.72732862923294],
       [127.36193824598570, 36.37546286942581, 99.97274875734001],
       [127.36195901783637, 36.37547775525366, 99.92627332825214],
       [127.36196312127146, 36.37547873750716, 98.93794952798635],
       [127.36195889522558, 36.37548586426810, 89.73613129928708],
       [127.36196114169599, 36.37547830663821, 83.55623090174049],
       [127.36195649963091, 36.37547422806825, 85.54808682203293],
       [127.36194803391395, 36.37547876647687, 89.32749722339213],
       [127.36195717968883, 36.37545924227279, 96.30645238049328],
       [127.36195603047469, 36.37545086209540, 97.84366637095809],
       [127.36192932731218, 36.37546568339580, 90.60063601844013],
       [127.36195433648503, 36.37548456010479, 89.02566809114069],
       [127.36193392457001, 36.37549333122947, 85.66213597077876],
       [127.36194949830889, 36.37548744007942, 85.28493343479931],
       [127.36196923640354, 36.37547720494393, 89.54155562166125],
       [127.36192635099535, 36.37549529432366, 86.64001375064254],
       [127.36193880067451, 36.37548027390336, 87.83296120259911],
       [127.36192725398243, 36.37549672532928, 84.53395496588200],
       [127.36194870903653, 36.37549841313076, 80.48044424410909],
       [127.36196452322460, 36.37550644847759, 84.44418821483850],
       [127.36194318439270, 36.37549933684215, 81.46835158765316],
       [127.36196416107224, 36.37551033549241, 81.39911538176239],
       [127.36195995802123, 36.37552045073360, 81.94279867503792],
       [127.36195083991916, 36.37552334703946, 81.06539561413229],
       [127.36193770593850, 36.37550438038897, 83.83779335208237],
       [127.36193507607348, 36.37550907978392, 85.64228986110538],
       [127.36195813639674, 36.37551578830913, 83.01951815094799],
       [127.36195497723082, 36.37548843012414, 89.14636567048728],
       [127.36191781843691, 36.37549551959958, 85.60471162013710],
       [127.36191891135361, 36.37550790253157, 78.77647231519222],
       [127.36192256450238, 36.37550513745855, 82.41293804813176],
       [127.36192920196935, 36.37551950012510, 81.79037419706583],
       [127.36195137353593, 36.37545979703977, 89.97358405124396],
       [127.36195457060950, 36.37548779502610, 85.08783647324890],
       [127.36193229019464, 36.37549282876267, 83.25753669161350],
       [127.36195134639173, 36.37549501229101, 84.52266734000295],
       [127.36193594906065, 36.37548631779109, 87.90679630357772],
       [127.36193613636227, 36.37548904806452, 87.18024000711739],
       [127.36192238824934, 36.37546726252015, 91.24440188799053],
       [127.36191301308116, 36.37546800811108, 86.27528894226998],
       [127.36191997832897, 36.37547547542801, 82.42675724718720],
       [127.36191701174694, 36.37548849214416, 83.59382697846740],
       [127.36190327259914, 36.37547217539849, 90.62980061024427],
       [127.36192028750331, 36.37548668281462, 86.36097554583102],
       [127.36191723625834, 36.37549227367374, 90.55005707498640],
       [127.36193651340581, 36.37549721690534, 85.99406499788165],
       [127.36193433755015, 36.37547775266610, 88.69413400627673],
       [127.36190917619510, 36.37547825964104, 85.81574319768697],
       [127.36190525962617, 36.37548355427258, 84.95574137195945],
       [127.36191008099900, 36.37548433372020, 89.40902384649962],
       [127.36191853704604, 36.37545692281049, 91.42016839981079],
       [127.36193138628497, 36.37547663071576, 88.42505396064371],
       [127.36192996065586, 36.37549775374539, 84.95005973894149],
       [127.36193681437963, 36.37546600751036, 89.51935355737805],
       [127.36193565502609, 36.37545271196029, 94.05459347926080],
       [127.36196185604464, 36.37548282817400, 88.22321086656302],
       [127.36194779815933, 36.37546684624098, 91.56948770396411],
       [127.36194606461889, 36.37547290962264, 93.13078570552170],
       [127.36191892352872, 36.37547689900015, 87.80572068877518],
       [127.36189736691908, 36.37547650190375, 85.91270590480417],
       [127.36189031206260, 36.37547694919707, 87.88677008170635],
       [127.36191725755590, 36.37547144207888, 89.16677172016352],
       [127.36189125062222, 36.37548793786539, 83.18498815130442],
       [127.36189808912549, 36.37547918255529, 86.96347582340240],
       [127.36190007359757, 36.37549452222411, 88.06466388702393],
       [127.36188934236364, 36.37550784599294, 88.51309072412550],
       [127.36188431921759, 36.37552429844190, 87.49212083499879],
       [127.36188468540306, 36.37551858110009, 88.12898072693497],
       [127.36191981834470, 36.37549915738916, 89.88774801045656],
       [127.36192826995020, 36.37550179767136, 84.61849195137620],
       [127.36190657435306, 36.37550669444363, 83.88646945916116],
       [127.36188969583104, 36.37550617714059, 83.78307785093784],
       [127.36186806235345, 36.37547543474441, 90.91782046854496],
       [127.36185611786718, 36.37548978625907, 86.36312065273523],
       [127.36187103305538, 36.37551666462260, 84.78743872232735],
       [127.36187097127207, 36.37553684739861, 78.64695563167334],
       [127.36185987277503, 36.37553995223793, 79.33581067062914],
       [127.36188701588996, 36.37552464192986, 82.99983472470194],
       [127.36188987552707, 36.37552601795716, 81.25711788050830],
       [127.36189617935675, 36.37550055319028, 84.88850128371269],
       [127.36192130212579, 36.37549828497129, 87.34370137099177],
       [127.36189223057168, 36.37550835429609, 85.08719492517412],
       [127.36188409372480, 36.37551208586467, 87.14468185324222],
       [127.36186710137093, 36.37551686266611, 89.11616435367614],
       [127.36187453774538, 36.37552679419823, 86.84684767760336],
       [127.36187587296638, 36.37552197988648, 82.74322919640690],
       [127.36187120326282, 36.37551253148299, 81.39713121764362],
       [127.36188990211753, 36.37549655187250, 86.88034260831773],
       [127.36190380248794, 36.37549408151334, 88.73611850570887],
       [127.36188810194456, 36.37549160112017, 87.42534146085382],
       [127.36187798170147, 36.37550219870337, 89.72449965309352],
       [127.36187103391121, 36.37551348185868, 88.16640111617744],
       [127.36185348305935, 36.37550840350093, 89.63138685468584],
       [127.36182521858194, 36.37551167173627, 82.06743761338294],
       [127.36184874667393, 36.37550034544105, 86.79675655253232],
       [127.36187419509643, 36.37549022509900, 94.47069284506142],
       [127.36186000543479, 36.37549769058597, 95.33487609867007],
       [127.36187633167864, 36.37547305983843, 95.00027049798518],
       [127.36185353379346, 36.37548262262251, 90.10154072660953],
       [127.36185460523706, 36.37549806021589, 89.82489176560193],
       [127.36187670521016, 36.37551733963797, 86.56590829230845],
       [127.36185788348376, 36.37550320042315, 90.99213684536517],
       [127.36186646851976, 36.37549218034851, 93.01578933652490],
       [127.36187203671798, 36.37550719106544, 88.94494627323002],
       [127.36187521505391, 36.37550910311423, 88.84854322206229],
       [127.36186782611578, 36.37552534320967, 88.56369098275900],
       [127.36187698511364, 36.37550221638907, 90.27986895386130],
       [127.36187900186430, 36.37549496668453, 87.43265313562006],
       [127.36187811000005, 36.37549528668633, 94.49377270881087],
       [127.36189173473272, 36.37547241159348, 99.80618095491081],
       [127.36186902018588, 36.37549285970145, 92.01540898717940],
       [127.36186145819821, 36.37551082584797, 88.24022100493312],
       [127.36186056134217, 36.37550954801638, 94.03808259591460],
       [127.36186685595084, 36.37550948773568, 92.44763013534248],
       [127.36187209932797, 36.37548132947850, 97.34228837862611],
       [127.36188336806150, 36.37547497263078, 96.33336450159550],
       [127.36188254199519, 36.37549174470113, 94.48403971549124],
       [127.36190611499572, 36.37550667812057, 93.53235423099250],
       [127.36188480082934, 36.37549138535957, 96.51972720026970],
       [127.36185735531721, 36.37549908159170, 98.41190864983946],
       [127.36186846560142, 36.37552554200983, 91.35389878228307],
       [127.36190943602608, 36.37548728279174, 96.37038103491068],
       [127.36191205004762, 36.37547573436927, 97.62699658889323],
       [127.36189516532347, 36.37548770674895, 95.53783108852804],
       [127.36187536370416, 36.37550377984434, 94.97130593284965],
       [127.36188243358819, 36.37550726444402, 93.55460845772177],
       [127.36189761660407, 36.37549079927921, 94.26827577501535],
       [127.36191155435093, 36.37550323138386, 94.44663099106401],
       [127.36191247563686, 36.37550108303717, 94.70355016831309],
       [127.36191146462173, 36.37550190103673, 99.08077343832701],
       [127.36188909007720, 36.37547851553554, 103.99050265457481],
       [127.36189900304232, 36.37548557620514, 102.00709481537342],
       [127.36189300333301, 36.37550252034629, 102.73790642619133],
       [127.36189964862081, 36.37549385598336, 103.03371978923678],
       [127.36189032000246, 36.37551176276678, 96.51003181748092],
       [127.36191243241812, 36.37551324058460, 99.17545638605952],
       [127.36189817884977, 36.37551516644875, 94.31577037367970],
       [127.36188013404937, 36.37550422612974, 97.34867006074637],
       [127.36187989036711, 36.37548790727888, 98.07634218595922],
       [127.36189663100238, 36.37548905583839, 96.49439179431647],
       [127.36190941513863, 36.37548081769953, 101.14382103271782],
       [127.36192857126706, 36.37548972689346, 101.80650597903877],
       [127.36192127652990, 36.37550186369653, 101.05054644867778],
       [127.36190730821221, 36.37547999245995, 104.05741915013641],
       [127.36189057147089, 36.37547176743182, 99.25902072526515],
       [127.36190532006523, 36.37548278704818, 101.65016487147659],
       [127.36190335799299, 36.37550031785671, 100.59932333603501],
       [127.36191270417454, 36.37547310360608, 106.10635812766850],
       [127.36191596582609, 36.37551553135191, 96.84926308039576],
       [127.36188940984430, 36.37549943441465, 99.78333583194762],
       [127.36189108592063, 36.37549935038838, 98.41671087313443],
       [127.36190048685562, 36.37550485481066, 94.24531304836273],
       [127.36190260531477, 36.37550555155225, 91.71861883345991],
       [127.36190028240159, 36.37550967873612, 94.47327995765954],
       [127.36190289772581, 36.37550445830109, 97.28310155123472],
       [127.36193607661873, 36.37550285343828, 98.85186625551432],
       [127.36192384452208, 36.37548227234482, 103.22423053998500],
       [127.36189571356466, 36.37546909150236, 102.32572308741510],
       [127.36189165864279, 36.37547562127484, 97.88250346854329],
       [127.36189817463851, 36.37549894904488, 97.32350956369191],
       [127.36192232241710, 36.37550357195554, 99.53591022361070],
       [127.36192244767147, 36.37550289003620, 99.04394226055592],
       [127.36194245522954, 36.37548780322440, 99.32850802689791],
       [127.36193955821992, 36.37548845420635, 100.20724062621593],
       [127.36194670550384, 36.37550238940094, 101.02284458093345],
       [127.36192507743512, 36.37548956153312, 98.44069555588067],
       [127.36191090353761, 36.37549187425060, 93.87121596280485],
       [127.36191237563017, 36.37549883139386, 96.63717242795974],
       [127.36193475993262, 36.37549573739395, 99.52482680510730],
       [127.36193656323380, 36.37548665138913, 95.98882763832808],
       [127.36193580505007, 36.37549457469309, 95.31847226433456],
       [127.36191183050698, 36.37549142126589, 96.57671645376831],
       [127.36190133823392, 36.37551641556473, 94.93352618161589],
       [127.36190551827517, 36.37550516414431, 101.98269412852824],
       [127.36192163823600, 36.37549651690128, 102.12030284386128],
       [127.36192635953429, 36.37547815189362, 103.26196581125259],
       [127.36194219802228, 36.37545778119604, 101.90888332016766],
       [127.36191380514718, 36.37546114555852, 93.94061165209860],
       [127.36192526961523, 36.37545325298613, 100.08018766529858],
       [127.36190951265878, 36.37548247569838, 93.54855774715543],
       [127.36191688599486, 36.37549877563056, 95.41013124585152],
       [127.36193553280022, 36.37551456273984, 90.17719545308501],
       [127.36192844280538, 36.37551351260241, 96.26434089429677],
       [127.36191560657791, 36.37550611816641, 94.73984055407345],
       [127.36194593894690, 36.37550135787080, 98.19676873367280],
       [127.36195052319256, 36.37549145519907, 101.51747022755444],
       [127.36195604427358, 36.37550569753696, 94.78067536652088],
       [127.36192939706554, 36.37551447231289, 94.32457338739187],
       [127.36193987646138, 36.37551496630527, 93.45090358611196],
       [127.36197633710337, 36.37548906357186, 98.14991683047265],
       [127.36198196687189, 36.37547523023527, 94.75626296456903],
       [127.36194680695415, 36.37550188274528, 91.97840331308544],
       [127.36193850173575, 36.37550694957234, 92.95706118643284],
       [127.36191747453015, 36.37552732702155, 87.86491175834090],
       [127.36192083334046, 36.37551360034961, 91.24075737781823],
       [127.36193506262357, 36.37552280070738, 88.23444867134094],
       [127.36194508007962, 36.37553321054504, 86.77170425374061],
       [127.36195550105485, 36.37553254262080, 88.65956919454038],
       [127.36195422885814, 36.37553893198838, 85.27239419799298],
       [127.36195833225621, 36.37549089259619, 88.72186100576073],
       [127.36196719655690, 36.37548529391426, 91.76168946176767],
       [127.36194098149821, 36.37547415549360, 97.88215747848153],
       [127.36195761943037, 36.37549271082987, 92.40246439166367],
       [127.36192746697695, 36.37550011973491, 89.18224558979273],
       [127.36193837612562, 36.37549626340202, 92.22222044318914],
       [127.36193201508414, 36.37549362277792, 94.41542378813028],
       [127.36196357004678, 36.37550162372531, 99.95923124067485],
       [127.36196445554400, 36.37550476166859, 92.18948290497065],
       [127.36199410471208, 36.37550488935916, 90.25011241715401],
       [127.36195658399356, 36.37550153226363, 87.77681552059948],
       [127.36193743400591, 36.37551654085257, 89.34648730885237],
       [127.36195260735470, 36.37551413481756, 86.39707297924906],
       [127.36195002264220, 36.37550873319695, 89.46782195195556],
       [127.36194757132601, 36.37550523194396, 92.00924960337579],
       [127.36195924056832, 36.37549853999804, 94.55812615249306],
       [127.36195712508970, 36.37548824826959, 94.55191562045366],
       [127.36195286048131, 36.37550172714988, 94.08492825459689],
       [127.36195750736439, 36.37551174064500, 86.10628509707749],
       [127.36195125181868, 36.37551849194692, 83.26475974079221],
       [127.36196219816691, 36.37550709769446, 86.65762088820338],
       [127.36196153977825, 36.37549590319746, 96.09713663626462],
       [127.36196992994242, 36.37548583300081, 96.40090341120958],
       [127.36197056273281, 36.37546146072815, 101.90050475392491],
       [127.36197653740814, 36.37546554960981, 101.34332937747240],
       [127.36197580146643, 36.37549103405691, 93.83366832509637],
       [127.36194786882314, 36.37550674144648, 89.90231576375663],
       [127.36193233600389, 36.37550670674062, 92.94578739069402],
       [127.36196584611587, 36.37553108944799, 91.24811020214111],
       [127.36195013718886, 36.37549103637891, 96.12984380312264],
       [127.36194917369498, 36.37548327912355, 94.49986448790878],
       [127.36193524457288, 36.37548181930530, 91.21534890029579],
       [127.36193931905922, 36.37547128082463, 101.38881302159280],
       [127.36194943018538, 36.37545678316958, 106.06062809936702],
       [127.36195346058956, 36.37544910548877, 102.50735101383179],
       [127.36193880018075, 36.37544894915626, 103.07928994204849],
       [127.36191108197374, 36.37545843564331, 103.89916819706559],
       [127.36192173696179, 36.37547058487741, 99.91429805848747],
       [127.36192356123000, 36.37548736083746, 99.28516526799649],
       [127.36190893555718, 36.37546841507459, 98.83737791609019],
       [127.36190304533551, 36.37546732809000, 102.67740484420210],
       [127.36190729106274, 36.37545386563937, 103.83934222999960],
       [127.36192842758845, 36.37545801007990, 100.50340068247169],
       [127.36194682904330, 36.37546965788871, 100.24380291905254],
       [127.36193246807558, 36.37546308586777, 99.50876019522548],
       [127.36192752942134, 36.37545577206215, 101.31408471893519],
       [127.36192012768876, 36.37545032354274, 100.98735030274838],
       [127.36189795722430, 36.37546717649224, 94.69762196205556],
       [127.36189184025940, 36.37546779402011, 95.66423607245088],
       [127.36190735320764, 36.37543927645905, 105.20633531920612],
       [127.36190231344911, 36.37544815800791, 102.76284879818559],
       [127.36191553004011, 36.37542397591094, 107.94916020892560],
       [127.36191873648806, 36.37542658808135, 106.54013779200613],
       [127.36189849155951, 36.37543398590603, 99.25650779809803],
       [127.36187208045800, 36.37544595667504, 98.57699546031654],
       [127.36188827732488, 36.37547297563837, 96.96230708900839],
       [127.36188707975400, 36.37545565302650, 99.97238625492901],
       [127.36190464765836, 36.37544055321150, 100.87085749302059],
       [127.36192915193253, 36.37543523058598, 104.08670527581125],
       [127.36191293555079, 36.37542680880493, 109.05036976467818],
       [127.36190468651564, 36.37544131394726, 103.61316937673837],
       [127.36187780054487, 36.37543881695406, 100.42808562330902],
       [127.36185448912475, 36.37544381145199, 101.51673673372716],
       [127.36186637257718, 36.37543865733097, 98.28540585935116],
       [127.36185804417397, 36.37543524918670, 95.05319863557816],
       [127.36186375411766, 36.37544706824697, 98.31017971038818],
       [127.36188261030429, 36.37543824206121, 100.25843866728246],
       [127.36187433498611, 36.37543098697989, 108.56100916024297],
       [127.36187483223620, 36.37545910726134, 104.60360938031226],
       [127.36187235346095, 36.37545865612155, 97.53811805043370],
       [127.36189726983238, 36.37546294478648, 104.54520987160504],
       [127.36189912252760, 36.37542009370988, 107.32111583370715],
       [127.36191350313401, 36.37542645539889, 109.31065291725099],
       [127.36189959330819, 36.37543453272858, 109.11231813393533],
       [127.36188978513216, 36.37544154022806, 109.04873497411609],
       [127.36187000169527, 36.37543249573672, 104.71288507990539],
       [127.36187094798167, 36.37547037861520, 93.41969055961818],
       [127.36188053665592, 36.37546739637421, 96.61100025661290],
       [127.36192961559128, 36.37545431492047, 108.23147489689291],
       [127.36191492264140, 36.37546446805735, 105.48918905202299],
       [127.36190576902509, 36.37544956725710, 104.65574913565069],
       [127.36192651346470, 36.37547311896298, 100.70040401350707],
       [127.36192951889323, 36.37545567361058, 106.61685998830944],
       [127.36190761320033, 36.37546955488052, 100.54483816493303],
       [127.36190370379366, 36.37547033564056, 101.80532183405012],
       [127.36189897486160, 36.37545607226097, 100.00295809935778],
       [127.36190566277736, 36.37547059083767, 99.20211828593165],
       [127.36190185611336, 36.37549135169954, 89.66763052809983],
       [127.36188636335329, 36.37549085231034, 92.62669366691262],
       [127.36190894953391, 36.37547729720388, 94.59868544340134],
       [127.36191848128715, 36.37545971350058, 97.38351892028004],
       [127.36191587694452, 36.37546953039464, 97.64477288909256],
       [127.36192133785974, 36.37546316399583, 102.02884312253445],
       [127.36191242694144, 36.37546667784525, 106.25962841231376],
       [127.36190797370824, 36.37548588653925, 102.82228288147599],
       [127.36188737145076, 36.37550893590359, 98.11637046281248],
       [127.36188364533064, 36.37548639739568, 97.54822485428303],
       [127.36188527217763, 36.37546482408910, 97.96313783153892],
       [127.36190469897346, 36.37546518218709, 99.33036105986685],
       [127.36188995585955, 36.37546889820776, 101.47371375095099],
       [127.36189416184006, 36.37547565130433, 102.53363634366542],
       [127.36191056522694, 36.37548168424298, 101.80290403310210],
       [127.36191396326296, 36.37549166502144, 101.27208842337132],
       [127.36189652851496, 36.37549158685862, 101.96537576802075],
       [127.36189827122502, 36.37549217080061, 96.34559522569180],
       [127.36189139677843, 36.37548441947749, 99.55659559741616],
       [127.36190112475647, 36.37546380864411, 103.32287412043661],
       [127.36186718640592, 36.37549702234571, 99.11829225439578],
       [127.36189183380506, 36.37549053203720, 102.47621988505125],
       [127.36187608824162, 36.37550455254722, 100.04722523596138],
       [127.36187238186302, 36.37549190638253, 103.35877887345850],
       [127.36188422880201, 36.37549490912528, 101.24278154596686],
       [127.36190542334934, 36.37547959933506, 106.58882742654532],
       [127.36191408536173, 36.37548233782522, 108.99830126855522],
       [127.36190671334678, 36.37548639864190, 109.40745785739273],
       [127.36191469568679, 36.37551568855022, 102.75961945857853],
       [127.36191141603952, 36.37550231795177, 99.67414410039783],
       [127.36192040261797, 36.37549673602961, 96.63047184236348],
       [127.36189945736538, 36.37552376170089, 96.12573725357652],
       [127.36190063891992, 36.37550581916670, 99.85534613858908],
       [127.36188648910365, 36.37551995594746, 95.12364955432713],
       [127.36188049058067, 36.37549612501124, 97.61145501770079],
       [127.36188197322140, 36.37550652583812, 97.97221812326461],
       [127.36190426508263, 36.37550092229169, 100.94206482078880],
       [127.36190490222701, 36.37550407643516, 102.05869252327830],
       [127.36191318240826, 36.37551490974892, 99.03311714809388],
       [127.36192416640822, 36.37550258290815, 97.30170876532793],
       [127.36189629893084, 36.37551193858737, 92.13950346317142],
       [127.36189423872800, 36.37549588874623, 98.51330458745360],
       [127.36189824328346, 36.37552409932788, 96.95506353210658],
       [127.36189876948997, 36.37552457208069, 96.97368750907481],
       [127.36187652177330, 36.37551810819509, 100.20334689132869],
       [127.36190127752914, 36.37550714817762, 99.36659561283886],
       [127.36188512909409, 36.37552302935620, 93.39878652896732],
       [127.36188091655596, 36.37550297014621, 99.03305483330041],
       [127.36188252624234, 36.37549764224927, 98.34586552437395],
       [127.36187782252037, 36.37549198155676, 101.52048525586724],
       [127.36185390222353, 36.37552300895116, 95.24301940947771],
       [127.36187326062897, 36.37547661494560, 99.44460294395685],
       [127.36188499543556, 36.37549623318696, 95.85612130351365],
       [127.36188054364119, 36.37551596538497, 92.58207967411727],
       [127.36188668387568, 36.37552582714205, 95.04444642830640],
       [127.36187979381150, 36.37551731099750, 91.74534313473850],
       [127.36189342510988, 36.37548395899136, 100.34087940212339],
       [127.36188417288547, 36.37549289735497, 102.18631115276366],
       [127.36187812699914, 36.37549123110286, 103.69758564699441],
       [127.36187309816448, 36.37551746825772, 95.31962174922228],
       [127.36189414433868, 36.37551896358483, 97.81812129914761],
       [127.36191160872418, 36.37550620640567, 101.29549133963883],
       [127.36189392628481, 36.37550326945721, 100.60970455221832],
       [127.36188168873143, 36.37552409153152, 94.50470234081149],
       [127.36189153118116, 36.37551342536172, 93.85962327849120],
       [127.36188348694586, 36.37550256891476, 92.66300056502223],
       [127.36189109933565, 36.37552751812436, 94.86708469968289],
       [127.36187588766563, 36.37551230339084, 96.25833014212549],
       [127.36187785282200, 36.37551298500151, 98.94915395695716],
       [127.36189973840469, 36.37552661010579, 94.25224209483713],
       [127.36191266871460, 36.37551901106027, 93.80256261024624],
       [127.36187903695729, 36.37551929109093, 94.51623065024614],
       [127.36188992787699, 36.37551139106876, 98.48907051421702],
       [127.36189846562009, 36.37550715024944, 95.94509166665375],
       [127.36187256883446, 36.37550488256409, 93.80053657758981],
       [127.36189134612529, 36.37548947384208, 100.03440872486681],
       [127.36190241259713, 36.37549272942378, 100.24689297378063],
       [127.36190940585105, 36.37550627024344, 91.96654526889324],
       [127.36192008990150, 36.37549260501655, 91.06502203177661],
       [127.36191187669459, 36.37549373656538, 88.78458002675325],
       [127.36189125414948, 36.37550118569161, 88.55794824566692],
       [127.36189654361637, 36.37548859048886, 87.45701295603067],
       [127.36189772398799, 36.37549044220090, 90.15194186009467],
       [127.36189666393874, 36.37550019538176, 89.32022856455296],
       [127.36191204870316, 36.37548869244811, 90.73191200289875],
       [127.36188646268060, 36.37551445766007, 87.42504993360490],
       [127.36188431670357, 36.37549610395573, 94.84438435453922],
       [127.36190799661694, 36.37549044277678, 91.00038865301758],
       [127.36189697341716, 36.37546358686181, 94.90349020622671],
       [127.36188085963570, 36.37548861327499, 89.38158792722970],
       [127.36190193503867, 36.37549609756800, 89.78876199666411],
       [127.36187186106949, 36.37548922236530, 93.16885112226009],
       [127.36187673698267, 36.37547858189091, 91.48785054031760],
       [127.36190660185979, 36.37547743274138, 89.83837096113712],
       [127.36188726041226, 36.37549238484493, 89.21731606964022],
       [127.36190383478828, 36.37548306105437, 91.81314795557410],
       [127.36189547564226, 36.37549675277914, 89.20602785516530],
       [127.36188732993480, 36.37549341225046, 90.78403358347714],
       [127.36188950742989, 36.37551372530547, 87.97278189938515],
       [127.36189939394365, 36.37549210096966, 93.76413178257644],
       [127.36191026485810, 36.37549981227487, 90.77569072600454],
       [127.36191625224684, 36.37548508178072, 92.81902629509568],
       [127.36190988136838, 36.37549961113388, 88.36697299499065],
       [127.36191293993909, 36.37549719529937, 90.74951362423599],
       [127.36190203953134, 36.37547335550322, 94.35333180706948],
       [127.36189629232810, 36.37547939253768, 91.07696881331503],
       [127.36191412326487, 36.37550083183429, 84.65827132388949],
       [127.36191351216911, 36.37549448322253, 86.37308496329933],
       [127.36189477222300, 36.37548943446014, 87.61964216269553],
       [127.36189170342949, 36.37545781403063, 93.29437866527587],
       [127.36187517437983, 36.37546942740242, 89.80924894101918],
       [127.36189208425171, 36.37548795938786, 91.04962817486376],
       [127.36188661882110, 36.37548558475098, 90.48061330523342],
       [127.36190248692402, 36.37546184831211, 92.96271697152406],
       [127.36191724614143, 36.37544529213205, 99.32429271563888],
       [127.36192295375805, 36.37545917508728, 100.73267501499504],
       [127.36190287516565, 36.37546444649570, 98.58541111648083],
       [127.36191276331395, 36.37546954823923, 96.49919851217419],
       [127.36189596588993, 36.37547378620347, 90.57383886352181],
       [127.36188571898717, 36.37548766397664, 84.75766403879970],
       [127.36191080924755, 36.37546733659444, 91.54146680887789],
       [127.36189778702197, 36.37548670721392, 87.24974891263992],
       [127.36190359647028, 36.37548571533002, 96.07937079947442],
       [127.36192948145609, 36.37547793870041, 96.78078031446785],
       [127.36191654933170, 36.37546893253382, 89.75035520736128],
       [127.36191876491682, 36.37549056812056, 87.99286998808384],
       [127.36191520400345, 36.37548170084253, 89.29797629546374],
       [127.36189616916784, 36.37548774878842, 89.75271350052208],
       [127.36191797877615, 36.37548905358688, 84.52163599245250],
       [127.36194346256428, 36.37548001659257, 87.21616601105779],
       [127.36195234766559, 36.37548457897957, 88.58147085178643],
       [127.36194569199236, 36.37550454944711, 85.11584158707410],
       [127.36192178263725, 36.37550891436914, 85.73713556863368],
       [127.36192126692023, 36.37551822030229, 87.62041965406388],
       [127.36192860958268, 36.37550897834405, 89.49705078545958],
       [127.36194678773560, 36.37549702442369, 90.90830687619746],
       [127.36194627875473, 36.37549883767269, 86.01629184372723],
       [127.36190668439126, 36.37550320301002, 77.62810305878520],
       [127.36191001753451, 36.37551999034843, 79.78092939034104],
       [127.36192319395542, 36.37549926026261, 86.25882856920362],
       [127.36192776331234, 36.37552518487063, 82.08733423426747],
       [127.36192383897605, 36.37552586861045, 76.92716331966221],
       [127.36191435094855, 36.37551645756081, 81.00367800518870],
       [127.36192584615921, 36.37551347921599, 83.83181938249618],
       [127.36192275137353, 36.37550127184981, 87.26393060386181],
       [127.36191379192304, 36.37548046689359, 86.58302905317396],
       [127.36192755581055, 36.37547906642644, 85.40377457998693],
       [127.36190952011812, 36.37550279549232, 85.08251132816076],
       [127.36192163114316, 36.37550932835381, 85.84914434421808],
       [127.36193676444722, 36.37551077557970, 82.17585828714073],
       [127.36192377960946, 36.37548817435368, 85.71738784853369],
       [127.36189453939812, 36.37551195589592, 81.98855241108686],
       [127.36191710987298, 36.37549581665119, 82.45426539145410],
       [127.36193667438785, 36.37547635464153, 90.98007135652006],
       [127.36194640902109, 36.37548228307606, 90.07379707507789],
       [127.36193863812505, 36.37546862863566, 90.81182648707181],
       [127.36191577472394, 36.37547452763264, 91.78883244004101],
       [127.36190299820065, 36.37549137684066, 84.79554916080087],
       [127.36189913079681, 36.37550147595738, 80.87879920564592],
       [127.36191716327231, 36.37550122139864, 87.32953226938844],
       [127.36193034715626, 36.37548956983803, 90.32431544177234],
       [127.36193962958026, 36.37550161468201, 85.50398261658847],
       [127.36194765853077, 36.37548427134311, 90.50670353136957],
       [127.36191336400780, 36.37550097711242, 88.90307589713484],
       [127.36191434484357, 36.37550568220240, 90.14035905245692],
       [127.36191965433957, 36.37548986068253, 88.03184324409813],
       [127.36190804607942, 36.37549165324167, 93.30812699533999],
       [127.36192699627213, 36.37548514529246, 92.10654477216303],
       [127.36192830393165, 36.37548735377990, 86.80893009528518],
       [127.36194579248564, 36.37548607612372, 89.52050259616226],
       [127.36192388671361, 36.37550051629467, 91.89305472094566],
       [127.36190904115844, 36.37547324630057, 90.57093899603933],
       [127.36191107602890, 36.37548059097347, 90.80955748725682],
       [127.36192853055518, 36.37546881120259, 92.06351885106415],
       [127.36190685886088, 36.37547629740127, 93.15212921518832],
       [127.36190172040067, 36.37546548076888, 94.49292714055628],
       [127.36189528455998, 36.37547871512344, 91.97655821591616],
       [127.36190452862006, 36.37548365152372, 94.25581442285329],
       [127.36189651636812, 36.37547295961796, 96.58365327771753],
       [127.36189549937190, 36.37547610249355, 94.31293093971908],
       [127.36189607114257, 36.37546028550074, 96.39618408586830],
       [127.36190836070095, 36.37546694953873, 96.75884106103331],
       [127.36190555876846, 36.37546082276406, 100.20487370714545],
       [127.36189229416699, 36.37547360277814, 93.45515602361411],
       [127.36189345324308, 36.37547659617572, 94.59225919749588],
       [127.36188510297286, 36.37547591080479, 90.30596304498613],
       [127.36190314676652, 36.37547723436954, 86.59492191206664],
       [127.36188876027758, 36.37548110031600, 85.58946377877146],
       [127.36189655718042, 36.37547749720894, 92.16420384868979],
       [127.36191314665183, 36.37546648584276, 95.72719776909798],
       [127.36190540202334, 36.37546312259031, 95.99622966535389],
       [127.36189961719718, 36.37547066846057, 92.44603906106204],
       [127.36189244644953, 36.37549208164203, 90.54073189478368],
       [127.36190442072633, 36.37546241119544, 94.46659261081368],
       [127.36189533952604, 36.37546546353885, 90.57614007499069],
       [127.36189376221091, 36.37545725458230, 97.19941587187350],
       [127.36192061499439, 36.37548276618039, 96.64623970258981],
       [127.36191362764579, 36.37547783556280, 91.04165179468691],
       [127.36193854744829, 36.37550571124748, 87.90036821644753],
       [127.36190897860294, 36.37551353547563, 83.36109476350248],
       [127.36188643629110, 36.37549466123107, 87.73580424021930],
       [127.36189535778912, 36.37547713148853, 88.58657290693372],
       [127.36190585145108, 36.37545299330880, 99.08905148133636],
       [127.36190237692512, 36.37547098315076, 97.07897589821368],
       [127.36190836012645, 36.37548764806941, 94.26445853710175],
       [127.36190790574612, 36.37547749745108, 96.10855734627694],
       [127.36191511672168, 36.37549114916812, 91.75401137955487],
       [127.36190514915228, 36.37549454661889, 79.71286895219237],
       [127.36188951935081, 36.37548857921198, 82.83760921377689],
       [127.36190247507108, 36.37548762603564, 90.28017226699740],
       [127.36190517159528, 36.37550599307358, 91.60634400416166],
       [127.36191401107453, 36.37548714167366, 96.59848002251238],
       [127.36190809532542, 36.37548531590742, 95.05167316924781],
       [127.36190761453784, 36.37550258502634, 87.06064252834767],
       [127.36191826628549, 36.37547778327898, 89.15176264382899],
       [127.36192088251856, 36.37548688407919, 90.28981552086771],
       [127.36190957437289, 36.37547700462983, 94.13490983750671],
       [127.36192621474888, 36.37550081213728, 93.05882308725268],
       [127.36191140000568, 36.37551432997770, 89.62228097207844],
       [127.36190424472865, 36.37551435757180, 88.15375387854874],
       [127.36191546667155, 36.37550531209200, 87.28045547381043],
       [127.36191534493815, 36.37551366883343, 81.45439065620303],
       [127.36191847610543, 36.37549177356814, 86.26941034942865],
       [127.36192291436068, 36.37548777909166, 88.90080254897475],
       [127.36190521171746, 36.37550492210368, 86.85396842472255],
       [127.36190218676232, 36.37550610475169, 90.63577736821026],
       [127.36191473600338, 36.37550867052099, 93.05600704811513],
       [127.36192282260579, 36.37550094420988, 94.59638298116624],
       [127.36191717144855, 36.37547906487553, 95.18421837035567],
       [127.36190904581389, 36.37549598904429, 90.26439423393458],
       [127.36191160080847, 36.37552323808003, 86.45107136107981],
       [127.36191373164301, 36.37552295914285, 84.99727258086205],
       [127.36192048653926, 36.37552585079307, 79.92877453193069],
       [127.36192807634227, 36.37552665831443, 82.92870630417019],
       [127.36191077287302, 36.37551293439704, 87.31803068704903],
       [127.36190289505264, 36.37551278866750, 83.24895370099694],
       [127.36192807560296, 36.37553058757315, 80.76376976631582],
       [127.36193443476147, 36.37553157428173, 87.60699412319809],
       [127.36191368783133, 36.37551270763810, 83.93807461671531],
       [127.36191376644958, 36.37548505878832, 90.47445187158883],
       [127.36191190560514, 36.37550609852717, 93.62319441512227],
       [127.36192299031410, 36.37551778624650, 85.32862892560661],
       [127.36192631200556, 36.37551308644774, 81.77118066605181],
       [127.36192730370391, 36.37549883416968, 90.62304522842169],
       [127.36191595563096, 36.37549336872801, 92.71528726257384],
       [127.36190219528221, 36.37550471289146, 94.06119087338448],
       [127.36190670569607, 36.37550427119933, 95.09156962390989],
       [127.36190691302592, 36.37550471827980, 87.72604867629707],
       [127.36188724230921, 36.37548967935634, 83.45240521430969],
       [127.36189451055446, 36.37551084591946, 86.83778052777052],
       [127.36190774894192, 36.37550373852540, 90.09731505252421],
       [127.36190362133327, 36.37550691262329, 84.56752385385334],
       [127.36189642090513, 36.37549860866109, 86.47257325518876],
       [127.36191113938308, 36.37551326796068, 89.26394115947187],
       [127.36190513199431, 36.37548253425656, 94.51686186064035],
       [127.36191678763640, 36.37547391338799, 93.81593958567828],
       [127.36188126900220, 36.37550270721339, 91.32040920481086],
       [127.36188979219261, 36.37550368187012, 91.91015476919711],
       [127.36190444867178, 36.37551089229412, 85.33873229660094],
       [127.36190427462262, 36.37548195270207, 91.57206903025508],
       [127.36190451484495, 36.37548414363838, 88.22900802362710],
       [127.36191226429658, 36.37549550296421, 86.84448149148375],
       [127.36190882756709, 36.37547784761554, 98.42552026733756],
       [127.36190955972047, 36.37547763080735, 96.09372527897358],
       [127.36191259239222, 36.37548885400722, 97.11591426841915],
       [127.36191581477598, 36.37547372470174, 99.07900549191982],
       [127.36191153494796, 36.37547230362591, 97.84737386647612],
       [127.36190242969342, 36.37547686113688, 99.19444255158305],
       [127.36192320080464, 36.37545059876858, 101.29473130777478],
       [127.36192571890459, 36.37544175220959, 104.11380892060697],
       [127.36192157382028, 36.37546560713479, 100.93608451168984],
       [127.36188127138418, 36.37549152161696, 92.66431339550763],
       [127.36189557471836, 36.37547370340534, 100.79571059066802],
       [127.36191118035181, 36.37544750827588, 102.08935397397727],
       [127.36189374625377, 36.37545676868741, 96.90567327011377],
       [127.36188057167838, 36.37545850546245, 101.08679014444351],
       [127.36188971410719, 36.37546433291764, 95.25466225203127],
       [127.36189591667262, 36.37544893684477, 97.65627592708915],
       [127.36190166014825, 36.37544697866588, 103.52563834283501],
       [127.36191603493091, 36.37544664815888, 103.93818514607847],
       [127.36190508572049, 36.37543577035134, 103.95236378628761],
       [127.36191475257992, 36.37542887997254, 109.00704683642834],
       [127.36190905765008, 36.37543714172667, 107.96580330468714],
       [127.36188899544580, 36.37545030569494, 99.67907886672765],
       [127.36189366153873, 36.37544786755085, 104.82112827152014],
       [127.36192996484343, 36.37544680527017, 95.19932011794299],
       [127.36190955675615, 36.37543120972433, 95.51738089602441],
       [127.36191544532682, 36.37544383349728, 97.77092765644193],
       [127.36192919543855, 36.37543705488729, 102.55505639780313],
       [127.36192142016722, 36.37544611011354, 98.62073748465627],
       [127.36190150363173, 36.37544681522536, 99.05661831889302],
       [127.36188786474256, 36.37543743221259, 102.05198033992201],
       [127.36190410058086, 36.37544397074191, 104.63546701334417],
       [127.36188277500790, 36.37544439572503, 100.04524234682322],
       [127.36192073287874, 36.37544854060721, 102.23354442231357],
       [127.36192718439661, 36.37544741467337, 101.41487029660493],
       [127.36192816675791, 36.37542045987794, 104.12431445717812],
       [127.36192008283362, 36.37541410474392, 101.08986401557922],
       [127.36193393698815, 36.37540691727486, 107.84924862533808],
       [127.36191317226512, 36.37540948332359, 108.65070291049778],
       [127.36189181249721, 36.37542542510996, 103.58904360886663],
       [127.36188964184510, 36.37545534216650, 98.55258720368147],
       [127.36190572705630, 36.37542536182105, 106.98149086255580],
       [127.36191768766366, 36.37543231151153, 101.49132691975683],
       [127.36191196135297, 36.37543735597485, 99.35638033133000],
       [127.36189806407639, 36.37543655052218, 104.08552385773510],
       [127.36191024114849, 36.37544248981241, 101.14690287876874],
       [127.36191114600851, 36.37542687955685, 101.90019308496267],
       [127.36192220462985, 36.37541727287573, 102.49585349392146],
       [127.36193330797786, 36.37543123047779, 103.49645152594894],
       [127.36191605458829, 36.37542674166182, 103.95043950155377],
       [127.36189887414966, 36.37544357172466, 99.24033018294722],
       [127.36189906637264, 36.37543802893629, 100.17294381093234],
       [127.36191062092499, 36.37541222779546, 101.27992456592619],
       [127.36190545571938, 36.37542453439081, 98.71451138053089],
       [127.36189661730030, 36.37541282085159, 103.68431080877781],
       [127.36192976013054, 36.37542287477452, 103.74734568875283],
       [127.36191909514929, 36.37542629576711, 103.33557348605245],
       [127.36189553246167, 36.37544666135026, 97.21567377541214],
       [127.36190517440076, 36.37542917724576, 102.00360850337893],
       [127.36192452220256, 36.37543192416382, 101.37143817078322],
       [127.36193954839607, 36.37542761140327, 98.26270674541593],
       [127.36193077547019, 36.37542677155692, 98.80109245516360],
       [127.36190607161275, 36.37543099238363, 97.91310093645006],
       [127.36192538244219, 36.37543182628342, 104.78921199217439],
       [127.36190381385225, 36.37540523656195, 100.94799208547920],
       [127.36192229914300, 36.37541405093383, 100.76821101363748],
       [127.36194084230098, 36.37542881965026, 96.05176318529993],
       [127.36194749364300, 36.37545076951334, 95.05272814258933],
       [127.36193888265923, 36.37543730123327, 96.84398031979799],
       [127.36191784751260, 36.37543011205186, 97.95231606811285],
       [127.36192066749311, 36.37544402647593, 91.21330314688385],
       [127.36192349948372, 36.37546409644700, 88.99434422794729],
       [127.36192377033534, 36.37547248776279, 88.45323574636132],
       [127.36195500303006, 36.37546124991548, 90.21703166048974],
       [127.36194782978191, 36.37547296870680, 88.79179372638464],
       [127.36195524428847, 36.37547751226360, 84.93803851306438],
       [127.36191882209508, 36.37544762339629, 90.19165080785751],
       [127.36192971637834, 36.37541967322210, 91.88410094100982],
       [127.36192677604905, 36.37542600273267, 94.09396234620363],
       [127.36192549231045, 36.37545399885681, 92.65722043532878],
       [127.36192308594215, 36.37546355969161, 91.46557522751391],
       [127.36191336995921, 36.37546905846730, 91.19809312000871],
       [127.36192364386901, 36.37544201402905, 93.57883673813194],
       [127.36192603385820, 36.37544417056377, 92.49519594293088],
       [127.36194078574972, 36.37544704480278, 95.20626073051244],
       [127.36192313256416, 36.37545363178935, 95.01776347775012],
       [127.36192008289858, 36.37546026905763, 95.06558242812753],
       [127.36190342635402, 36.37544883301692, 94.51518439967185],
       [127.36191863603871, 36.37544404291017, 93.28430816996843],
       [127.36190767840719, 36.37547169112046, 89.17849967069924],
       [127.36191928519234, 36.37544590166325, 94.75096958316863],
       [127.36191875753150, 36.37545778973600, 90.21370223909616],
       [127.36191566723659, 36.37544661233039, 93.40607765130699],
       [127.36192798387037, 36.37544948377170, 96.40737018454820],
       [127.36191734569944, 36.37544654466188, 97.44859925191849],
       [127.36192038864945, 36.37546328919588, 93.46280897594988],
       [127.36193134191114, 36.37547006702057, 92.69099021051079],
       [127.36194053328782, 36.37547346796546, 90.08441448584199],
       [127.36191164329676, 36.37548065619073, 90.52853288594633],
       [127.36189351510873, 36.37548135347134, 88.92806750349700],
       [127.36190462717741, 36.37547557238153, 88.66316517349333],
       [127.36190789617716, 36.37544037200727, 88.10991234239191],
       [127.36189945149931, 36.37546773567273, 87.27621509786695],
       [127.36189078145509, 36.37544077723035, 93.10932364035398],
       [127.36191060055484, 36.37545708616310, 96.17951777204871],
       [127.36190582510174, 36.37545708820203, 95.75272160861641],
       [127.36189989509364, 36.37543058593282, 97.87292786687613],
       [127.36189621873270, 36.37547050939843, 92.95715172123164],
       [127.36190556978066, 36.37545648172500, 94.28201659768820],
       [127.36189848208470, 36.37547899046418, 86.66388271003962],
       [127.36192661954732, 36.37545991088878, 95.69928576238453],
       [127.36193395078369, 36.37546802215755, 95.14896740391850],
       [127.36190057961112, 36.37544782214992, 95.66401179507375],
       [127.36191567535020, 36.37544042039245, 98.51970546320081],
       [127.36192346345801, 36.37546159087695, 97.84740465693176],
       [127.36194191661387, 36.37547769648615, 96.43852445017546],
       [127.36194704592850, 36.37546267469760, 95.02512251585722],
       [127.36195988254232, 36.37546661396517, 97.77154012303799],
       [127.36193665961140, 36.37546732450402, 99.63080300949514],
       [127.36192637340017, 36.37546600742943, 99.82646656502038],
       [127.36191546049473, 36.37545825188135, 94.80580697674304],
       [127.36191822191510, 36.37546592075850, 95.67571606952697],
       [127.36193419506482, 36.37548041170387, 97.64461145643145],
       [127.36193356167516, 36.37546215102214, 104.20064393896610],
       [127.36193758541354, 36.37545848121454, 101.49003464542329],
       [127.36191890016663, 36.37546407491821, 96.34472858067602],
       [127.36193380431368, 36.37545624590751, 94.40154710505158],
       [127.36192462958280, 36.37545129482324, 97.63794239703566],
       [127.36193825715893, 36.37544078662494, 98.52181636542082],
       [127.36193280992021, 36.37545051143216, 98.37762194033712],
       [127.36192506527070, 36.37545979670537, 96.99393177032471],
       [127.36191456224087, 36.37544812406679, 100.86965706478804],
       [127.36193452867337, 36.37544962759246, 104.28897565789521],
       [127.36194195924817, 36.37543293463776, 105.38566612824798],
       [127.36191398536506, 36.37546593066406, 103.38254518527538],
       [127.36190646834761, 36.37547582033375, 98.37866315059364],
       [127.36190882717355, 36.37547440271818, 96.57933926489204],
       [127.36192055949829, 36.37545844292328, 101.70383322704583],
       [127.36191366442634, 36.37544031134075, 99.18872993253171],
       [127.36190811843569, 36.37544737910271, 92.77480233740062],
       [127.36190808401969, 36.37546386502955, 92.77252624370158],
       [127.36190010577063, 36.37544965413358, 94.40963960066438],
       [127.36191510091901, 36.37545600696461, 99.19396915193647],
       [127.36191931041884, 36.37546972115725, 96.10136464703828],
       [127.36191260261272, 36.37547042507816, 96.44763810932636],
       [127.36191497332904, 36.37547576107881, 94.29878224804997],
       [127.36193382396378, 36.37544883945208, 97.34703256096691],
       [127.36193679371705, 36.37544856208977, 94.36914693377912],
       [127.36189726921459, 36.37544325037581, 95.01059138961136],
       [127.36191480025475, 36.37546328529537, 93.66459296271205],
       [127.36192178111209, 36.37544671035489, 94.33556255418807],
       [127.36192554781954, 36.37545755873254, 94.14789172355086],
       [127.36191143909367, 36.37546026917096, 94.31304351333529],
       [127.36191750776892, 36.37547092450231, 90.54798276070505],
       [127.36193862583450, 36.37547928503469, 87.85766508895904],
       [127.36194590976366, 36.37545239486669, 92.74424956366420],
       [127.36195106701840, 36.37545692509662, 92.80996750574559],
       [127.36195223083089, 36.37547536718595, 87.54189208522439],
       [127.36195049486419, 36.37545595794261, 91.66741569340229],
       [127.36192409842177, 36.37545360419968, 91.88813955709338],
       [127.36193670780584, 36.37546608485363, 90.22920341137797],
       [127.36192947190756, 36.37546974045800, 90.48742777947336],
       [127.36193633281445, 36.37547000482760, 91.32003237865865],
       [127.36194128369839, 36.37547243222545, 89.31788282003254],
       [127.36193034779069, 36.37547998125547, 88.73644583579153],
       [127.36194591381501, 36.37546585369861, 85.87970201019198],
       [127.36192934497696, 36.37548003958424, 90.55741288792342],
       [127.36192043351673, 36.37547032505934, 92.70846142526716],
       [127.36192265688182, 36.37547391589644, 88.34275423269719],
       [127.36192448891734, 36.37548440146382, 87.90107976365834],
       [127.36192347091125, 36.37547218693028, 86.43247909750789],
       [127.36193500785565, 36.37546491092531, 89.35836978163570],
       [127.36194518350830, 36.37547993280431, 87.32251122966409],
       [127.36192140077301, 36.37549619293920, 84.42837753426284],
       [127.36193395953329, 36.37550482935529, 84.20500045176595],
       [127.36192824534130, 36.37547050488066, 88.97064994927496],
       [127.36192467633384, 36.37546416187721, 90.04659527074546],
       [127.36192513186541, 36.37546094437098, 87.12504320219159],
       [127.36189672533578, 36.37546590437409, 91.64428717177361],
       [127.36190877157281, 36.37548401680850, 88.39750030636787],
       [127.36190276427034, 36.37546504109447, 87.06720535643399],
       [127.36192408165404, 36.37545788318148, 85.22302233055234],
       [127.36192865300991, 36.37546944099087, 84.64419315569103],
       [127.36189548533991, 36.37546536251084, 84.99231434520334],
       [127.36191538295894, 36.37546342426085, 86.41331541072577],
       [127.36192362979281, 36.37544394198106, 90.44022194948047],
       [127.36192194114463, 36.37543148914729, 91.46289926487952],
       [127.36191974469496, 36.37544821176886, 89.31746217235923],
       [127.36191203475637, 36.37544511091613, 94.01530550513417],
       [127.36190777651755, 36.37543494392175, 89.68492977041751],
       [127.36191818341993, 36.37546467196081, 87.34660990908742],
       [127.36192089990472, 36.37545657851899, 90.66153161413968],
       [127.36192641536876, 36.37545084433834, 88.60474183317274],
       [127.36190906345840, 36.37546254931146, 80.14298547524959],
       [127.36191356032369, 36.37545712187713, 87.25493863783777],
       [127.36190605808534, 36.37545556437924, 85.74983369652182],
       [127.36190777565558, 36.37546187482692, 89.52735419292003],
       [127.36190562808041, 36.37546207624836, 89.69954053219408],
       [127.36189576913377, 36.37546114222838, 86.08640213124454],
       [127.36190515935590, 36.37545493914276, 84.09714800771326],
       [127.36189914193572, 36.37547568019107, 80.89689670410007],
       [127.36189177516614, 36.37545171780426, 88.97882265411317],
       [127.36191960909285, 36.37545159307174, 91.62788674235344],
       [127.36193043098669, 36.37544798117560, 89.65202770940959],
       [127.36193222626068, 36.37547506176686, 82.66821615118533],
       [127.36191547281724, 36.37546397939070, 84.25508515257388],
       [127.36191400169132, 36.37545538524589, 86.31489672418684],
       [127.36190723358006, 36.37548179101983, 81.26612732466310],
       [127.36187025369257, 36.37550125730535, 77.75055870879441],
       [127.36187150127245, 36.37548870152533, 79.75694159232080],
       [127.36188428795224, 36.37548788619301, 78.83731900341809],
       [127.36188550202354, 36.37546464636105, 83.16078292299062],
       [127.36189084068887, 36.37545982316882, 83.98946039378643],
       [127.36188504991446, 36.37546204024372, 86.62541289813817],
       [127.36189900462490, 36.37545293067095, 93.16406382713467],
       [127.36190658973979, 36.37547135518749, 91.32251581642777],
       [127.36188334912127, 36.37546502074827, 89.50845989584923],
       [127.36190048200682, 36.37547053937787, 88.03692897502333],
       [127.36190692862348, 36.37547081783508, 85.20515642687678],
       [127.36188403256810, 36.37548234588364, 80.32758034300059],
       [127.36187746176543, 36.37547220860171, 86.86114179436117],
       [127.36188438756268, 36.37547102275819, 84.38627342972904],
       [127.36190256065828, 36.37544014728571, 90.14419061876833],
       [127.36189731750542, 36.37544046678403, 90.72682460304350],
       [127.36188944077529, 36.37546023528074, 86.57522799354047],
       [127.36190008758581, 36.37546981300325, 88.63075690343976],
       [127.36188310836937, 36.37548979524683, 85.05476582236588],
       [127.36187363017881, 36.37548154841139, 84.18841192498803],
       [127.36188660562419, 36.37546518683195, 90.02302561141551],
       [127.36188029115213, 36.37549168479650, 81.80659712478518],
       [127.36187765119833, 36.37547575208543, 82.28625385370106],
       [127.36188028340790, 36.37545446440860, 85.31280946079642],
       [127.36189504800734, 36.37547752986407, 85.19042042549700],
       [127.36191623888249, 36.37547222416475, 86.19561640266329],
       [127.36191033249614, 36.37545086829458, 87.58280767779797],
       [127.36190037924669, 36.37546303130424, 85.52625393401831],
       [127.36189879239079, 36.37547644118393, 87.59059907402843],
       [127.36190054425217, 36.37547323575385, 88.25001304037869],
       [127.36191029725747, 36.37544817164815, 90.90016819536686],
       [127.36191859187643, 36.37545809583158, 87.25531769357622],
       [127.36191271903512, 36.37546508426044, 84.39833532180637],
       [127.36189716859951, 36.37549409504507, 80.50301485229284],
       [127.36191214293598, 36.37549829538435, 85.96142008155584],
       [127.36188325905374, 36.37548928364963, 86.32433769758791],
       [127.36190509995106, 36.37547203533151, 84.65885516349226],
       [127.36189244280204, 36.37548716416334, 84.43255430180579],
       [127.36188458222914, 36.37546995346229, 86.03326106350869],
       [127.36186737930026, 36.37543641905017, 88.32837620191276],
       [127.36188504967086, 36.37543381572243, 89.76197633985430],
       [127.36190227869852, 36.37544631605049, 90.71759630553424],
       [127.36190294611953, 36.37545396633891, 90.53862037789077],
       [127.36189694201651, 36.37544471990742, 92.26179654616863],
       [127.36188708684374, 36.37544352232272, 94.15823764912784],
       [127.36186562942756, 36.37546879612475, 87.73342240415514],
       [127.36186068296912, 36.37547188502334, 89.30871553812176],
       [127.36187671819222, 36.37543883910172, 95.05561911407858],
       [127.36187758665571, 36.37541998509918, 94.06585445161909],
       [127.36189423625295, 36.37542257071104, 92.24281723424792],
       [127.36189589150706, 36.37543299174595, 90.74830802064389],
       [127.36187653922923, 36.37544080721088, 91.32409046590328],
       [127.36185897523777, 36.37542858271100, 92.90721486974508],
       [127.36184942064492, 36.37542352022579, 91.12394842505455],
       [127.36184521323243, 36.37544945800888, 84.31109284516424],
       [127.36185036124789, 36.37544573865513, 82.17216976080090],
       [127.36186411892923, 36.37544821526654, 79.96221583709121],
       [127.36187025967016, 36.37545010069014, 89.54190750047565],
       [127.36186131335565, 36.37543604191842, 90.38783455733210],
       [127.36186642231226, 36.37544136490055, 90.91694588121027],
       [127.36188035875740, 36.37542368779028, 92.91270634066314],
       [127.36184543474175, 36.37541724020619, 91.05466518830508],
       [127.36185206987028, 36.37542773628098, 86.60877452883869],
       [127.36187234020458, 36.37542271078911, 94.99357100203633],
       [127.36187532289375, 36.37543653328603, 93.50850694533437],
       [127.36188114541113, 36.37543380246240, 95.37524444703013],
       [127.36184780896832, 36.37543437597581, 88.20980221964419],
       [127.36184432243425, 36.37544697063785, 86.91140231117606],
       [127.36186531069539, 36.37543260109671, 96.37406397797167],
       [127.36186013010233, 36.37543392605956, 93.11455144640058],
       [127.36185084694930, 36.37541515687574, 97.09442797303200],
       [127.36186333661362, 36.37544663652827, 100.67721543926746],
       [127.36187048385972, 36.37544436386346, 99.43089139275253],
       [127.36185987229723, 36.37544666739083, 91.72684011049569],
       [127.36186217643501, 36.37547090862017, 87.52904948405921],
       [127.36187166477914, 36.37546627712554, 87.64171307627112],
       [127.36186898222739, 36.37542606778286, 100.69613751489669],
       [127.36187384713780, 36.37540413369721, 97.47167016752064],
       [127.36185278549583, 36.37539323897095, 97.87938267271966],
       [127.36186514812884, 36.37541698710885, 99.38587019033730],
       [127.36186905047117, 36.37543732242958, 96.40809912513942],
       [127.36188637772236, 36.37543228425423, 94.92226273193955],
       [127.36186123041961, 36.37542379767488, 101.29416386503726],
       [127.36184288855647, 36.37543683620215, 100.06293301098049],
       [127.36187154932712, 36.37545050151167, 103.11535835918039],
       [127.36184802778921, 36.37544904579718, 100.99296774342656],
       [127.36185027515350, 36.37544679010361, 96.94489782117307],
       [127.36187981304212, 36.37544452499681, 92.92984566930681],
       [127.36186852479953, 36.37544254041987, 91.37470412347466],
       [127.36186095718512, 36.37544206608380, 98.30815792828798],
       [127.36186846711992, 36.37543042215134, 93.79226075857878],
       [127.36185541196427, 36.37542991062089, 90.83761304803193],
       [127.36185884514353, 36.37542257430648, 95.63280173484236],
       [127.36183777590105, 36.37544465787126, 97.95079569984227],
       [127.36185800653175, 36.37544322145108, 100.18235120456666],
       [127.36185574433149, 36.37545992246974, 98.45905787404627],
       [127.36185459178600, 36.37544323073828, 100.77393337525427],
       [127.36185201224136, 36.37543275082721, 100.35984964389354],
       [127.36187130983295, 36.37545718890419, 92.90606093872339],
       [127.36187567107316, 36.37546221569469, 92.79823046457022],
       [127.36186729185486, 36.37544653091994, 96.61042469367385],
       [127.36186506672666, 36.37544318693254, 100.27753573656082],
       [127.36186732002234, 36.37542966841180, 103.23786317091435],
       [127.36185892417161, 36.37541562348714, 104.43874411284924],
       [127.36184904031640, 36.37544152841330, 104.30241579189897],
       [127.36184306043728, 36.37544078364461, 100.05252362508327],
       [127.36184621404610, 36.37545260268431, 96.65311356261373],
       [127.36184800627103, 36.37545484269734, 94.50763370376080],
       [127.36185024190867, 36.37544825384901, 97.57972446456552],
       [127.36186239718715, 36.37542781437789, 99.62144741322845],
       [127.36187680675064, 36.37540560932187, 105.65203089173883],
       [127.36186039675174, 36.37541738313161, 106.69685678742826],
       [127.36185192143000, 36.37542901109927, 97.07587780058384],
       [127.36182434280110, 36.37544879599012, 87.54540502838790],
       [127.36183097196283, 36.37547468594259, 91.61312664858997],
       [127.36187106202469, 36.37542387701021, 99.12098141666502],
       [127.36185232052270, 36.37540307732989, 109.31603394448757],
       [127.36187113871293, 36.37540144083811, 104.97878266032785],
       [127.36188185166087, 36.37541711013767, 98.73918177653104],
       [127.36185840013179, 36.37544440836322, 95.81384386681020],
       [127.36184362958841, 36.37543950263910, 95.23845035396516],
       [127.36185011859601, 36.37543335027063, 98.95928569417447],
       [127.36188088707725, 36.37540405010068, 99.73761254828423],
       [127.36185393573892, 36.37541645871026, 97.66711502894759],
       [127.36184258653822, 36.37543641057585, 99.55924682784826],
       [127.36183529178527, 36.37543431282152, 97.20075593888760],
       [127.36184933109008, 36.37541644227592, 93.19265562482178],
       [127.36188155247626, 36.37540814711494, 98.04865737166256],
       [127.36186987946245, 36.37540560992777, 104.16448246221989],
       [127.36186442567910, 36.37541736555631, 103.26799720805138],
       [127.36186168115194, 36.37542522036068, 96.77814579475671],
       [127.36187847296458, 36.37541132026980, 101.93818290065974],
       [127.36187667062555, 36.37540885490746, 101.57600312400609],
       [127.36186344904806, 36.37542024390282, 102.65151958353817],
       [127.36186565706835, 36.37542580201266, 99.89921102300286],
       [127.36187891839955, 36.37539964376386, 99.99106814898551],
       [127.36185874226712, 36.37539187864164, 100.09333213046193],
       [127.36187848893900, 36.37540896709241, 100.26663829945028],
       [127.36188326231024, 36.37540815551627, 102.96350784506649],
       [127.36186978099823, 36.37541742286565, 101.84835906606168],
       [127.36185191982713, 36.37544341971086, 98.68211387656629],
       [127.36185992445556, 36.37543383561185, 95.73110045585781],
       [127.36188033678134, 36.37539521095356, 100.94985750596970],
       [127.36186185598352, 36.37538163920824, 100.83642788883299],
       [127.36185146312428, 36.37541635319382, 100.04322014655918],
       [127.36186920629152, 36.37541220727830, 99.56111089233309],
       [127.36187995635255, 36.37542020765755, 96.30119860544801],
       [127.36186854900022, 36.37543315449098, 94.93640077486634],
       [127.36187670825358, 36.37541513042216, 97.96130104269832],
       [127.36187110154235, 36.37540706471077, 98.33967927191406],
       [127.36186299562449, 36.37541423740695, 96.35556617006660],
       [127.36187550541899, 36.37542478804615, 96.45018961466849],
       [127.36187361104126, 36.37541845261794, 94.67535739485174],
       [127.36188003961038, 36.37542494238209, 90.78958918526769],
       [127.36187882680298, 36.37540915916561, 97.20035360008478],
       [127.36187762451736, 36.37541375474294, 98.31356265302747],
       [127.36186759286505, 36.37540582654830, 101.10507047269493],
       [127.36187303320361, 36.37541604122369, 91.10357115045190],
       [127.36188479178151, 36.37542096574703, 92.93045796547085],
       [127.36186609276550, 36.37543224572520, 91.14901471138000],
       [127.36188243191322, 36.37544583928298, 86.03758218418807],
       [127.36190813972526, 36.37541894950941, 94.68731055315584],
       [127.36189231546061, 36.37542056640717, 91.09093232359737],
       [127.36190115247030, 36.37544544149159, 87.65249451436102],
       [127.36188806774314, 36.37545381306055, 86.46473059430718],
       [127.36188570027777, 36.37545528244915, 85.18627450708300],
       [127.36188666739982, 36.37546199024319, 81.72468302678317],
       [127.36190418327482, 36.37543922918160, 87.80751091614366],
       [127.36190017327669, 36.37545351075112, 86.36997799668461],
       [127.36189270154017, 36.37544728696491, 87.25495807826519],
       [127.36188507302751, 36.37546572648372, 85.73397106118500],
       [127.36187712729638, 36.37547110008828, 83.33282908238471],
       [127.36187160555593, 36.37549237434868, 79.44321010541171],
       [127.36187027795461, 36.37547514127246, 79.78914253879339],
       [127.36190317260613, 36.37546212652659, 82.91805585101247],
       [127.36190461432241, 36.37549171621912, 82.20946510601789],
       [127.36190880894881, 36.37545660629351, 87.33719947375357],
       [127.36189498709386, 36.37546152939188, 86.79055780079216],
       [127.36188748175306, 36.37545881159247, 86.15976592432708],
       [127.36188437419810, 36.37547113710207, 85.54844833631068],
       [127.36189275709475, 36.37546971300183, 85.09813479892910],
       [127.36190684601227, 36.37546191548694, 86.27925686165690],
       [127.36191428909656, 36.37547103634629, 89.89488258399069],
       [127.36191202667041, 36.37546646705544, 89.65044016018510],
       [127.36189635494257, 36.37547186421113, 85.85726978536695],
       [127.36188988306893, 36.37548769220719, 81.37585438415408],
       [127.36190382648250, 36.37549591542096, 80.61262510623783],
       [127.36192232741394, 36.37547332380579, 81.90821884758770],
       [127.36190981810617, 36.37546011502520, 84.08796483278275],
       [127.36190393621678, 36.37545566384035, 84.36672043520957],
       [127.36191110724094, 36.37546008384516, 91.33192336652428],
       [127.36189428903364, 36.37548587540005, 84.78719045594335],
       [127.36191220551504, 36.37548339252612, 84.56324931886047],
       [127.36189455333829, 36.37549213110677, 83.58395251352340],
       [127.36190243079524, 36.37548932022403, 84.63371759001166],
       [127.36193388914444, 36.37549145222201, 83.90079986676574],
       [127.36189598560350, 36.37549130551054, 85.79643099568784],
       [127.36189154237690, 36.37546014564587, 88.80607058200985],
       [127.36189765744302, 36.37547845425976, 89.13434646744281],
       [127.36190270201313, 36.37549895790241, 85.26649897452444],
       [127.36191219353964, 36.37549161672145, 83.68500128667802],
       [127.36191331356946, 36.37550246108781, 85.66695460490882],
       [127.36190949001946, 36.37549760689116, 82.40662059932947],
       [127.36191648094972, 36.37548661883944, 85.15763858705759],
       [127.36192284877255, 36.37549278908555, 86.37619616556913],
       [127.36191589254896, 36.37549934019647, 84.38261959515512],
       [127.36189556069060, 36.37550059891525, 84.05459944996983],
       [127.36191703953814, 36.37549190639162, 82.45818325970322],
       [127.36191924245941, 36.37550493650505, 85.55926220305264],
       [127.36192069478095, 36.37548751451682, 89.01382078044116],
       [127.36189052739942, 36.37549025810549, 87.15824782196432],
       [127.36189720448611, 36.37548204710837, 87.59575330279768],
       [127.36189324908123, 36.37548420558155, 84.09383850824088],
       [127.36188291405661, 36.37548018668299, 85.59060761146247],
       [127.36190191270200, 36.37546446392351, 87.20441060699522],
       [127.36189237890369, 36.37549677124063, 82.57886917516589],
       [127.36190847791273, 36.37549456756963, 88.85980505868793],
       [127.36191526123372, 36.37549347843700, 88.85033702664077],
       [127.36193423305912, 36.37549041617506, 88.39358057547361],
       [127.36191367197219, 36.37548158712769, 88.32122183684260],
       [127.36191564360180, 36.37549387614199, 84.20120511669666],
       [127.36191346811673, 36.37548366922731, 88.52442432101816],
       [127.36190056433900, 36.37548722569451, 87.07901385147125],
       [127.36188761729065, 36.37549643960505, 83.03462998475879],
       [127.36190577687060, 36.37548624707582, 84.16496606729925],
       [127.36190826618248, 36.37550213747952, 81.06932924594730],
       [127.36188689492135, 36.37551347062304, 79.46179457567632],
       [127.36189574414585, 36.37550585877388, 83.27581173274666],
       [127.36191175342505, 36.37549712746520, 84.18074758537114],
       [127.36189694174219, 36.37549530304285, 85.70536278467625],
       [127.36186843076348, 36.37550298892929, 79.02170738764107],
       [127.36187041497170, 36.37547117300325, 82.37177415192127],
       [127.36186953924533, 36.37549770511244, 84.78028763644397],
       [127.36187770733613, 36.37551754325203, 82.10474871005863],
       [127.36188107060805, 36.37549481494540, 81.39966385159642],
       [127.36188436533010, 36.37551586642832, 77.36320215649903],
       [127.36189691644798, 36.37552194998656, 77.41206562146544],
       [127.36187604287380, 36.37551959875618, 76.37758955638856],
       [127.36185296614272, 36.37549707411308, 79.21243386715651],
       [127.36186806953062, 36.37549944885350, 77.60850818641484],
       [127.36189339867613, 36.37550094159792, 77.63017618749291],
       [127.36191505340220, 36.37550981393075, 76.61926753539592],
       [127.36190447226087, 36.37551300079866, 74.41223473194987],
       [127.36189456449324, 36.37551485112481, 77.77163885161281],
       [127.36189751344595, 36.37548954222328, 83.18912411853671],
       [127.36191848259145, 36.37551444292271, 75.72269568126649],
       [127.36189648321680, 36.37551288970116, 75.66974519100040],
       [127.36190577993014, 36.37551700025202, 74.27641282789409],
       [127.36189536048094, 36.37553595898760, 74.42432425264269],
       [127.36187238178148, 36.37551598645504, 71.41513214074075],
       [127.36187568291356, 36.37551794004132, 70.03206511959434],
       [127.36187325628929, 36.37550635055905, 74.59114162623882],
       [127.36184870062235, 36.37550465977887, 71.27871967293322],
       [127.36187454138503, 36.37551038647376, 71.37395319435745],
       [127.36189441289312, 36.37549463470198, 75.23089996073395],
       [127.36190373120057, 36.37551442182352, 72.88343032356352],
       [127.36189275816591, 36.37550771809667, 76.85894639603794],
       [127.36188442804740, 36.37550577224203, 79.81393235083669],
       [127.36189498129971, 36.37548992356589, 82.77308357134461],
       [127.36189086730614, 36.37548683575517, 82.00685691833496],
       [127.36186553681461, 36.37551299089174, 72.50350336544216],
       [127.36188904623423, 36.37550679926130, 77.18043658416718],
       [127.36187281035606, 36.37550094689155, 78.63337726239115],
       [127.36189013873526, 36.37548842673101, 83.32042007613927],
       [127.36187036672052, 36.37549516105398, 81.03694607224315],
       [127.36186773814414, 36.37550194274716, 77.71464874874800],
       [127.36189073933137, 36.37549728130129, 79.39179631322622],
       [127.36188711927733, 36.37547453191822, 81.54224425554276],
       [127.36188359803441, 36.37548218223418, 78.64657137263566],
       [127.36189376528633, 36.37546943963082, 82.55241097509861],
       [127.36187697578906, 36.37548709881116, 82.71307179331779],
       [127.36188800899278, 36.37547945944542, 84.56347091868520],
       [127.36187970567892, 36.37547841186148, 86.93877715710551],
       [127.36188285741689, 36.37547727576452, 86.22590085957199],
       [127.36187267352821, 36.37549091177245, 80.82555056083947],
       [127.36188327660078, 36.37549492221585, 82.63807848654687],
       [127.36189489356231, 36.37548582500298, 82.63885620422661],
       [127.36190164610757, 36.37546807355861, 85.92031189706177],
       [127.36191694262703, 36.37545545714836, 92.23161862790585],
       [127.36190345769943, 36.37548754260172, 86.62554641719908],
       [127.36190820663629, 36.37549548468277, 85.16867208108306],
       [127.36191026601313, 36.37548591068239, 84.60185135155916],
       [127.36190033097790, 36.37546957466726, 87.09809694252908],
       [127.36187844484104, 36.37549374932677, 79.91514051984996],
       [127.36188265762428, 36.37548415119333, 83.84507861547172],
       [127.36188167615067, 36.37548057531866, 78.41835563443601],
       [127.36190770877704, 36.37548184040644, 83.89673481974751],
       [127.36191760724792, 36.37547257327035, 87.97600177861750],
       [127.36192844194932, 36.37545891375404, 89.04333024565130],
       [127.36191260293639, 36.37548711977060, 82.48426676262170],
       [127.36191702316083, 36.37546868569484, 89.77769021596760],
       [127.36191445473581, 36.37547144405958, 88.33739094343036],
       [127.36190258744183, 36.37547277813012, 90.17583991587162],
       [127.36191761875578, 36.37547750610215, 88.57640681695193],
       [127.36190813579272, 36.37547631761286, 86.28963737562299],
       [127.36193284347169, 36.37546679795807, 88.57627455331385],
       [127.36193360522974, 36.37548391974315, 89.37876028474420],
       [127.36192938829998, 36.37544510085589, 92.10825237818062],
       [127.36192630949381, 36.37544549322055, 88.80858709476888],
       [127.36190723928864, 36.37546279834234, 86.60685076564550],
       [127.36190350148435, 36.37546146278098, 89.66033138148487],
       [127.36190707139862, 36.37545625919337, 93.54133093170822],
       [127.36189754383537, 36.37544745265343, 96.81783709675074],
       [127.36189551844237, 36.37544175490616, 93.87737245764583],
       [127.36188093241117, 36.37545799783476, 88.26975591015071],
       [127.36190222142584, 36.37544808818884, 92.01327349431813],
       [127.36193536044685, 36.37547020520618, 88.62574097421020],
       [127.36192223339803, 36.37544088632135, 94.49045404512435],
       [127.36190641785234, 36.37544525169329, 95.91711446177214],
       [127.36190651133738, 36.37543791873272, 91.94314961414784],
       [127.36190968819410, 36.37542599600469, 99.23732788674533],
       [127.36190216162724, 36.37545818122973, 94.11170312482864],
       [127.36193394452901, 36.37545593408647, 95.05899751000106],
       [127.36191918822695, 36.37546768383598, 94.37031285092235],
       [127.36191609858132, 36.37544890151023, 95.16407136153430],
       [127.36191535065691, 36.37544770518068, 98.69980557262897],
       [127.36192050036045, 36.37545034732658, 99.60862828418612],
       [127.36191894034427, 36.37544118770987, 97.49316987581551],
       [127.36189719216027, 36.37543458439027, 97.24953643977642],
       [127.36191228959945, 36.37545209269319, 96.35060044005513],
       [127.36192285667273, 36.37544519232816, 95.46884527057409],
       [127.36192658027667, 36.37546364828109, 96.41982028074563],
       [127.36191722093780, 36.37545232715194, 100.25766688026488],
       [127.36192119809601, 36.37544736901808, 102.65252117253840],
       [127.36193635592296, 36.37544854124103, 98.65764796081930],
       [127.36192054278025, 36.37543993294876, 97.26989933382720],
       [127.36191887956473, 36.37541936648880, 101.02498285099864],
       [127.36192515764405, 36.37543079449651, 99.56219855137169],
       [127.36190712246562, 36.37543975419474, 96.54214292764664],
       [127.36190308824455, 36.37546072067412, 94.62593102455139],
       [127.36189497547166, 36.37545210675196, 91.17186016123742],
       [127.36188946973881, 36.37545433680823, 94.10736462101340],
       [127.36189109655730, 36.37545129906962, 95.31486077141017],
       [127.36187868155656, 36.37545524333729, 91.77664563246071],
       [127.36190374406212, 36.37544322035810, 97.82187840156257],
       [127.36190369791326, 36.37542507598479, 100.32320185285062],
       [127.36191758427037, 36.37543257854576, 98.12769598700106],
       [127.36190676402344, 36.37543250499805, 97.42855048272759],
       [127.36189283821297, 36.37544126836082, 99.51291161868721],
       [127.36191127766999, 36.37545147251866, 95.03649133630097],
       [127.36192447325698, 36.37544404410266, 94.07413879409432],
       [127.36191993461871, 36.37545141138299, 98.45395090989769],
       [127.36189297694064, 36.37544916524016, 99.01728025078773],
       [127.36189019404222, 36.37543988795009, 102.13533615227789],
       [127.36190302276407, 36.37544231473832, 101.81307886913419],
       [127.36189068819084, 36.37544824258725, 100.56765436846763],
       [127.36188294974161, 36.37544607282640, 99.77896700892597],
       [127.36189705892274, 36.37543281837935, 100.95785331632942],
       [127.36188280474124, 36.37542460877543, 101.64306887146086],
       [127.36190084983181, 36.37544056574679, 102.22080883011222],
       [127.36191380839686, 36.37543286051570, 103.40387676935643],
       [127.36188471948915, 36.37544130451730, 97.93326464854181],
       [127.36189280845885, 36.37543764132670, 99.31592983659357],
       [127.36188323562249, 36.37543883303604, 102.37535204086453],
       [127.36189422384449, 36.37542405396300, 106.66767346672714],
       [127.36189847920512, 36.37543923803307, 102.82004004903138],
       [127.36188658805804, 36.37544379170782, 96.73829763196409],
       [127.36190185577195, 36.37543820114262, 103.34705174993724],
       [127.36190821345778, 36.37543108639685, 105.27868626452982],
       [127.36188133228643, 36.37541909927177, 109.23287469893694],
       [127.36187826762244, 36.37541696568587, 107.28107092622668],
       [127.36188998222399, 36.37543087475674, 109.29972458817065],
       [127.36188962910082, 36.37544013698297, 102.02269381750375],
       [127.36186304143830, 36.37543564437159, 104.24516124837101],
       [127.36187703848280, 36.37542902258258, 101.03545768465847],
       [127.36188599010563, 36.37544412355497, 99.23203221336007],
       [127.36190023358122, 36.37543508324123, 100.02737853769213],
       [127.36190165010684, 36.37543217845590, 103.48628486227244],
       [127.36189557672789, 36.37541544968073, 105.19068919308484],
       [127.36191371491029, 36.37540699476027, 108.91582387872040],
       [127.36190542545938, 36.37542125988509, 105.53083548601717],
       [127.36192462523530, 36.37542965468331, 106.94488439336419],
       [127.36194510222047, 36.37541816033579, 107.52057314850390],
       [127.36191530944026, 36.37543261007363, 104.06319134868681],
       [127.36190108580999, 36.37544390048951, 99.10116645507514],
       [127.36190629680661, 36.37543812731355, 95.23977193143219],
       [127.36187405918149, 36.37541982338093, 97.84203974623233],
       [127.36192250348708, 36.37541524185565, 97.60559202637523],
       [127.36192850446605, 36.37542975712350, 102.44440347794443],
       [127.36191890446328, 36.37543020193463, 98.63215505424887],
       [127.36191661535133, 36.37542423365164, 96.39546750113368],
       [127.36193296993963, 36.37541237559874, 98.70603928808123],
       [127.36191258743381, 36.37541574945425, 99.05722609534860],
       [127.36190941994245, 36.37543363638098, 96.12188387103379],
       [127.36190934144690, 36.37545089280115, 95.42478523869067],
       [127.36194463017746, 36.37543024295992, 95.93532316945493],
       [127.36190645309337, 36.37542858134375, 94.03672527335584],
       [127.36191002071389, 36.37541751011634, 94.22584900353104],
       [127.36191120713669, 36.37540572695389, 94.89976358599961],
       [127.36190775075893, 36.37541533798913, 90.59574506897479],
       [127.36190986017284, 36.37542167320632, 91.52390159759670],
       [127.36193969766622, 36.37539478639588, 101.07006702385843],
       [127.36192619902845, 36.37541380474118, 94.38091477658600],
       [127.36191704022021, 36.37539902931114, 103.46926401555538],
       [127.36192238233735, 36.37541098675139, 105.50946912355721],
       [127.36193105415842, 36.37540992813975, 96.53666836209595],
       [127.36194013244366, 36.37541583529879, 95.43712404277176],
       [127.36193375145652, 36.37543184093420, 98.54755123611540],
       [127.36193635122093, 36.37542421693632, 95.66557185444981],
       [127.36192413707373, 36.37544031979284, 93.31554653961211],
       [127.36192610003752, 36.37542116746344, 96.70603084284812],
       [127.36192535153627, 36.37541665074367, 96.45191911421716],
       [127.36193936092758, 36.37542365478485, 98.69640630390495],
       [127.36194021855772, 36.37543816902088, 88.93435298744589],
       [127.36194414148994, 36.37543572881603, 83.68377513624728],
       [127.36192354864694, 36.37544792253590, 89.44039506092668],
       [127.36190909228141, 36.37543505719707, 88.22597928158939],
       [127.36193711830020, 36.37545534438695, 87.71874881070107],
       [127.36192931392645, 36.37542274692649, 93.08731438964605],
       [127.36195149037053, 36.37541705780298, 95.42123546544462],
       [127.36192728688088, 36.37544439869104, 87.26463536918163],
       [127.36191255367417, 36.37545544706998, 81.19335104618222],
       [127.36194348190648, 36.37542475929882, 93.28910517971963],
       [127.36193325819070, 36.37542317823048, 91.46458793990314],
       [127.36194553878448, 36.37543314632855, 89.26147271506488],
       [127.36194026962872, 36.37542988182653, 92.11042946856469],
       [127.36192035127101, 36.37544120321547, 88.82298607658595],
       [127.36191932084918, 36.37543704685994, 90.36095213890076],
       [127.36193746923279, 36.37543905206039, 87.51462384313345],
       [127.36191992745131, 36.37544902660076, 89.25619152281433],
       [127.36189449661661, 36.37545179881020, 85.99402013421059],
       [127.36188459600656, 36.37545279924259, 82.84801229182631],
       [127.36189770058864, 36.37544368943682, 86.59000941924751],
       [127.36190866869002, 36.37544530880519, 90.95541122648865],
       [127.36190891540154, 36.37543523132516, 94.14137571491301],
       [127.36194240915700, 36.37547026842797, 86.10007805563509],
       [127.36193167805058, 36.37546396194806, 84.26760142669082],
       [127.36189722670444, 36.37545606818549, 84.91472949739546],
       [127.36190749524124, 36.37546885899761, 84.78939622081816],
       [127.36190763050418, 36.37548071792113, 85.41719114407897],
       [127.36191846505884, 36.37547611006901, 83.97475289087743],
       [127.36193408294673, 36.37545688283516, 86.66962181683630],
       [127.36193396493167, 36.37544677706911, 89.70309816487134],
       [127.36190124813626, 36.37545602560043, 87.46777727734298],
       [127.36190529580416, 36.37546068735908, 85.89109141938388],
       [127.36189083618633, 36.37546983483860, 83.98934835940599],
       [127.36190616361966, 36.37547569533847, 77.27141959778965],
       [127.36193151206581, 36.37546989616826, 82.74263711646199],
       [127.36191776273056, 36.37547771427919, 87.15630983468145],
       [127.36190008024226, 36.37547008156054, 86.68097195681185],
       [127.36189674766992, 36.37549365258219, 77.92648312728852],
       [127.36191063952431, 36.37548435755415, 78.32065995130688],
       [127.36191460175664, 36.37545980364719, 83.58182484842837],
       [127.36192178233050, 36.37547017301230, 81.28974119480699],
       [127.36191849199233, 36.37546476627424, 79.95142967253923],
       [127.36190542241235, 36.37547451239931, 88.95557822193950],
       [127.36191421626329, 36.37546714633260, 91.53645059093833],
       [127.36192566858864, 36.37547749223924, 84.49406827241182],
       [127.36193041925297, 36.37547792842439, 88.30282017402351],
       [127.36191194577412, 36.37546435969201, 90.34314552787691],
       [127.36189857113457, 36.37546220095528, 85.96509029529989],
       [127.36189790961414, 36.37546921967088, 82.09099672921002],
       [127.36189702938231, 36.37548276198397, 81.89780525211245],
       [127.36189164227356, 36.37549707139984, 83.50285104103386],
       [127.36190211979874, 36.37547713164894, 83.71253258921206],
       [127.36189162215007, 36.37549203300500, 77.72538850642741],
       [127.36188255811577, 36.37547555719439, 84.36006996501237],
       [127.36189215633358, 36.37547969143262, 81.69499220978469],
       [127.36187707779574, 36.37547848303026, 83.85514718201011],
       [127.36186227253658, 36.37547994214218, 77.51621520984918],
       [127.36187595807392, 36.37545292644720, 79.17686509434134],
       [127.36188971810037, 36.37545884530065, 84.89483836945146],
       [127.36191115970729, 36.37544596420449, 86.94247811287642],
       [127.36190748526629, 36.37545116333992, 86.02848978061229],
       [127.36189918385023, 36.37545994666956, 84.52900511957705],
       [127.36188078866570, 36.37546991719720, 83.10257034748793],
       [127.36189649402166, 36.37548275748715, 81.74030081834644],
       [127.36190847976339, 36.37546874676476, 85.33600937761366],
       [127.36189840815115, 36.37545726672410, 80.67451781686395],
       [127.36188649251471, 36.37547057874094, 83.22745040524751],
       [127.36188516295579, 36.37547053755465, 82.96667042560875],
       [127.36190829661156, 36.37546312354912, 88.02485639043152],
       [127.36192326944224, 36.37546867619960, 85.67542660981417],
       [127.36192205102178, 36.37546172062255, 87.57461313996464],
       [127.36191202891777, 36.37544301131689, 91.62779871840030],
       [127.36190444125846, 36.37546678294059, 83.25401362683624],
       [127.36192177999989, 36.37545595654287, 87.34789465088397],
       [127.36190452046895, 36.37545165620168, 86.48453137837350],
       [127.36191032319464, 36.37545658931552, 87.14224068354815],
       [127.36191267677539, 36.37546112897510, 85.42857198882848],
       [127.36188707871608, 36.37546188700470, 85.60232728440315],
       [127.36190981875248, 36.37545412433479, 86.52876421995461],
       [127.36190978633320, 36.37545364169575, 91.19962953310460],
       [127.36193140060902, 36.37545618883490, 90.21435013692826],
       [127.36191987683566, 36.37545086289717, 90.11045592091978],
       [127.36191893653607, 36.37543719402888, 88.63385145924985],
       [127.36191991137832, 36.37543045746455, 87.12384233437479],
       [127.36190121643084, 36.37543702041241, 93.17251460161060],
       [127.36188495258145, 36.37544125915532, 93.94499974511564],
       [127.36190146316964, 36.37543365585053, 89.84633926767856],
       [127.36189713595944, 36.37541708846486, 92.30612447671592],
       [127.36190570583227, 36.37541931514622, 94.13712303433567],
       [127.36189814052892, 36.37542946467789, 94.19115068297833],
       [127.36189110675591, 36.37541760578713, 97.72126382682472],
       [127.36190164878244, 36.37542844182461, 97.64152671582997],
       [127.36190751197904, 36.37541830173259, 94.98913322295994],
       [127.36189509011888, 36.37543042340008, 86.51269873045385],
       [127.36189713729573, 36.37543551434932, 90.70034731552005],
       [127.36190914132935, 36.37542277272969, 97.00276577379555],
       [127.36190746865834, 36.37543146769138, 97.00810719747096],
       [127.36193659806520, 36.37546617690374, 88.10608375351876],
       [127.36192568942512, 36.37543544768854, 94.67909136228263],
       [127.36194118628957, 36.37541040932625, 101.56011888384819],
       [127.36192079097795, 36.37541431287189, 99.77644498180598],
       [127.36189208314676, 36.37541748301486, 98.47477633878589],
       [127.36189575717829, 36.37542353176907, 98.91301373485476],
       [127.36191454200424, 36.37542254996113, 100.44667743984610],
       [127.36192142208344, 36.37542096412995, 97.08914119005203],
       [127.36193849893175, 36.37539360777595, 109.88505872525275],
       [127.36194047345292, 36.37542933311052, 100.37610449362546],
       [127.36192325118343, 36.37541953376684, 101.85880470555276],
       [127.36190258978618, 36.37542550841963, 97.55921675730497],
       [127.36191066702878, 36.37542354721845, 96.12448085751384],
       [127.36193539651036, 36.37541390158842, 101.47560947202146],
       [127.36191568393463, 36.37540260082528, 99.01887276954949],
       [127.36194185218312, 36.37540515507050, 99.82556884549558],
       [127.36191927054466, 36.37541090230386, 102.32536442950368],
       [127.36192507633730, 36.37540280917017, 107.96452666353434],
       [127.36191923647057, 36.37541808860663, 99.94282932765782],
       [127.36192251649929, 36.37542281924105, 100.48658556025475],
       [127.36191637770703, 36.37542349521137, 99.22258232627064],
       [127.36191810055983, 36.37541914452083, 105.39626045059413],
       [127.36190054676969, 36.37541943553458, 106.05814882926643],
       [127.36189571198678, 36.37542667598733, 101.43988051824272],
       [127.36191210104856, 36.37542503303654, 99.07741849590093],
       [127.36190055175032, 36.37542334208646, 100.68028567917645],
       [127.36189777037526, 36.37542705243903, 105.07816668692976],
       [127.36191769934518, 36.37542444829990, 106.13531867973506],
       [127.36188403003857, 36.37541648902655, 103.66483407095075],
       [127.36189575010603, 36.37542180924394, 103.22087810467929],
       [127.36187946223970, 36.37541540043877, 105.90102271828800],
       [127.36189434095769, 36.37540694586547, 107.54653552453965],
       [127.36190768284831, 36.37542409382696, 104.73394732642919],
       [127.36189819427705, 36.37541739972546, 102.56392427720129],
       [127.36187149758456, 36.37543342277764, 101.51480762660503],
       [127.36188397973237, 36.37542612863594, 99.46295994799584],
       [127.36186958510231, 36.37544155045481, 97.94080312922597],
       [127.36184658808475, 36.37543450907198, 104.79568933323026],
       [127.36188084932384, 36.37543307823667, 104.18404209800065],
       [127.36188162815222, 36.37544061664747, 101.48461640346795],
       [127.36191251335556, 36.37541202972510, 105.25944711267948],
       [127.36189348672816, 36.37542353370825, 100.55225183442235],
       [127.36185547869482, 36.37543161233203, 100.73224075324833],
       [127.36188842978153, 36.37544770488801, 99.85662207845598],
       [127.36189992365108, 36.37542205501205, 101.19093953166157],
       [127.36187741047728, 36.37542741220061, 96.32003370020539],
       [127.36184633108792, 36.37543452942833, 95.56909121107310],
       [127.36188168702367, 36.37545670103346, 95.80293375160545],
       [127.36189794511368, 36.37543389323839, 100.28718051686883],
       [127.36186512329816, 36.37543661585098, 96.73947408981621],
       [127.36185221460877, 36.37543442925274, 101.16511904541403],
       [127.36185984157137, 36.37542619812481, 101.68821839056909],
       [127.36187225216617, 36.37541103324673, 108.02525498159230],
       [127.36187170181083, 36.37543421867340, 101.27765346225351],
       [127.36186835540377, 36.37542953873022, 99.94148753583431],
       [127.36184284414226, 36.37545329276449, 93.49503083992749],
       [127.36186642187020, 36.37544409168169, 97.53048898559064],
       [127.36189069703775, 36.37543375414266, 100.05385050456971],
       [127.36187733219319, 36.37543361811339, 99.09899312444031],
       [127.36186026937075, 36.37542229033854, 103.07415096089244],
       [127.36185428291239, 36.37542571159019, 99.49984042532742],
       [127.36185928643140, 36.37543155509403, 99.30449939798564],
       [127.36187077327571, 36.37542518641266, 99.59060989692807],
       [127.36186690444434, 36.37543596459546, 100.09226585179567],
       [127.36187528006651, 36.37541399897314, 101.86974165681750],
       [127.36185878084287, 36.37541455521492, 97.50483912136406],
       [127.36184620853254, 36.37543868575853, 94.81814121548086],
       [127.36184961833692, 36.37541374700427, 102.06307333428413],
       [127.36185680418264, 36.37541773286864, 98.71219851449132],
       [127.36188189817986, 36.37542121526393, 101.45296854525805],
       [127.36186659926506, 36.37545419424031, 98.90116783604026],
       [127.36187307886733, 36.37543818183831, 98.46655624639243],
       [127.36186361239344, 36.37543951042804, 96.39831896312535],
       [127.36184151333869, 36.37544541245779, 96.63818013388664],
       [127.36186126822632, 36.37543685039587, 94.51460801344365],
       [127.36186872559379, 36.37541696429139, 99.99641470331699],
       [127.36187394918541, 36.37543287295615, 95.78624086827040],
       [127.36185480482317, 36.37544377989544, 91.95452605653554],
       [127.36184536448422, 36.37544631780666, 92.22273062728345],
       [127.36187107594925, 36.37543593673539, 93.11743198800832],
       [127.36188916904061, 36.37542350441627, 97.46425340510905],
       [127.36190169048264, 36.37542412862774, 94.81796179059893],
       [127.36189664314712, 36.37542899902711, 95.38240156974643],
       [127.36188889694263, 36.37543919322540, 95.64262479729950],
       [127.36188378835065, 36.37544485145455, 96.31215696688741],
       [127.36186818083870, 36.37543706215791, 96.96326602622867],
       [127.36186187019830, 36.37542388347485, 99.91440482344478],
       [127.36185695749309, 36.37543321486037, 97.47611409705132],
       [127.36186597793908, 36.37545754415540, 93.02017196733505],
       [127.36188202712835, 36.37544422507906, 92.13132887519896],
       [127.36184505988288, 36.37543993333575, 94.48514395020902],
       [127.36187106734698, 36.37541982393881, 97.29029160551727],
       [127.36186293479774, 36.37542775179654, 89.28848924115300],
       [127.36188927063790, 36.37544865619845, 92.37728846445680],
       [127.36188697613017, 36.37544984589682, 92.67312820255756],
       [127.36186936264295, 36.37541684504507, 98.86874184757471],
       [127.36187660762795, 36.37543221923320, 98.98524750769138],
       [127.36187677903580, 36.37543979756149, 92.77771616447717],
       [127.36186251874938, 36.37542510640399, 89.74727921653539],
       [127.36187884099732, 36.37544411725676, 90.52640934847295],
       [127.36187036505530, 36.37543902708703, 95.41885143425316],
       [127.36187984552656, 36.37544531384214, 90.95232465956360],
       [127.36189376265649, 36.37542998726248, 95.46648358274251],
       [127.36189524351187, 36.37542782141629, 98.71210453286767],
       [127.36191086778911, 36.37543625007362, 98.88725573476404],
       [127.36189281541365, 36.37542252826103, 97.55959782656282],
       [127.36186900055701, 36.37542972206942, 99.10630909726024],
       [127.36190370438550, 36.37542776497478, 97.95767653081566],
       [127.36191153936680, 36.37544011488772, 93.19577819481492],
       [127.36190155761088, 36.37544726559976, 93.91984541062266],
       [127.36190010152679, 36.37543554988315, 96.05035134591162],
       [127.36187656719541, 36.37544690390723, 96.77293501701206],
       [127.36189430513453, 36.37543439075729, 98.55689876433462],
       [127.36191269526866, 36.37544153877019, 98.83258972968906],
       [127.36190283872939, 36.37545826268076, 99.86604050453752],
       [127.36187123677072, 36.37543663194550, 103.15338686387986],
       [127.36188240612353, 36.37545315336418, 101.74204258155078],
       [127.36189669169789, 36.37545941202726, 96.61520835384727],
       [127.36191618243284, 36.37543537862829, 99.70692601520568],
       [127.36189264051666, 36.37544141714306, 100.67701175156981],
       [127.36187716768129, 36.37545449127308, 94.45661982707679],
       [127.36192900227474, 36.37545903257295, 93.83996936585754],
       [127.36194992914461, 36.37543157428431, 104.29378558415920],
       [127.36196583543575, 36.37543960734462, 104.00906188320369],
       [127.36194282479362, 36.37544442404836, 107.51845129020512],
       [127.36192957135648, 36.37543234096988, 106.52404582221061],
       [127.36194414887737, 36.37543006464029, 107.70677637681365],
       [127.36190846426730, 36.37543013270464, 101.98469711653888],
       [127.36190963041574, 36.37542349070826, 107.61188798863441],
       [127.36191044274388, 36.37542774683826, 107.58581459894776],
       [127.36191497090095, 36.37544188925328, 106.84122796170413],
       [127.36191411288972, 36.37543739574834, 105.64367302600294],
       [127.36190235761221, 36.37546359250982, 102.74019936844707],
       [127.36191847332047, 36.37545054179509, 106.23199628107250],
       [127.36193202007273, 36.37544261927294, 102.96531909331679],
       [127.36191745013234, 36.37544607295016, 105.15385813917965],
       [127.36191852632588, 36.37544274628380, 101.31985752936453],
       [127.36192000903461, 36.37545867323314, 101.57142367493361],
       [127.36192497251636, 36.37544420469503, 103.29117288812995],
       [127.36192237471209, 36.37544591606276, 104.31824575923383],
       [127.36190546028310, 36.37543001608495, 107.19498512707651],
       [127.36193624164851, 36.37542950993439, 111.75179635547101],
       [127.36193429412742, 36.37543492932045, 106.39158060960472],
       [127.36196207724274, 36.37540291604649, 112.37974164821208],
       [127.36194047895994, 36.37542513006091, 108.58795142266899],
       [127.36192876229413, 36.37544381132376, 109.90774351172149],
       [127.36194529871916, 36.37543014998839, 103.11797102633864],
       [127.36195623576143, 36.37541938057569, 105.64697187114507],
       [127.36195789682104, 36.37542209770571, 110.78898935019970],
       [127.36193703546800, 36.37543872221325, 105.89112755842507],
       [127.36195762848526, 36.37543112209953, 105.91327616572380],
       [127.36198707189504, 36.37541918945949, 114.88528848998249],
       [127.36195888943827, 36.37542468230293, 114.08653237763792],
       [127.36192538340232, 36.37543328615629, 109.94426597841084],
       [127.36193917481735, 36.37542630203447, 108.71557311993092],
       [127.36195265950289, 36.37544065047553, 103.39968993514776],
       [127.36194771425808, 36.37545629629526, 100.46205483097583],
       [127.36193602936885, 36.37546353483083, 103.06181182991713],
       [127.36196530518544, 36.37545052856608, 113.11268824525177],
       [127.36195918377742, 36.37544373389324, 110.73952448088676],
       [127.36199114661599, 36.37541965771957, 112.04740179888904],
       [127.36198992813816, 36.37541759008158, 114.59817385300994],
       [127.36198460016418, 36.37544304273479, 109.51953532919288],
       [127.36196811576815, 36.37542870725833, 109.92232395801693],
       [127.36196488426231, 36.37543535951425, 108.28921192791313],
       [127.36197212865848, 36.37542513224695, 111.73852642625570],
       [127.36197476763876, 36.37543818706619, 108.80551672820002],
       [127.36196716177838, 36.37545773030796, 106.63042875844985],
       [127.36196987601706, 36.37545452301551, 102.75675393547863],
       [127.36197326541327, 36.37545972685410, 99.07842106185853],
       [127.36198555412817, 36.37545633629613, 103.11939442716539],
       [127.36196967782652, 36.37545591715067, 101.41981592401862],
       [127.36195340750135, 36.37545758200102, 96.29012740030885],
       [127.36192988581219, 36.37546202120546, 95.62600671127439],
       [127.36193546970084, 36.37547768167858, 94.59481103811413],
       [127.36196867368007, 36.37545957230694, 95.07476519607008],
       [127.36198482693651, 36.37543053540870, 105.74059785343707],
       [127.36200078334727, 36.37544972978538, 101.81243116408587],
       [127.36199181809103, 36.37544468551403, 107.49926141556352],
       [127.36200540725372, 36.37542477696199, 106.10895253252238],
       [127.36199926682296, 36.37544148615866, 101.43106520082802],
       [127.36196237091632, 36.37546146762658, 96.31442256923765],
       [127.36196633930180, 36.37545376893121, 96.54770692158490],
       [127.36197792711168, 36.37542912032657, 95.94071081560105],
       [127.36197655644993, 36.37543479142217, 95.16914227046072],
       [127.36201012310448, 36.37545900692336, 96.99132703430951],
       [127.36200220844466, 36.37546654249851, 102.49515839759260],
       [127.36196776778145, 36.37547326076331, 96.17846258543432],
       [127.36201130792182, 36.37543820226545, 107.32711002789438],
       [127.36203342856172, 36.37542376712618, 107.97502291481942],
       [127.36198909557879, 36.37544601249646, 100.63542769476771],
       [127.36198571490185, 36.37543707371181, 100.66518205683678],
       [127.36196830090239, 36.37545487568640, 97.92066058795899],
       [127.36197712382804, 36.37547999235586, 93.03572814725339],
       [127.36196728867448, 36.37545593838383, 89.70410246960819],
       [127.36197219358131, 36.37546993204428, 91.06777482200414],
       [127.36200889410566, 36.37544975217562, 98.20807583816350],
       [127.36201394021047, 36.37544423892422, 97.84582751803100],
       [127.36197714423352, 36.37545371220708, 93.33569435216486],
       [127.36197605181194, 36.37545550786091, 98.45623495057225],
       [127.36197294310411, 36.37546998303761, 96.80331839900464],
       [127.36197640588553, 36.37547323039969, 88.83142548613250],
       [127.36198168741767, 36.37546974086827, 89.83580511901528],
       [127.36199281551102, 36.37545930583247, 90.83231512643397],
       [127.36198157113094, 36.37547334536402, 88.66672871913761],
       [127.36195915787012, 36.37547137723222, 92.02592330891639],
       [127.36194555254620, 36.37546841721176, 87.98328844550997],
       [127.36194686084193, 36.37548662722768, 85.28443487547338],
       [127.36195924318743, 36.37549495762085, 82.52961417660117],
       [127.36197165782646, 36.37547698075991, 94.01211980916560],
       [127.36198535000315, 36.37548413094893, 89.28032102342695],
       [127.36197508447394, 36.37546239439332, 88.28087379503995],
       [127.36196493594289, 36.37547547444052, 85.83194223698229],
       [127.36197925660008, 36.37548840226237, 89.10373511258513],
       [127.36199332311243, 36.37548304965006, 90.71443748380989],
       [127.36195987362949, 36.37547393102762, 92.89563729707152],
       [127.36197088870406, 36.37545575728051, 99.44360553286970],
       [127.36194618176533, 36.37548902090014, 90.21207133773714],
       [127.36193747201646, 36.37550255822941, 90.38361554685980],
       [127.36193289683237, 36.37548565584901, 91.81680479366332],
       [127.36196753257781, 36.37546958148042, 96.72340235486627],
       [127.36195893275557, 36.37545988700190, 89.87172773294151],
       [127.36195346500496, 36.37547396076442, 89.20868415199220],
       [127.36194825744471, 36.37548709500172, 88.47898124996573],
       [127.36195955085073, 36.37549700251191, 80.44911610614508],
       [127.36195793924084, 36.37546917578081, 89.89406214468181],
       [127.36195803421357, 36.37546148231882, 95.16633476410061],
       [127.36196652631251, 36.37547497230853, 93.55500549077988],
       [127.36195221522011, 36.37546314331346, 97.90802415646613],
       [127.36193852246966, 36.37549322163093, 90.28942336235195],
       [127.36196168586201, 36.37548431384306, 94.58487564045936],
       [127.36195967426077, 36.37547858218300, 98.16797675285488],
       [127.36194514134483, 36.37545831742521, 98.81008573342115],
       [127.36195070362260, 36.37545544495760, 98.65111449826509],
       [127.36195503454884, 36.37547202448194, 97.24318468663841],
       [127.36194267289177, 36.37544911818186, 101.22619278356433],
       [127.36193222432719, 36.37546102190679, 101.44891893770546],
       [127.36192460963355, 36.37548259012361, 95.36478724237531],
       [127.36193305170254, 36.37548674474265, 99.42112022731453],
       [127.36193987961244, 36.37548236015687, 102.13027947582304],
       [127.36191874630299, 36.37548386563309, 105.01662171259522],
       [127.36193522587602, 36.37547457911590, 104.21148657333106],
       [127.36191754939789, 36.37549014917155, 95.28622432611883],
       [127.36191194093279, 36.37548873264802, 99.33514924347401],
       [127.36191482237045, 36.37547345522496, 106.95546374283731],
       [127.36191934853741, 36.37549256921768, 104.02418712340295],
       [127.36191623944546, 36.37545619110843, 109.33932439330965],
       [127.36193449505362, 36.37545250743349, 105.00004831887782],
       [127.36192617288116, 36.37546996932711, 104.59123586211354],
       [127.36193537698061, 36.37548343160620, 102.41252987459302],
       [127.36192546316654, 36.37546951318359, 105.88105714041740],
       [127.36191771201699, 36.37547402026250, 105.01831396017224],
       [127.36191643085782, 36.37549117759943, 100.23070062510669],
       [127.36190706524640, 36.37549350520329, 101.64585567731410],
       [127.36191713357171, 36.37549445339327, 97.68051349464804],
       [127.36191889840829, 36.37547644820136, 100.39306591637433],
       [127.36192184909754, 36.37546674307139, 103.88811382092535],
       [127.36189151358387, 36.37546450872584, 103.35576928872615],
       [127.36191170940148, 36.37547269748389, 101.57458333205432],
       [127.36193020925354, 36.37546968841442, 105.15602407325059],
       [127.36190941074129, 36.37547235903605, 101.62448752112687],
       [127.36190524091934, 36.37549026112847, 98.52008543629199],
       [127.36189273384748, 36.37548529236643, 98.29694139584899],
       [127.36192095596049, 36.37546920062173, 102.65312017221004],
       [127.36189271711844, 36.37548060186814, 100.16264721471816],
       [127.36190181639284, 36.37546851243236, 100.35265643149614],
       [127.36189884769185, 36.37546464130283, 103.47865173220634],
       [127.36189977008016, 36.37547360869151, 103.09690804407001],
       [127.36189915976075, 36.37547465730455, 99.37053941935301],
       [127.36189623946424, 36.37546708959527, 99.48962230607867],
       [127.36189587847205, 36.37546838239901, 98.40706034470350],
       [127.36190706771087, 36.37546006551426, 101.13127577491105],
       [127.36189928781350, 36.37547309952497, 96.12669845670462],
       [127.36191305074712, 36.37547073552305, 94.97457010392100],
       [127.36189395365614, 36.37546462080372, 101.75369184743613],
       [127.36187637934619, 36.37547511846419, 100.34915468748659],
       [127.36190551316582, 36.37546903045052, 104.36417285911739],
       [127.36187236123833, 36.37546071081145, 103.40749789401889],
       [127.36188926119577, 36.37546474394979, 99.10011471062899],
       [127.36189084573145, 36.37548286463753, 95.67114884685725],
       [127.36187309688314, 36.37548849934544, 93.09114348329604],
       [127.36188307697871, 36.37547551378294, 93.88791264500469],
       [127.36189972260682, 36.37547794544886, 99.23686294164509],
       [127.36190264910012, 36.37547508788111, 101.87581679970026],
       [127.36190995246150, 36.37546174431906, 104.03716224338859],
       [127.36191196400242, 36.37548585053467, 97.91202370915562],
       [127.36188871270396, 36.37548136986858, 89.53893238306046],
       [127.36188764992940, 36.37547825823989, 89.04345670994371],
       [127.36189114839598, 36.37547938587755, 95.71901852823794],
       [127.36187919710986, 36.37547427202815, 96.58470419235528],
       [127.36187323527534, 36.37548703250046, 92.61580113414675],
       [127.36186373925899, 36.37548189175685, 91.09128123335540],
       [127.36186724097769, 36.37548097869281, 90.72563829552382],
       [127.36187577176834, 36.37546786753914, 91.90791776403785],
       [127.36190695082244, 36.37546278861689, 95.35642585158348],
       [127.36190442380159, 36.37548233477568, 90.05210759676993],
       [127.36188094654915, 36.37550089080402, 86.32328552845865],
       [127.36187572505771, 36.37548817654492, 89.16974142286927],
       [127.36186685237890, 36.37548880953620, 86.49358909390867],
       [127.36186546552996, 36.37548578840507, 88.26057952828705],
       [127.36187806767794, 36.37548166638768, 92.35707833059132],
       [127.36189851423784, 36.37548239819242, 90.43457303289324],
       [127.36190376769471, 36.37546404403291, 95.98675592802465],
       [127.36189873569452, 36.37545925767729, 97.18575646914542],
       [127.36192160461067, 36.37545815336618, 97.06091804523021],
       [127.36189539909027, 36.37546604346736, 89.33233458828181],
       [127.36188642742506, 36.37547029628245, 86.34044553153217],
       [127.36187121042566, 36.37546878460301, 92.32767366152257],
       [127.36188381151634, 36.37546903047699, 93.11289338115603],
       [127.36188985886709, 36.37545508654819, 92.26936642359942],
       [127.36190157506589, 36.37545995594765, 90.33621875382960],
       [127.36190175237796, 36.37546436513556, 90.30430551432073],
       [127.36188832916054, 36.37546943527116, 86.26540282182395],
       [127.36189235870833, 36.37547490048522, 86.59116146247834],
       [127.36189954529843, 36.37545557766638, 93.12455637939274],
       [127.36189648199668, 36.37547555533773, 87.20127764157951],
       [127.36189574551136, 36.37549000761025, 85.19206825271249],
       [127.36190218212337, 36.37549212465066, 84.90500070154667],
       [127.36188328199546, 36.37549628243713, 77.08442225120962],
       [127.36190277230364, 36.37547702238893, 78.66173336654902],
       [127.36190514162298, 36.37546844270330, 83.08961080387235],
       [127.36190475915994, 36.37546652093375, 87.09966228157282],
       [127.36191020498711, 36.37547684199539, 82.94066524785012],
       [127.36188156312507, 36.37547399619478, 83.55491448845714],
       [127.36187814130483, 36.37548374770821, 86.40370374079794],
       [127.36188921883758, 36.37550192057464, 80.54773214273155],
       [127.36189153541997, 36.37549705106693, 83.65630186814815],
       [127.36188510203195, 36.37548304022560, 87.05784112587571],
       [127.36189268596594, 36.37545360111941, 90.24035756755620],
       [127.36190172530290, 36.37546712795753, 91.96020973660052],
       [127.36191937490042, 36.37547591521160, 88.49548615515232],
       [127.36192806771831, 36.37546667153401, 90.90678523853421],
       [127.36188979830948, 36.37546462222436, 88.21538082417101],
       [127.36189124680462, 36.37544015055440, 90.85736566502601],
       [127.36189545851119, 36.37543881581031, 92.80935229919851],
       [127.36190945251757, 36.37544328477841, 90.52362921833992],
       [127.36189252394523, 36.37545549318695, 85.03664758801460],
       [127.36190219729497, 36.37546316032326, 87.50557514932007],
       [127.36190746289637, 36.37546402601555, 85.74091151449829],
       [127.36191099688081, 36.37546296971787, 89.84013240505010],
       [127.36189273620188, 36.37544431537694, 90.59311963990331],
       [127.36189610370712, 36.37546664680220, 87.29929698258638],
       [127.36191103069478, 36.37545161053988, 85.81166062038392],
       [127.36188904242393, 36.37545743366685, 90.64061008021235],
       [127.36189041721568, 36.37545552400556, 90.98266521375626],
       [127.36190464089661, 36.37545428935741, 89.37565053068101],
       [127.36190107266017, 36.37546759646364, 85.37654519174248],
       [127.36191058334639, 36.37545995947960, 91.91525540035218],
       [127.36193181757498, 36.37545611532889, 90.47224937565625],
       [127.36191255477146, 36.37546192227502, 89.81476866453886],
       [127.36191882143360, 36.37545788388203, 93.27514749765396],
       [127.36193479561044, 36.37544442988553, 97.27034540846944],
       [127.36191651046926, 36.37545611524779, 89.75215880665928],
       [127.36191357885458, 36.37547117826796, 85.82862298097461],
       [127.36191213000590, 36.37545786187729, 95.95311702322215],
       [127.36191967585023, 36.37545492177967, 99.11025267932564],
       [127.36192425527854, 36.37544721362818, 95.90699573047459],
       [127.36193534929330, 36.37544141418080, 101.68197424802929],
       [127.36191012415424, 36.37544545025541, 99.05679003708065],
       [127.36188944549434, 36.37545910171529, 94.61842299625278],
       [127.36190537159673, 36.37546131000997, 91.97112666722387],
       [127.36191116201566, 36.37543360697872, 100.23389367200434],
       [127.36192087108557, 36.37544446442336, 97.47132391389459],
       [127.36193418644477, 36.37544477759614, 99.83679557964206],
       [127.36194741230796, 36.37543090175311, 105.62865648791194],
       [127.36194032663424, 36.37543073198708, 105.40463362820446],
       [127.36190272355012, 36.37542923871485, 101.80119352135807],
       [127.36191868941883, 36.37543781715737, 96.59439458232373],
       [127.36190754313235, 36.37543930794764, 102.52200486976653],
       [127.36190095155300, 36.37543995096282, 100.68246234022081],
       [127.36190750382754, 36.37544964587295, 102.75864179246128],
       [127.36192245668656, 36.37542319227403, 107.01099140010774],
       [127.36192477946923, 36.37541900234029, 105.79834182560444],
       [127.36194106735461, 36.37542037934185, 107.16995647177100],
       [127.36191546274351, 36.37543046736977, 107.15380912646651],
       [127.36189469030310, 36.37542297780404, 100.87787428032607],
       [127.36191045467412, 36.37541947007426, 102.60758523643017],
       [127.36193221622011, 36.37540234589026, 106.06579376477748],
       [127.36192559765341, 36.37541677085508, 107.25796808581799],
       [127.36191675846352, 36.37543590607184, 109.09847532492131],
       [127.36192250360978, 36.37543979100464, 104.79729855805635],
       [127.36192163548539, 36.37542754163308, 106.90204672608525],
       [127.36192449112943, 36.37541156791183, 110.52602574415505],
       [127.36192577829434, 36.37542372015275, 106.84574581310153],
       [127.36190661325693, 36.37541086600125, 103.54664473980665],
       [127.36190623996923, 36.37541111518863, 106.61777945701033],
       [127.36194512456672, 36.37539510102675, 110.67836048640311],
       [127.36195274624484, 36.37540404707758, 108.14531915634871],
       [127.36194712434890, 36.37539838807169, 113.59076402336359],
       [127.36193811141877, 36.37540341506983, 109.49348569475114],
       [127.36191845948002, 36.37540294569448, 107.99553590919822],
       [127.36190619330372, 36.37541010007138, 102.74419776536524],
       [127.36191604786491, 36.37541468882858, 104.29480338282883],
       [127.36192908864575, 36.37542661427018, 106.74932892434299],
       [127.36194773915915, 36.37541617692480, 109.67029638402164],
       [127.36191787511738, 36.37540296753743, 107.71262761391699],
       [127.36191862936978, 36.37539480115557, 110.00904142763466],
       [127.36191154483073, 36.37540110160718, 109.39285924192518],
       [127.36192046307123, 36.37539432078494, 109.08850439451635],
       [127.36191274287833, 36.37539888531736, 104.91162457317114],
       [127.36191844475059, 36.37539420726826, 110.51955405250192],
       [127.36192133569185, 36.37539648884716, 106.26272313576192],
       [127.36192430834113, 36.37540992361632, 102.83133453968912],
       [127.36192560462858, 36.37540089108380, 106.69996190257370],
       [127.36192158234046, 36.37541558254478, 104.58412858471274],
       [127.36193615121228, 36.37539275108149, 114.98477784357965],
       [127.36193810984655, 36.37538212444626, 111.91998094692826],
       [127.36194114421762, 36.37539443216772, 103.50487191695720],
       [127.36194295425490, 36.37539974720631, 107.32804312091321],
       [127.36191033814755, 36.37541710448188, 108.11775048729032],
       [127.36191662094110, 36.37541742283750, 103.93205524049699],
       [127.36190207932904, 36.37542846803954, 101.14359835814685],
       [127.36192191587752, 36.37543413351307, 102.84731473401189],
       [127.36192969092257, 36.37540958475957, 109.67535294871777],
       [127.36192234984280, 36.37542594938071, 107.03924325387925],
       [127.36191414250531, 36.37542004508889, 109.09617583267391],
       [127.36189099937155, 36.37542168740134, 100.34597818180919],
       [127.36192734316040, 36.37541362449056, 101.66934794187546],
       [127.36191975934953, 36.37541998211314, 103.71536690928042],
       [127.36191641005813, 36.37542342016299, 105.79533878900111],
       [127.36192506948797, 36.37544283402740, 103.12198085617274],
       [127.36191628728891, 36.37543139576577, 104.74918037373573],
       [127.36191435446776, 36.37540788052318, 106.55022559128702],
       [127.36191679579095, 36.37540896952450, 110.54337822552770],
       [127.36191494649674, 36.37541936965262, 106.02222196385264],
       [127.36191637615146, 36.37543657165843, 103.39685602206737],
       [127.36191180547686, 36.37543247591975, 101.67673553153872],
       [127.36189329089677, 36.37545049914589, 96.26603155955672],
       [127.36192940032895, 36.37543054059434, 101.17861307039857],
       [127.36192920195488, 36.37543817224991, 102.05002308823168],
       [127.36194819421623, 36.37542888425016, 104.79379828181118],
       [127.36194560187292, 36.37542191999905, 106.62899022083730],
       [127.36194614688127, 36.37544178849731, 100.46914491523057],
       [127.36193804858286, 36.37545041211538, 94.14165624789894],
       [127.36191213807459, 36.37544855262320, 95.74044784437865],
       [127.36191910197628, 36.37548012118845, 93.33295595832169],
       [127.36190712136319, 36.37548559854879, 89.81298347655684],
       [127.36193332001606, 36.37547483128417, 96.16371780354530],
       [127.36192108968989, 36.37548510581270, 89.33044037874788],
       [127.36193707736993, 36.37547387986124, 91.47672237828374],
       [127.36193809544376, 36.37548366017182, 88.49197540059686],
       [127.36193924587583, 36.37546979754838, 94.53240027464926],
       [127.36193390474951, 36.37546966160487, 94.68841791804880],
       [127.36192907208377, 36.37546042817743, 100.76129374001175],
       [127.36192107191486, 36.37547290043769, 100.51616946887225],
       [127.36193997243493, 36.37547360270419, 96.91275790054351],
       [127.36191810551192, 36.37548639770925, 87.25720283668488],
       [127.36191184050494, 36.37548240277014, 94.29965276923031],
       [127.36193124695798, 36.37550108534772, 91.07553352694958],
       [127.36195014059750, 36.37546530393347, 96.40967686008662],
       [127.36195040282907, 36.37547424072508, 94.29435603041202],
       [127.36192527452059, 36.37546707976838, 93.54396556597203],
       [127.36189994451067, 36.37549856400576, 89.73281847499311],
       [127.36191041950802, 36.37550739332831, 91.07417706772685],
       [127.36193392855006, 36.37548632563738, 94.83888096921146],
       [127.36194003926863, 36.37548642482572, 95.98741722106934],
       [127.36193294986629, 36.37547752304596, 99.20361340697855],
       [127.36193461735179, 36.37547382672459, 98.08450886700302],
       [127.36194527852699, 36.37548240434968, 100.07688661199063],
       [127.36194191636002, 36.37548089361574, 100.80827089212835],
       [127.36193471031628, 36.37549217542090, 99.89740091282874],
       [127.36194714154949, 36.37548920307465, 93.53531172592193],
       [127.36190834605364, 36.37547569350298, 84.71713335253298],
       [127.36191443709195, 36.37548104396284, 92.38191786035895],
       [127.36191489690397, 36.37547674997112, 90.30604392476380],
       [127.36195391049327, 36.37546802934446, 92.38027844484895],
       [127.36195577843679, 36.37548422944558, 90.97500882390887],
       [127.36196501437239, 36.37549307650768, 92.22965436801314],
       [127.36194467171863, 36.37549337426714, 92.42622532229871],
       [127.36192069107993, 36.37548035939181, 89.42752970941365],
       [127.36191732996312, 36.37547627856640, 90.21404026448727],
       [127.36194252731076, 36.37547261812238, 91.54833753407001],
       [127.36193122643856, 36.37548019956947, 88.33346979040653],
       [127.36192542035884, 36.37545557192031, 93.89414034411311],
       [127.36192967921046, 36.37546985320278, 92.44702762179077],
       [127.36191920094876, 36.37547784930204, 91.49882560502738],
       [127.36192596238691, 36.37547404816669, 93.95025002025068],
       [127.36193062568076, 36.37546969926215, 97.81667716521770],
       [127.36192739510753, 36.37546889939575, 102.78883779142052],
       [127.36194868664487, 36.37545199303936, 101.22364219464362],
       [127.36193550624553, 36.37547005465634, 95.80597913637757],
       [127.36193061530597, 36.37546842566748, 95.10347985569388],
       [127.36193537446798, 36.37544276075486, 101.62254245579243],
       [127.36194209342804, 36.37544065976987, 105.02280016429722],
       [127.36193704720618, 36.37545205107503, 100.61091115232557],
       [127.36194703551293, 36.37545066151135, 100.34931897558272],
       [127.36193546918098, 36.37545132257987, 100.30657396279275],
       [127.36194156491905, 36.37544674627576, 104.07438551448286],
       [127.36194355615216, 36.37545261555559, 99.86537523288280],
       [127.36193823190948, 36.37545440246794, 100.72729264199734],
       [127.36192997072531, 36.37545830023397, 101.92691476177424],
       [127.36191843379139, 36.37546140176333, 100.59494403470308],
       [127.36194675756494, 36.37546166889620, 103.26899829972535],
       [127.36193146499336, 36.37546975022380, 96.11018844693899],
       [127.36191305805657, 36.37546463990784, 89.56983159296215],
       [127.36192072566067, 36.37547475637678, 85.25679735280573],
       [127.36195466087703, 36.37545341765482, 96.62097868882120],
       [127.36194165958605, 36.37545900809438, 97.35266679339111],
       [127.36194254160750, 36.37544514862468, 97.74639212153852],
       [127.36191915767169, 36.37545195868599, 95.66795753035694],
       [127.36192977489861, 36.37544620244507, 95.00305646378547],
       [127.36192018539802, 36.37544769482011, 97.36585508380085],
       [127.36192881828644, 36.37544802690164, 99.34631701186299],
       [127.36193050971805, 36.37546405301971, 94.85454782098532],
       [127.36193444352425, 36.37546628372132, 96.69331455230713],
       [127.36193388143035, 36.37546030443590, 95.30503838788718],
       [127.36191765705520, 36.37546835104922, 93.49716291297227],
       [127.36192074658953, 36.37546087639917, 92.67436128202826],
       [127.36189672062258, 36.37545434590727, 93.57463731989264],
       [127.36192212195265, 36.37545286174207, 98.68367777392268],
       [127.36191493708557, 36.37544616839751, 100.75208353530616],
       [127.36188822481625, 36.37546276422390, 97.48557654209435],
       [127.36190824084089, 36.37546007642732, 93.60513423290104],
       [127.36192471215537, 36.37544569982351, 96.72454138938338],
       [127.36193189803876, 36.37543907391483, 97.98819500394166],
       [127.36193520831927, 36.37543558499693, 99.15681076049805],
       [127.36190456657168, 36.37545145750007, 94.30058983527124],
       [127.36191542514021, 36.37545853728178, 97.86467204242945],
       [127.36192790780073, 36.37545435799341, 98.66804214660078],
       [127.36191373638225, 36.37544146191257, 95.84193270280957],
       [127.36192398115028, 36.37541727728252, 96.30235423147678],
       [127.36192564998733, 36.37542273266109, 99.12463295739144],
       [127.36192281674238, 36.37544033441161, 99.70334051828831],
       [127.36192002781020, 36.37545794614764, 96.27631737105548],
       [127.36191403422022, 36.37546396214007, 94.52578943781555],
       [127.36190277658515, 36.37546158678720, 93.60404107812792],
       [127.36189210620448, 36.37545958199570, 95.33537051174790],
       [127.36191471741839, 36.37546429324675, 94.72132131922990],
       [127.36191838311159, 36.37545815812199, 97.07556317839772],
       [127.36191560868147, 36.37545007281253, 97.87709753122181],
       [127.36192272736396, 36.37547675364650, 91.27741902880371],
       [127.36191252538801, 36.37546243448205, 87.60450681112707],
       [127.36194431118737, 36.37544827010756, 91.07750406023115],
       [127.36191946028396, 36.37546927382609, 88.19645171891898],
       [127.36190414477163, 36.37545109478823, 91.39154011942446],
       [127.36188442093683, 36.37543723359565, 94.95576794818044],
       [127.36189006126916, 36.37545716204607, 87.21993112936616],
       [127.36188780789129, 36.37545383322674, 90.67527625616640],
       [127.36190322837786, 36.37545642300469, 92.43045631051064],
       [127.36189831360159, 36.37545985846197, 96.52823656424880],
       [127.36191089510662, 36.37545189279783, 98.10388498660177],
       [127.36191047797480, 36.37546846368877, 91.30025037471205],
       [127.36187914413033, 36.37545532836031, 86.36137865204364],
       [127.36187577093909, 36.37546417507208, 85.50329343695194],
       [127.36187890076334, 36.37547137989601, 88.57223235722631],
       [127.36190213336629, 36.37544471329954, 96.25939604267478],
       [127.36190839090439, 36.37544810886079, 95.07939277961850],
       [127.36189838813831, 36.37545229655714, 92.71533161867410],
       [127.36186795215643, 36.37547541080851, 90.25975365284830],
       [127.36188026297785, 36.37546550651764, 89.32121367938817],
       [127.36189976307712, 36.37546615028666, 88.36244595795870],
       [127.36187224448020, 36.37549144420946, 85.67790827900171],
       [127.36188952569806, 36.37545736196290, 88.00416245590895],
       [127.36186840179161, 36.37547076292014, 84.16626093909144],
       [127.36189364694286, 36.37548354032060, 81.12984736077487],
       [127.36189795341990, 36.37547572070108, 89.95361849199980],
       [127.36187185793817, 36.37548578128929, 88.62832632102072],
       [127.36189913476693, 36.37548106214617, 87.83134804293513],
       [127.36187478626576, 36.37548647075456, 80.90942107327282],
       [127.36187522720211, 36.37551637956432, 76.18677099514753],
       [127.36185254570749, 36.37549933838033, 78.71944380085915],
       [127.36184881052527, 36.37550454746945, 83.37575646117330],
       [127.36186388529637, 36.37548780090275, 89.52092192787677],
       [127.36188115105520, 36.37546977692982, 88.06061812862754],
       [127.36189959165506, 36.37548569205061, 84.69295888300985],
       [127.36185491809282, 36.37549498578556, 80.36499840579927],
       [127.36184404704517, 36.37549024666782, 78.82729356270283],
       [127.36182589894753, 36.37550293159821, 79.24903568532318],
       [127.36184851972375, 36.37548863034325, 86.30484047625214],
       [127.36184273075457, 36.37548904080145, 84.45674889069051],
       [127.36186373321658, 36.37546818277728, 88.09444712568074],
       [127.36186763249519, 36.37547295410662, 87.38775780517608],
       [127.36184180222315, 36.37548271950543, 84.18692838028073],
       [127.36185971406614, 36.37547198021519, 85.34759382158518],
       [127.36185674052101, 36.37547961502650, 88.95521743595600],
       [127.36184771712585, 36.37547862030454, 86.10506041068584],
       [127.36185517658872, 36.37546651538513, 85.29085828922689],
       [127.36185984759985, 36.37547739303537, 85.68451372720301],
       [127.36183824656877, 36.37549026314760, 81.70176682714373],
       [127.36185535410270, 36.37547564598706, 85.35645225923508],
       [127.36184328199622, 36.37549289467096, 78.31897060945630],
       [127.36183378486643, 36.37550835699049, 73.51913941372186],
       [127.36186272785777, 36.37548437756570, 83.83643457945436],
       [127.36185698563456, 36.37547659165395, 83.45586138963699],
       [127.36184487830623, 36.37549225507858, 81.07190434634686],
       [127.36184928742131, 36.37546528056998, 88.36194867081940],
       [127.36185045693453, 36.37548916825033, 86.94691094476730],
       [127.36187827175627, 36.37548865948989, 85.78652502223849],
       [127.36188511865643, 36.37549000517365, 86.68690633308142],
       [127.36188094973407, 36.37548415930377, 85.22354768775403],
       [127.36188200021388, 36.37547291308762, 88.48139826022089],
       [127.36189426092993, 36.37546121293179, 93.95730929821730],
       [127.36188650830756, 36.37547085506109, 89.49151415470988],
       [127.36186683583053, 36.37549057785137, 79.47761408705264],
       [127.36186139003831, 36.37549332949655, 83.45451018866152],
       [127.36186043482434, 36.37550654537673, 79.04123171325773],
       [127.36186893037157, 36.37551124139937, 74.84691815078259],
       [127.36188976193360, 36.37549281592629, 85.63233321066946],
       [127.36187955266337, 36.37550667390452, 80.37063368409872],
       [127.36188301847122, 36.37550729108496, 81.82382760569453],
       [127.36186581169962, 36.37551942819037, 82.13596608396620],
       [127.36188841399722, 36.37551047337740, 78.74936149828136],
       [127.36187655005213, 36.37551679785020, 77.27670887857676],
       [127.36187544585071, 36.37549852238899, 81.75315132923424],
       [127.36188830491790, 36.37549835806468, 81.01956875063479],
       [127.36185833321127, 36.37549867482888, 81.29128825664520],
       [127.36184351189384, 36.37550258036028, 83.36537380144000],
       [127.36186730455024, 36.37549163923160, 87.14132129400969],
       [127.36187229386094, 36.37549974674494, 81.48836015351117],
       [127.36188125144714, 36.37548566538047, 84.34118619747460],
       [127.36186941130740, 36.37548811530534, 83.76753030437976],
       [127.36186330806832, 36.37548523093609, 88.45326524414122],
       [127.36185305272150, 36.37549707680935, 82.95987524464726],
       [127.36186563178414, 36.37548803210991, 83.40432595461607],
       [127.36186196284496, 36.37549293485609, 87.92672993335873],
       [127.36188206665229, 36.37548772441426, 88.74320605117828],
       [127.36186195153036, 36.37550297865819, 86.56620644778013],
       [127.36185683123918, 36.37549906795721, 88.91061175893992],
       [127.36187979434169, 36.37549947023768, 88.58707685209811],
       [127.36187516107023, 36.37549375003501, 85.88948013912886],
       [127.36182897078041, 36.37550846459924, 77.96975904516876],
       [127.36183748703786, 36.37550491437751, 84.24151752889156],
       [127.36186625925117, 36.37551033901940, 84.62829773593694],
       [127.36188557496675, 36.37549222161448, 87.09361286368221],
       [127.36189435627691, 36.37550005212006, 83.74855756480247],
       [127.36189518513233, 36.37550421606439, 85.21833932586014],
       [127.36187311398531, 36.37550635073134, 79.88376820273697],
       [127.36188284338323, 36.37549243687426, 85.25252136867493],
       [127.36188077012604, 36.37550942165242, 84.67640102189034],
       [127.36189803050254, 36.37551612406255, 84.63613688945770],
       [127.36188611475517, 36.37551930555791, 77.63313234318048],
       [127.36190110911846, 36.37550905170997, 82.38136496394873],
       [127.36189091054469, 36.37550988101334, 82.39744033012539],
       [127.36188152833137, 36.37550632975388, 82.94508881866932],
       [127.36190182342897, 36.37549766105174, 89.69724385533482],
       [127.36190982623742, 36.37550138364514, 83.98422254528850],
       [127.36192386637073, 36.37548300081198, 86.78104166686535],
       [127.36192364266431, 36.37548050499965, 90.15568883251399],
       [127.36189532230260, 36.37549982509045, 78.64845375064760],
       [127.36193213872001, 36.37550969020759, 83.93395365588367],
       [127.36190420946727, 36.37550438546211, 79.69716227892786],
       [127.36192370243039, 36.37550108440990, 82.55341093614697],
       [127.36189212429625, 36.37551146404076, 79.15339332632720],
       [127.36188942551139, 36.37550301791414, 78.62910328432918],
       [127.36189426689344, 36.37551553035688, 81.13290033955127],
       [127.36194082053201, 36.37550199389354, 85.96396306902170],
       [127.36192352968773, 36.37550326489413, 87.54766464419663],
       [127.36193241801348, 36.37546724989262, 90.91410483233631],
       [127.36192091771467, 36.37548565009880, 89.65337720327079],
       [127.36191752130918, 36.37548688103693, 87.13390463963151],
       [127.36189802989038, 36.37548642884747, 82.15683986339718],
       [127.36188308578289, 36.37548339025491, 82.77420223876834],
       [127.36189144493467, 36.37548105230552, 85.53034169692546],
       [127.36189598027181, 36.37546124105489, 88.77119080536067],
       [127.36190545047106, 36.37545004015976, 91.35026614367962],
       [127.36189899050842, 36.37546548164911, 92.04791377205402],
       [127.36190173062910, 36.37545447954915, 94.97651491779834],
       [127.36189326019830, 36.37546474844232, 92.16087158583105],
       [127.36188849854042, 36.37546053391579, 90.83318034559488],
       [127.36188740910085, 36.37545407061064, 92.51702273450792],
       [127.36189102526249, 36.37545222212746, 95.60428890585899],
       [127.36188866144893, 36.37546570467238, 87.90561174228787],
       [127.36189239447171, 36.37546252984277, 90.96817994676530],
       [127.36190020360677, 36.37545244635256, 91.67170513793826],
       [127.36189123385118, 36.37546432600910, 95.78419428411871],
       [127.36188121886646, 36.37543869555883, 95.58835059963167],
       [127.36188866670845, 36.37543683482083, 98.24971086625010],
       [127.36187534591788, 36.37544420379058, 93.81934515293688],
       [127.36185479858254, 36.37546995109037, 86.94942852016538],
       [127.36189138905308, 36.37545729599130, 94.15875767916441],
       [127.36187820085237, 36.37545854183163, 95.02945574000478],
       [127.36188663687398, 36.37546715162130, 95.01110642589629],
       [127.36190434452585, 36.37543536335052, 99.28657088242471],
       [127.36190154009246, 36.37545071364936, 91.22293308563530],
       [127.36187565633631, 36.37546009159895, 85.35007470753044],
       [127.36189627194140, 36.37544454025053, 96.19732957892120],
       [127.36190103233186, 36.37547414865825, 92.78480312041938],
       [127.36188976191755, 36.37549171050101, 93.08267972245812],
       [127.36188930308938, 36.37548668732821, 89.00591313466430],
       [127.36189185437738, 36.37547451253567, 90.41058524139225],
       [127.36191237902639, 36.37546035006356, 88.10850935801864],
       [127.36192762947385, 36.37545937401828, 87.58289557788521],
       [127.36192590322065, 36.37545808717974, 87.48975619766861],
       [127.36191860803535, 36.37545656684068, 92.32362088188529],
       [127.36192170540492, 36.37545954541572, 94.65274590533227],
       [127.36191889643358, 36.37544745310957, 92.76421662606299],
       [127.36190304199224, 36.37546571602682, 85.63856625650078],
       [127.36189060938672, 36.37547648004430, 85.85429470799863],
       [127.36189122006169, 36.37546358607575, 88.03837445843965],
       [127.36191671106560, 36.37545112210393, 92.81800282467157],
       [127.36190697671877, 36.37543083242861, 96.26334418077022],
       [127.36190293727593, 36.37544420688702, 95.70797095820308],
       [127.36189745197998, 36.37545424273203, 92.68066156748682],
       [127.36192155601144, 36.37544065172683, 96.69490406010300],
       [127.36190395479771, 36.37545519609609, 91.54116773139685],
       [127.36188906400777, 36.37544608973658, 94.93530881125480],
       [127.36190978914452, 36.37543576180684, 98.37727753166109],
       [127.36193136693595, 36.37542148082009, 100.34024882875383],
       [127.36194596017762, 36.37541880684789, 102.85928549058735],
       [127.36190653734607, 36.37541936700217, 100.56808826234192],
       [127.36189233844146, 36.37544312457655, 93.12975007575005],
       [127.36189106340296, 36.37542270455170, 99.78041889797896],
       [127.36190625791012, 36.37543153714493, 94.59982880018651],
       [127.36191960743429, 36.37542636118155, 93.87504382058978],
       [127.36190035551881, 36.37541304641393, 93.69368403218687],
       [127.36190215398477, 36.37543301733037, 95.71609581168741],
       [127.36191293141933, 36.37542539545029, 96.51824602391571],
       [127.36192427288888, 36.37542560250922, 93.95545476023108],
       [127.36193439895611, 36.37540428588771, 102.39501917082816],
       [127.36193479266267, 36.37541237094329, 102.75960031338036],
       [127.36191113557784, 36.37542541831965, 98.13333796802908],
       [127.36190905176788, 36.37542169351444, 100.02479979023337],
       [127.36192900569361, 36.37542102694778, 97.70269379485399],
       [127.36192433612786, 36.37541538794921, 96.35075317136943],
       [127.36193442392364, 36.37540561927140, 98.78373563196510],
       [127.36192903331479, 36.37541177661937, 97.24433816689998],
       [127.36190483133674, 36.37543065196058, 95.65703571774065],
       [127.36191678703361, 36.37542877946342, 98.77283472754061],
       [127.36192096560740, 36.37542604672445, 93.89264790248126],
       [127.36191350877526, 36.37541205829691, 93.50680910982192],
       [127.36192290143566, 36.37542674455435, 90.96408001612872],
       [127.36190440280529, 36.37542277350565, 93.89653395488858],
       [127.36192600568883, 36.37540951581141, 97.72417540103197],
       [127.36193197480905, 36.37542828342286, 94.13724443595856],
       [127.36191484097786, 36.37540941190444, 90.60829674918205],
       [127.36191379075497, 36.37541034053833, 92.67098339926451],
       [127.36191045183253, 36.37542478603255, 88.88894452247769],
       [127.36191244338295, 36.37541323778466, 93.15466410759836],
       [127.36193409266926, 36.37541654060300, 96.27748218458146],
       [127.36194113135029, 36.37539901954763, 100.18733196519315],
       [127.36191568836315, 36.37541082202038, 87.94935270678252],
       [127.36191819357906, 36.37541461242540, 90.04025248717517],
       [127.36189835421233, 36.37541973705709, 89.18003126420081],
       [127.36187734332511, 36.37543153593721, 81.84775869920850],
       [127.36187006819972, 36.37544253225103, 79.85735017247498],
       [127.36190108875989, 36.37541229055550, 90.29612115956843],
       [127.36191271744542, 36.37540679626981, 87.71190943662077],
       [127.36189195092751, 36.37539846675077, 91.32150273770094],
       [127.36190886001005, 36.37541872745565, 86.36047470290214],
       [127.36192832422834, 36.37542335991093, 86.49741536658257],
       [127.36189591807496, 36.37543356970692, 87.92413603793830],
       [127.36189148018562, 36.37542069648708, 92.24518716800958],
       [127.36190022517187, 36.37541208080642, 90.88400958664715],
       [127.36190017446957, 36.37541762329188, 85.30956436973065],
       [127.36187132401545, 36.37543627641043, 82.98989312443882],
       [127.36187951502880, 36.37543351240657, 82.76266147196293],
       [127.36189358974475, 36.37543414868526, 87.08300022874027],
       [127.36187789608462, 36.37544047021658, 85.29538059979677],
       [127.36190410626918, 36.37544657307477, 86.31117202248424],
       [127.36189540853093, 36.37543186186407, 87.69834189768881],
       [127.36189627708281, 36.37542590553467, 87.23952289205045],
       [127.36186904289104, 36.37542414054372, 86.16668502520770],
       [127.36188275385621, 36.37543059572096, 86.81194757297635],
       [127.36185888430641, 36.37542184771323, 88.52068544737995],
       [127.36184728057221, 36.37543894488173, 84.55582750774920],
       [127.36185685543413, 36.37543305405494, 85.93884348310530],
       [127.36188507556619, 36.37540678282329, 92.58294251654297],
       [127.36188150212897, 36.37541648795772, 90.78727282397449],
       [127.36189440821546, 36.37541376321746, 89.16488514095545],
       [127.36187307016183, 36.37542833989352, 90.20862387958914],
       [127.36186602124141, 36.37544233323776, 87.02620061486959],
       [127.36185664236081, 36.37544437031170, 84.16178851388395],
       [127.36185705156878, 36.37544073960353, 86.00578822754323],
       [127.36187408491928, 36.37542898691213, 87.66436071135104],
       [127.36188381385682, 36.37542714996182, 88.82116097956896],
       [127.36187828698741, 36.37543918428439, 88.35948337335140],
       [127.36188472677533, 36.37544752333437, 84.50856637861580],
       [127.36186492658733, 36.37546327089645, 79.68835130613297],
       [127.36185058698480, 36.37544459174784, 83.29481754545122],
       [127.36185477169606, 36.37545097881591, 85.03724456578493],
       [127.36186704448725, 36.37544863564660, 87.21844224259257],
       [127.36187964088094, 36.37545407401101, 85.43087717052549],
       [127.36187532892120, 36.37544629991929, 88.26248492207378],
       [127.36188610239019, 36.37544492647697, 91.10154884960502],
       [127.36187700488763, 36.37544691951474, 85.52946895640343],
       [127.36185891524586, 36.37546099551756, 78.55071546789259],
       [127.36186697523169, 36.37545774756153, 85.90286262426525],
       [127.36185622982750, 36.37545879010630, 81.87884545605630],
       [127.36185536022658, 36.37546865514621, 81.66749846935272],
       [127.36186407390976, 36.37545589485472, 83.74352509062737],
       [127.36186464117436, 36.37546281076156, 87.00685708876699],
       [127.36186577663361, 36.37545434943999, 87.11373137310147],
       [127.36187231506395, 36.37545623043233, 90.63782463874668],
       [127.36188332038419, 36.37545591360858, 87.64374558813870],
       [127.36189687524313, 36.37545751099392, 87.90821612719446],
       [127.36188970061538, 36.37546341262907, 85.02269553858787],
       [127.36187233547243, 36.37545548932728, 80.85475734435022],
       [127.36187467630386, 36.37545844139408, 85.66844995040447],
       [127.36187358506659, 36.37546376373002, 90.74246913194656],
       [127.36188221110642, 36.37545993480376, 87.95754017122090],
       [127.36189249473189, 36.37543922730133, 89.81256030779332],
       [127.36189547224787, 36.37544964676430, 91.21755017898977],
       [127.36187949201829, 36.37543416291156, 94.54696864169091],
       [127.36188601157799, 36.37544507075299, 93.47154278308153],
       [127.36187684105400, 36.37547887247636, 87.53311965148896],
       [127.36187511901228, 36.37546362185157, 89.40776838921010],
       [127.36188670736752, 36.37545819305070, 88.77292145788670],
       [127.36186678425837, 36.37545019821911, 90.60334090888500],
       [127.36185701791197, 36.37545820030912, 87.47081412747502],
       [127.36189089962247, 36.37544106296388, 93.48313117772341],
       [127.36188311718723, 36.37542489914787, 93.84865266736597],
       [127.36187195227978, 36.37544218385364, 90.33999866433442],
       [127.36188278743394, 36.37543915764130, 90.30437352880836],
       [127.36187417658816, 36.37545717107930, 86.76522121112794],
       [127.36186728672769, 36.37544911745082, 89.01091391965747],
       [127.36188514886608, 36.37545669160883, 89.95615123119205],
       [127.36187727787352, 36.37545984156167, 91.57730979286134],
       [127.36189516961058, 36.37545969732466, 91.03569455910474],
       [127.36189870815583, 36.37544572573041, 94.52959008980542],
       [127.36188484501886, 36.37545295004496, 95.96730706375092],
       [127.36186780258609, 36.37546271855472, 89.51717933081090],
       [127.36189150340530, 36.37543207717901, 92.35176565777510],
       [127.36190106304556, 36.37543829702443, 92.41220831964165],
       [127.36190196129631, 36.37544219740595, 96.40766844153404],
       [127.36190658267628, 36.37545359306390, 95.94981194287539],
       [127.36192373081728, 36.37544078733696, 93.89859617035836],
       [127.36192628442794, 36.37544830707836, 95.10734444856644],
       [127.36192545489271, 36.37543482171859, 95.37694086506963],
       [127.36189837687543, 36.37544593840631, 90.13502482883632],
       [127.36188358835649, 36.37545504779705, 92.05523895937949],
       [127.36188928159099, 36.37545697452269, 92.53763342648745],
       [127.36189158204665, 36.37544099376265, 95.57821139879525],
       [127.36189288754466, 36.37543447072986, 90.15346891433001],
       [127.36187494954561, 36.37546333219591, 83.33540671970695],
       [127.36187747500561, 36.37546693973446, 84.52972655743361],
       [127.36188963946475, 36.37545070078603, 90.88715848606080],
       [127.36190179405408, 36.37544622786925, 95.74910825025290],
       [127.36191446255536, 36.37545463717390, 91.53631294332445],
       [127.36190785399786, 36.37543623395957, 92.48535939957947],
       [127.36191821549990, 36.37542073447086, 99.73521227762103],
       [127.36190096185474, 36.37543562920268, 96.52135547995567],
       [127.36188834069593, 36.37544009545916, 92.29333811905235],
       [127.36187136998765, 36.37544559297842, 92.57118840236217],
       [127.36187619474929, 36.37544542821618, 93.55338963493705],
       [127.36187699347397, 36.37545238943245, 91.88831752352417],
       [127.36189564598048, 36.37544610376755, 89.69640976469964],
       [127.36189565905067, 36.37544612273472, 89.35640040505677],
       [127.36189322589080, 36.37544363006084, 89.86131807044148],
       [127.36188744358574, 36.37545067641688, 89.05629825498909],
       [127.36188929100058, 36.37545505949947, 86.39409798197448],
       [127.36191839157289, 36.37542867805685, 97.54682106431574],
       [127.36190027706409, 36.37543420891656, 95.25112076103687],
       [127.36191686850960, 36.37543588336948, 93.72917614411563],
       [127.36191394714012, 36.37545635504785, 86.75236972607672],
       [127.36191349766008, 36.37546188822616, 84.66693899221718],
       [127.36192336572103, 36.37544193816548, 86.67427872400731],
       [127.36189554581142, 36.37545179184639, 88.24588678777218],
       [127.36190457710623, 36.37544865429937, 84.96296245977283],
       [127.36190893289043, 36.37544891874791, 88.55498921964318],
       [127.36194495442493, 36.37543522440491, 98.03321681357920],
       [127.36192062758047, 36.37545244326618, 87.36709397006780],
       [127.36191640979862, 36.37544451946231, 85.51756981294602],
       [127.36190101604974, 36.37543257628214, 90.09573445003480],
       [127.36190814288214, 36.37543724169485, 87.10925764404237],
       [127.36191021728710, 36.37544598379920, 89.01367145404220],
       [127.36189627126150, 36.37543684810516, 88.83763959258795],
       [127.36189475079956, 36.37544878331519, 86.20985387917608],
       [127.36190783775525, 36.37543280409532, 86.81214370205998],
       [127.36190866541621, 36.37544967874717, 88.51606841571629],
       [127.36190139930255, 36.37542402087418, 90.00073897372931],
       [127.36190856369396, 36.37543486201205, 89.22635552100837],
       [127.36192581413248, 36.37543515458155, 91.91933101508766],
       [127.36192955663145, 36.37543228846344, 98.58712205570191],
       [127.36192440188546, 36.37542312509371, 94.63658755365759],
       [127.36192351903281, 36.37542769618356, 92.57429036218673],
       [127.36192449570282, 36.37543706012320, 90.61314887646586],
       [127.36191545965394, 36.37543941814116, 89.64360663481057],
       [127.36193214327177, 36.37541165469729, 96.44058301672339],
       [127.36190354104467, 36.37543649650044, 91.60170408152044],
       [127.36190630432826, 36.37543744440075, 88.27364233415574],
       [127.36191127219914, 36.37544858085572, 89.53211048711091],
       [127.36192220795527, 36.37546473183414, 90.56127483025193],
       [127.36193405120586, 36.37544106289552, 94.23871317971498],
       [127.36193086053328, 36.37545026295611, 95.18856080155820],
       [127.36191499755726, 36.37545759640496, 89.51319923531264],
       [127.36191557155814, 36.37545957503796, 90.73206806369126],
       [127.36192566065637, 36.37546802019300, 93.25027073454112],
       [127.36193073761839, 36.37547265866966, 92.91201082803309],
       [127.36192169193825, 36.37544669116413, 97.47948166076094],
       [127.36193431856907, 36.37544511815703, 95.41807998344302],
       [127.36193404139874, 36.37544789758736, 87.46348540857434],
       [127.36193596839547, 36.37545202613332, 90.90449697338045],
       [127.36194230970401, 36.37544681181040, 96.43693629279733],
       [127.36191431058813, 36.37545733032555, 93.72689151018858],
       [127.36191110842164, 36.37544779284558, 94.23349754698575],
       [127.36191643144146, 36.37545620191047, 96.30954080354422],
       [127.36191643530731, 36.37546229940623, 94.88495584391057],
       [127.36190487369744, 36.37546387071560, 96.27548789605498],
       [127.36191145802174, 36.37546747321345, 92.37962944153696],
       [127.36192224136892, 36.37543963864016, 95.48429447039962],
       [127.36192977939930, 36.37543744208492, 95.04247673228383],
       [127.36191598713377, 36.37543844089205, 93.30617425777018],
       [127.36191699296192, 36.37543487984873, 93.21055323909968],
       [127.36190783500132, 36.37543422446365, 95.81831741891801],
       [127.36190591974911, 36.37543498868462, 95.29883528221399],
       [127.36192196253376, 36.37544167508455, 99.76332216057926],
       [127.36192255972928, 36.37540741837399, 108.33013949636370],
       [127.36190554737188, 36.37541827448355, 107.26265792176127],
       [127.36191158707736, 36.37543217250189, 103.49376147799194],
       [127.36189796160906, 36.37541917235685, 100.87926331162453],
       [127.36190409347348, 36.37540851833434, 102.24331918451935],
       [127.36189119186862, 36.37539965528139, 104.43942774832249],
       [127.36190737428339, 36.37538521543654, 108.13130124658346],
       [127.36192509673539, 36.37538984212969, 109.90839837212116],
       [127.36190045348793, 36.37540387343156, 106.18946543894708],
       [127.36188266557910, 36.37542449082986, 103.53655757103115],
       [127.36189874031631, 36.37541060577777, 105.05439554806799],
       [127.36191698937871, 36.37542565418966, 102.89565495494753],
       [127.36189968849243, 36.37543938799822, 100.11131075117737],
       [127.36189033996018, 36.37543913163558, 100.18428783025593],
       [127.36188001805773, 36.37544683757317, 104.11233725305647],
       [127.36187531211678, 36.37543790693135, 103.46393023896962],
       [127.36188731685034, 36.37543481131291, 104.45994646009058],
       [127.36188407334396, 36.37543015144639, 100.44268581271172],
       [127.36189217796404, 36.37541516999667, 103.42038347572088],
       [127.36189985958288, 36.37542610700831, 100.47359750606120],
       [127.36191854441634, 36.37542776623751, 103.08768798038363],
       [127.36191507535239, 36.37543801442297, 100.03206535615027],
       [127.36190086417706, 36.37543831507666, 103.96616782806814],
       [127.36189642633072, 36.37543081809037, 104.34767884761095],
       [127.36189909172489, 36.37542912491950, 99.10571077372879],
       [127.36188557522532, 36.37542031286061, 96.71776414103806],
       [127.36188740394311, 36.37543360699537, 96.71971255261451],
       [127.36189559793070, 36.37542841428864, 99.03509731125087],
       [127.36190317302416, 36.37542660554358, 100.32619129028171],
       [127.36190230884527, 36.37543065580537, 98.93536088615656],
       [127.36188123225007, 36.37543125675727, 95.72407358326018],
       [127.36190883777523, 36.37542016780062, 97.99473947472870],
       [127.36187147671012, 36.37542041294157, 93.09394474606961],
       [127.36188581939507, 36.37542484423102, 95.26091702189296],
       [127.36188985177152, 36.37542276208346, 99.18281453568488],
       [127.36188925888331, 36.37543459328909, 97.05706660263240],
       [127.36188520391262, 36.37544250120479, 93.62749825138599],
       [127.36187666382227, 36.37542938367046, 96.18734107539058],
       [127.36187197820782, 36.37543472379140, 96.22319032065570],
       [127.36187157346707, 36.37543461429483, 95.37441361509264],
       [127.36188931499247, 36.37541664074102, 97.06386525649577],
       [127.36187325140504, 36.37541990852056, 90.81089579313993],
       [127.36187666809256, 36.37542766033668, 94.30241828318685],
       [127.36188372380914, 36.37543676177057, 99.11736824363470],
       [127.36189106548167, 36.37543671861526, 96.68175699468702],
       [127.36187998095676, 36.37544723400725, 94.14615119434893],
       [127.36183993068150, 36.37546334801903, 90.10835406556726],
       [127.36186640385560, 36.37544040612492, 91.73446426261216],
       [127.36187762698998, 36.37544356631229, 93.76584583986551],
       [127.36189847231941, 36.37544219375925, 92.31357903033495],
       [127.36187640469744, 36.37545477538237, 86.51298812683672],
       [127.36186907101644, 36.37547729922473, 81.59859176632017],
       [127.36188005775865, 36.37549122586359, 79.89376271236688],
       [127.36186889903382, 36.37547694198578, 80.57711279299110],
       [127.36189259592716, 36.37546100651014, 85.71556347422302],
       [127.36187614843712, 36.37545983375394, 86.10519022587687],
       [127.36189081987774, 36.37545437691368, 91.73998535145074],
       [127.36187162665726, 36.37546715289968, 84.41329247225076],
       [127.36183507085246, 36.37548128879060, 79.47080828063190],
       [127.36182816329030, 36.37545932522959, 81.05725159030408],
       [127.36187605658060, 36.37544141555968, 89.63995833508670],
       [127.36187505111508, 36.37545327057166, 84.71694965008646],
       [127.36185916431054, 36.37545609904801, 82.33288579899818],
       [127.36183349232651, 36.37547681706921, 77.33236838690937],
       [127.36183750751022, 36.37547765226019, 75.97669638413936],
       [127.36187429992324, 36.37548563153667, 83.76344088837504],
       [127.36187343364735, 36.37546060795768, 90.50598321110010],
       [127.36187716172105, 36.37545918056021, 84.57200626656413],
       [127.36188325515954, 36.37547668618647, 83.36103545967489],
       [127.36188163468772, 36.37546921612999, 82.64613674115390],
       [127.36187037551520, 36.37547144964941, 81.42815223056823],
       [127.36185696801897, 36.37545622053101, 86.93117887433618],
       [127.36184174369525, 36.37545993805136, 83.71146664954722],
       [127.36183531839835, 36.37545936027202, 83.46475707925856],
       [127.36184930705880, 36.37547504318418, 83.84384685102850],
       [127.36186437509035, 36.37546261036767, 80.92982205655426],
       [127.36187556396479, 36.37545434703298, 83.66380614601076],
       [127.36188491306031, 36.37545231584154, 83.54143465869129],
       [127.36187156171808, 36.37547607540827, 81.37230564001948],
       [127.36188269463108, 36.37546653489821, 80.97450874932110],
       [127.36188627028523, 36.37545913029039, 84.79190759174526],
       [127.36187124072418, 36.37546259349761, 81.12632967066020],
       [127.36186805626360, 36.37545636128981, 79.95638668350875],
       [127.36186187965346, 36.37547098166975, 85.91622867435217],
       [127.36187612443116, 36.37546395249381, 84.18934921082109],
       [127.36186435064074, 36.37545992641527, 83.55172806419432],
       [127.36187551305234, 36.37546040108734, 82.68431971501559],
       [127.36188639947582, 36.37544749967392, 84.86529956664890],
       [127.36189205180702, 36.37544745197913, 85.83244009595364],
       [127.36189942519026, 36.37547768909102, 83.29077695775777],
       [127.36187663598560, 36.37546550392562, 84.54664681944996],
       [127.36188078669602, 36.37545492688986, 84.43820601608604],
       [127.36187655722621, 36.37546092117357, 85.46221070084721],
       [127.36186910402564, 36.37548173638447, 79.80080432724208],
       [127.36187579164196, 36.37547726508355, 77.03205055929720],
       [127.36187763601865, 36.37548026217555, 76.38273485098034],
       [127.36186050473967, 36.37547589166141, 77.96847133059055],
       [127.36184879877732, 36.37545950762524, 79.36594454478472],
       [127.36184189788467, 36.37546986553033, 79.22821553051472],
       [127.36185434248036, 36.37548352305379, 76.63756103254855],
       [127.36186718833213, 36.37547370107494, 76.88620110508054],
       [127.36188885332911, 36.37545659857758, 76.95787241216749],
       [127.36191335217283, 36.37544289838580, 83.70707789063454],
       [127.36188377470475, 36.37545213899039, 83.34325630310923],
       [127.36187129244911, 36.37545711367832, 84.94677015300840],
       [127.36188944004947, 36.37545085547438, 84.42295856215060],
       [127.36188539224500, 36.37542826092059, 82.64966364763677],
       [127.36189825352106, 36.37544235928642, 82.48777153715491],
       [127.36187279737270, 36.37544350024431, 77.23162213247269],
       [127.36186292234719, 36.37546263696452, 77.57372319512069],
       [127.36189642016718, 36.37544591969257, 81.92977040633559],
       [127.36189104188956, 36.37545265822865, 81.72523624636233],
       [127.36191036925281, 36.37544230494622, 84.37861576862633],
       [127.36190060225726, 36.37544015669991, 89.16725051961839],
       [127.36188784664431, 36.37545050930441, 82.73465443961322],
       [127.36189311054075, 36.37544669928784, 82.43962411861867],
       [127.36188987506328, 36.37544524244618, 82.15560367237777],
       [127.36190554842655, 36.37543933500888, 83.62672160193324],
       [127.36189232280238, 36.37546055629291, 81.41674506664276],
       [127.36187654916581, 36.37544836489109, 83.31641454808414],
       [127.36189543086313, 36.37546464927432, 80.75733216479421],
       [127.36190804270605, 36.37545298098522, 81.70293588936329],
       [127.36188347016326, 36.37545594801584, 79.02124252356589],
       [127.36190484732454, 36.37544808278902, 82.67856568191200],
       [127.36191826034627, 36.37541838457196, 90.77157646510750],
       [127.36191142603420, 36.37543280088455, 89.83661095332354],
       [127.36190077391515, 36.37544136274181, 82.58289073500782],
       [127.36191328790439, 36.37543765337523, 85.10974227730185],
       [127.36189687051098, 36.37545423193087, 86.01759671326727],
       [127.36188755373523, 36.37544732612427, 83.44170619826764],
       [127.36189950902512, 36.37544662389282, 81.80084445141256],
       [127.36190707068698, 36.37545119245156, 82.59065562952310],
       [127.36190470921157, 36.37544848627603, 81.09415611065924],
       [127.36190964799373, 36.37545020090853, 82.12919258046895],
       [127.36192234118910, 36.37544920902682, 82.96181710157543],
       [127.36191479792278, 36.37543395098452, 86.28250525798649],
       [127.36191114971699, 36.37544601821568, 86.87959625851363],
       [127.36192518711115, 36.37544733311439, 86.03347672149539],
       [127.36191806904775, 36.37546378724392, 82.59098729304969],
       [127.36189308262088, 36.37547356289365, 85.55978505313396],
       [127.36192331305165, 36.37545321048434, 88.73510485328734],
       [127.36190917520061, 36.37545955948312, 87.74305260647088],
       [127.36191258897065, 36.37544493474219, 92.84080762043595],
       [127.36190524705206, 36.37543912088991, 90.62304694484919],
       [127.36190378984129, 36.37544817206338, 88.32869251724333],
       [127.36189690695387, 36.37544663415829, 91.00437676347792],
       [127.36191874616306, 36.37546412417869, 90.17313276231289],
       [127.36193150667884, 36.37545846773397, 89.57214457914233],
       [127.36191793852208, 36.37546363507376, 85.84941113088280],
       [127.36192197200619, 36.37546333327489, 82.86745827551931],
       [127.36191904750810, 36.37548280047563, 77.42971095256507],
       [127.36190530757693, 36.37545084593702, 86.28732881788164],
       [127.36191456080695, 36.37544545427904, 91.96551070827991],
       [127.36194434115096, 36.37544216079766, 91.77457129582763],
       [127.36194440217780, 36.37544099699973, 95.25566841568798],
       [127.36194623821687, 36.37546059673843, 87.02388442587107],
       [127.36193990097277, 36.37544538513767, 88.81496008578688],
       [127.36194019522023, 36.37546127024186, 93.82054538186640],
       [127.36194457766767, 36.37544532932336, 94.74927286338061],
       [127.36192463493633, 36.37544961322314, 91.71452386491001],
       [127.36192247434803, 36.37546478331321, 88.42054193373770],
       [127.36193771244037, 36.37544984888945, 90.30894618760794],
       [127.36192599398808, 36.37546377842044, 88.15183520503342],
       [127.36191378029272, 36.37545451508345, 93.65250373911113],
       [127.36192956444665, 36.37545794487635, 95.93489004764706],
       [127.36193749242022, 36.37544271999843, 100.21305799391121],
       [127.36192795791460, 36.37546117522217, 89.58159484528005],
       [127.36192164946911, 36.37548468810186, 80.39193369634449],
       [127.36193530325093, 36.37548696509167, 82.98927030712366],
       [127.36194143123608, 36.37548683779396, 83.35115107055753],
       [127.36192587583911, 36.37547007805507, 90.91548234224319],
       [127.36192472255456, 36.37547291012554, 87.45877790916711],
       [127.36192376009606, 36.37547693108494, 88.93328885640949],
       [127.36192241136287, 36.37546818825692, 91.61163337249309],
       [127.36193468247785, 36.37546514564529, 89.52805879432708],
       [127.36192250603818, 36.37545751819832, 85.75264434330165],
       [127.36191106806831, 36.37547700830540, 78.57543556950986],
       [127.36191451093295, 36.37547544427754, 80.55814287718385],
       [127.36191966108277, 36.37547559123415, 85.31942910235375],
       [127.36189815090415, 36.37546510632387, 87.85574762057513],
       [127.36191131941750, 36.37547052246358, 88.25425645336509],
       [127.36190777586809, 36.37546491617790, 85.64492713846266],
       [127.36193686400895, 36.37545335342546, 90.58053408656269],
       [127.36192689235099, 36.37545430194228, 87.40154395718127],
       [127.36192664541339, 36.37547294754282, 82.75707016792148],
       [127.36191105443750, 36.37548566731394, 78.16085469629616],
       [127.36190188193626, 36.37546998834711, 85.07684725895524],
       [127.36191249733727, 36.37547119879601, 86.04212629236281],
       [127.36190758889575, 36.37546523177269, 84.88480723090470],
       [127.36190650105755, 36.37546520435106, 85.29564763698727],
       [127.36190920018505, 36.37546328461359, 81.34237381629646],
       [127.36191390619383, 36.37547771517823, 82.62765272613615],
       [127.36188669033248, 36.37548307042241, 81.73029217030853],
       [127.36189059372160, 36.37547394781506, 86.52458970714360],
       [127.36189280406917, 36.37548077351079, 82.19899995159358],
       [127.36188697818106, 36.37547210550697, 82.41872559022158],
       [127.36189117595652, 36.37546706497692, 81.49499570019543],
       [127.36191310351290, 36.37547180376389, 83.61513640452176],
       [127.36191028023683, 36.37547946325801, 85.55587184522301],
       [127.36190266676195, 36.37548197916093, 84.26832575909793],
       [127.36189451748034, 36.37547339525911, 83.89961543213576],
       [127.36188425291058, 36.37547983794320, 84.56527546606958],
       [127.36187971720550, 36.37549045009082, 80.29006588645279],
       [127.36188579124459, 36.37546966057879, 83.02580212801695],
       [127.36189408281712, 36.37547580174626, 83.07371059339494],
       [127.36187744395981, 36.37548375151346, 82.19410364888608],
       [127.36188600570151, 36.37547168760653, 82.97729201614857],
       [127.36186694693949, 36.37546724205706, 84.86191751621664],
       [127.36187965538676, 36.37547217661896, 84.09413367602974],
       [127.36187402649335, 36.37547541631825, 83.32599869277328],
       [127.36187337278703, 36.37548779211804, 84.46533972211182],
       [127.36188107386467, 36.37546604808821, 89.47581943776459],
       [127.36187570692698, 36.37546677289863, 84.31408517900854],
       [127.36186509639171, 36.37547256117205, 80.23463327623904],
       [127.36187489323702, 36.37546838289809, 82.23846561834216],
       [127.36188311238050, 36.37547077711417, 81.16885267570615],
       [127.36187905077124, 36.37547087728825, 84.18176464177668],
       [127.36187365129237, 36.37546358014085, 84.69443018082529],
       [127.36185219210518, 36.37545401924265, 85.53901934996247],
       [127.36186004627416, 36.37544294417249, 87.07451011426747],
       [127.36186691290190, 36.37545528227373, 83.26315080001950],
       [127.36188258021737, 36.37545318306459, 85.48754103854299],
       [127.36187568890081, 36.37546104422952, 85.83845219668001],
       [127.36186942230563, 36.37547000972457, 90.76651416905224],
       [127.36187718748187, 36.37545058514626, 87.84620269667357],
       [127.36187144332737, 36.37545169983704, 86.20575143955648],
       [127.36187906373199, 36.37544704647115, 86.96208074688911],
       [127.36188541942151, 36.37545616022628, 88.45767401717603],
       [127.36185245199312, 36.37545926599633, 91.16157219558954],
       [127.36186849316489, 36.37545291321113, 86.08279553707689],
       [127.36189094898783, 36.37544228605199, 86.25750388950109],
       [127.36187243761240, 36.37546641052332, 81.31737810466439],
       [127.36187318407805, 36.37547148173552, 85.30835918337107],
       [127.36187473491262, 36.37547278199349, 85.22510097827762],
       [127.36188425392450, 36.37544987965492, 90.42226780951023],
       [127.36187696850020, 36.37546183615157, 82.25471447221935],
       [127.36189646969341, 36.37546927249430, 86.31405835412443],
       [127.36189331139698, 36.37545501987842, 91.99902003258467],
       [127.36188696665381, 36.37545044731846, 90.74079487379640],
       [127.36187873566124, 36.37545832666572, 86.54690655972809],
       [127.36187209251514, 36.37548059533752, 79.90032469388098],
       [127.36185815820657, 36.37548095905133, 77.38400550931692],
       [127.36187183595216, 36.37545141279049, 89.00119123701006],
       [127.36188058005207, 36.37543863588343, 89.25387766864151],
       [127.36188281120874, 36.37546018558005, 84.92674309853464],
       [127.36189820283852, 36.37545645113857, 85.22112235892564],
       [127.36189172894380, 36.37545378155944, 87.05964857432991],
       [127.36190964366183, 36.37546357763054, 92.84201665874571],
       [127.36191445048554, 36.37543555021333, 100.29497059527785],
       [127.36188543160492, 36.37546193475901, 96.12319190986454],
       [127.36187518027276, 36.37544598114749, 93.06386188790202],
       [127.36187610143855, 36.37544644778107, 96.11600864958018],
       [127.36188633860779, 36.37545217389623, 92.15324214845896],
       [127.36188200998997, 36.37546149601959, 89.08242592401803],
       [127.36188729213086, 36.37546207153768, 90.45488527510315],
       [127.36189383577842, 36.37544695030559, 90.34640904143453],
       [127.36190671052296, 36.37544240599815, 94.87832275498658],
       [127.36190079008517, 36.37544491703058, 93.24610730819404],
       [127.36191571763909, 36.37543750660431, 100.31259076669812],
       [127.36191172907782, 36.37544937778567, 95.31245030183345],
       [127.36189649863749, 36.37544712280342, 95.92464596033096],
       [127.36189230513871, 36.37545957541944, 93.22340262401849],
       [127.36191157845775, 36.37544937490671, 100.13918268308043],
       [127.36191854090829, 36.37543380763583, 100.41430996265262],
       [127.36191421858072, 36.37544018764593, 102.58267365675420],
       [127.36190654815591, 36.37545145294601, 98.28807308059186],
       [127.36191557310545, 36.37544101942244, 97.23119856137782],
       [127.36191017427343, 36.37545254351240, 93.84325889032334],
       [127.36190974902510, 36.37543852796912, 100.13179253041744],
       [127.36191845849665, 36.37543979634837, 94.66177099384367],
       [127.36193783688603, 36.37545024722613, 92.84685361105949],
       [127.36194687677185, 36.37543666861340, 93.85852429736406],
       [127.36192453817169, 36.37544347661222, 91.61184689775109],
       [127.36193163422399, 36.37543582730711, 96.50557358283550],
       [127.36192578388408, 36.37544225806369, 92.14681823551655],
       [127.36190935028439, 36.37544147589234, 95.52623540908098],
       [127.36193019452767, 36.37544848225927, 98.35310939420015],
       [127.36193998320181, 36.37543804821889, 100.79438128229231],
       [127.36192869801087, 36.37544083945968, 99.39463953301311],
       [127.36194221395706, 36.37542905133787, 100.05211831256747],
       [127.36193496646645, 36.37542838123395, 99.55885985307395],
       [127.36195605291408, 36.37542365819458, 98.28639419935644],
       [127.36194593199338, 36.37544933307367, 99.54237401112914],
       [127.36192867383059, 36.37543097842126, 103.03256100416183],
       [127.36192077979061, 36.37544831717122, 97.50506128091365],
       [127.36192380964278, 36.37543759480332, 96.87316381186247],
       [127.36193891548818, 36.37543724449811, 99.44188439100981],
       [127.36195533514316, 36.37543478512688, 105.97167583368719],
       [127.36194158110760, 36.37544943757581, 103.12476214766502],
       [127.36196851458693, 36.37544231369055, 99.14688582811505],
       [127.36194665282534, 36.37541036828748, 103.83989444933832],
       [127.36193432935944, 36.37541126986617, 107.11880053393543],
       [127.36194066401778, 36.37541109943800, 106.75557188037783],
       [127.36194424411693, 36.37540847515574, 105.72207397595048],
       [127.36193744862572, 36.37543790431103, 100.74603682290763],
       [127.36194010278111, 36.37543671059293, 104.43347987346351],
       [127.36194898067527, 36.37543031139424, 101.73256554920226],
       [127.36195839081849, 36.37543887717104, 106.65261647105217],
       [127.36192639071839, 36.37543687101082, 108.05979264527559],
       [127.36193722011528, 36.37542109358675, 113.77114653214812],
       [127.36191461796487, 36.37542542599414, 108.17062510084361],
       [127.36192236509891, 36.37540824051528, 108.08832284435630],
       [127.36192391244779, 36.37540122408912, 105.65775704942644],
       [127.36192693019136, 36.37541592016673, 101.89297384675592],
       [127.36192522094208, 36.37539634710233, 106.51596214156598],
       [127.36191550071574, 36.37542320337138, 107.76941388938576],
       [127.36192158267207, 36.37541953362886, 107.13210145756602],
       [127.36191948074045, 36.37539646127563, 107.54800621420145],
       [127.36192339529985, 36.37540910609874, 108.01166586484760],
       [127.36193134569804, 36.37541296018434, 110.91945853084326],
       [127.36190222565688, 36.37543024787752, 108.36912635434419],
       [127.36190812627294, 36.37542798071940, 103.06822281330824],
       [127.36191655248507, 36.37542154274669, 107.26968698482960],
       [127.36192895772916, 36.37541612281969, 106.72057474497706],
       [127.36193424512902, 36.37540251622448, 108.07043674681336],
       [127.36192178889679, 36.37541471054702, 108.60009109321982],
       [127.36193375000535, 36.37541939911569, 102.35406569298357],
       [127.36193671644631, 36.37543612600957, 96.98217822704464],
       [127.36193342304303, 36.37543272287309, 95.89426290616393],
       [127.36192446860699, 36.37543386015923, 101.31285737454891],
       [127.36192832821851, 36.37543179115594, 101.20986147131771],
       [127.36193102450761, 36.37544595595278, 96.32200894970447],
       [127.36191074000241, 36.37543971171545, 98.99535640794784],
       [127.36191464837259, 36.37543292414099, 96.68943992443383],
       [127.36192790767366, 36.37544127600305, 99.24651352968067],
       [127.36193882083963, 36.37543080672788, 98.88427372183651],
       [127.36192263654199, 36.37543583722751, 100.78468190692365],
       [127.36192459284996, 36.37543315753760, 99.68988031055778],
       [127.36194423333419, 36.37542768558881, 96.33436420653015],
       [127.36191513205009, 36.37544030308757, 96.00301497988403],
       [127.36188677656435, 36.37543748091439, 99.64664925448596],
       [127.36190064095575, 36.37544406749011, 97.56621208414435],
       [127.36190258460208, 36.37545800710245, 94.58181178476661],
       [127.36190455950586, 36.37544400228048, 92.85745195113122],
       [127.36191592894133, 36.37544519822379, 92.07450003363192],
       [127.36189357449142, 36.37544816641508, 96.17781940475106],
       [127.36189840948997, 36.37545013253147, 97.49760877247900],
       [127.36189928358331, 36.37542828369620, 96.78993484843522],
       [127.36189244112047, 36.37543683747486, 98.65275314170867],
       [127.36190116346252, 36.37545372305351, 100.96143359225243],
       [127.36188021959676, 36.37546008511834, 97.46659986674786],
       [127.36191405023716, 36.37544615962221, 98.52566093951464],
       [127.36191183062952, 36.37544665244776, 98.22422659490258],
       [127.36190052075702, 36.37544116797743, 97.78431086707860],
       [127.36189624073010, 36.37544903112698, 96.52628724742681],
       [127.36189508118920, 36.37544889653834, 97.66586486622691],
       [127.36189328377101, 36.37543779780656, 93.39524390641600],
       [127.36189986079890, 36.37543501583941, 94.60948584415019],
       [127.36190747729061, 36.37543921385446, 95.94783576484770],
       [127.36190989830742, 36.37544293010966, 98.58691415842623],
       [127.36191702576383, 36.37544313037804, 97.83874055463821],
       [127.36192431910858, 36.37544872375497, 93.60327682364732],
       [127.36190716649406, 36.37545045037758, 89.99337395466864],
       [127.36190908775245, 36.37544891008912, 90.93889402598143],
       [127.36189663792841, 36.37546584396316, 92.15903021022677],
       [127.36191850458474, 36.37545268637671, 94.25212500151247],
       [127.36191912210910, 36.37545293829196, 95.29392021615058],
       [127.36191502604383, 36.37545527158449, 94.12617402151227],
       [127.36191472877901, 36.37546966947249, 87.82943620905280],
       [127.36190421333737, 36.37547237601811, 87.33259794395417],
       [127.36192147350154, 36.37544561867337, 89.47388218622655],
       [127.36193064693848, 36.37545300377956, 87.39616464916617],
       [127.36193050769710, 36.37545118314339, 90.65680898446590],
       [127.36191967680071, 36.37546559665216, 90.72623580973595],
       [127.36191224577499, 36.37546747044625, 89.56714875344187],
       [127.36188719637525, 36.37547011674985, 93.42329226620495],
       [127.36191239969448, 36.37547458575338, 91.29258107207716],
       [127.36189753799793, 36.37548271596234, 88.88401797693223],
       [127.36191419612499, 36.37547298636979, 88.24355701543391],
       [127.36192218833736, 36.37547408457830, 90.36272585764527],
       [127.36189804218697, 36.37547680104394, 91.91983741521835],
       [127.36189977691676, 36.37547706847786, 90.17215179558843],
       [127.36191914922289, 36.37545770548392, 88.12624681554735],
       [127.36191248609401, 36.37545306851244, 91.44551373645663],
       [127.36191302051910, 36.37546140069428, 89.51711772009730],
       [127.36191566388761, 36.37548380147174, 83.87057006917894],
       [127.36190953555226, 36.37548791787044, 82.39142799191177],
       [127.36190712003973, 36.37548746490604, 81.91993873007596],
       [127.36190250292323, 36.37549200351405, 84.97378948144615],
       [127.36192013617634, 36.37546023931311, 88.66117324028164],
       [127.36190708022481, 36.37547202003202, 89.66796015668660],
       [127.36191839798867, 36.37547676831433, 88.96926538366824],
       [127.36191732952344, 36.37546678064103, 88.57668342161924],
       [127.36190844846269, 36.37547409841011, 84.79024139326066],
       [127.36192212286178, 36.37546850924116, 87.02979014255106],
       [127.36193554083201, 36.37547114696808, 87.14679669402540],
       [127.36190272821749, 36.37545949038882, 87.59637898858637],
       [127.36191549119779, 36.37545568653785, 89.50356461945921],
       [127.36191382691142, 36.37544846278543, 91.29793356638402],
       [127.36190400770153, 36.37545182912051, 91.35605555959046],
       [127.36189124514915, 36.37545020761629, 88.50506837386638],
       [127.36190984224223, 36.37546274221302, 87.94837601389736],
       [127.36191753014718, 36.37545356295973, 90.68113052099943],
       [127.36190881766620, 36.37546291804112, 83.53788494970649],
       [127.36189161759417, 36.37547818001861, 84.79916029423475],
       [127.36187961887082, 36.37547913217151, 88.51982057746500],
       [127.36190532739303, 36.37545841535722, 92.72159436903894],
       [127.36191415326418, 36.37545387827787, 93.00397285819054],
       [127.36193201187105, 36.37544290019775, 93.82904101349413],
       [127.36193367387187, 36.37543000156243, 95.52854891773313],
       [127.36192725329754, 36.37544570947759, 95.73337318561971],
       [127.36190649374467, 36.37544269292488, 94.53292708005756],
       [127.36190759765769, 36.37543819011363, 98.48959011957049],
       [127.36189685383650, 36.37544450251544, 95.51552140526474],
       [127.36190654923385, 36.37545044072336, 91.53800432011485],
       [127.36195034858207, 36.37543601134802, 95.87521527800709],
       [127.36193336798742, 36.37542552955198, 97.34676280431449],
       [127.36193334486907, 36.37543662119646, 93.59991860017180],
       [127.36193620896688, 36.37542913854259, 95.61297888401896],
       [127.36191263482115, 36.37542474966202, 91.84285067021847],
       [127.36191425932022, 36.37543444844290, 93.04294010624290],
       [127.36191131429581, 36.37543650785484, 94.44477769453079],
       [127.36191509183271, 36.37544366213663, 94.28587749972939],
       [127.36190238754459, 36.37545736266384, 91.83580139372498],
       [127.36188944691274, 36.37545290571968, 87.17983563896269],
       [127.36189507063605, 36.37545961591461, 85.20378526672721],
       [127.36190576857655, 36.37543563490432, 89.67676365096122],
       [127.36192308653968, 36.37545585198318, 88.26575113926083],
       [127.36192943475845, 36.37543740526016, 90.40097585599869],
       [127.36191999195441, 36.37543213611503, 93.60949285048991],
       [127.36191555451927, 36.37543770512067, 96.41113429144025],
       [127.36193442973176, 36.37544774079972, 95.89131006598473],
       [127.36194873340663, 36.37543536953059, 97.05788742005825],
       [127.36192954051107, 36.37541982590548, 96.41686834301800],
       [127.36191693300661, 36.37541921612881, 99.56173781305552],
       [127.36190821601170, 36.37544764790913, 93.23244688287377],
       [127.36190931685663, 36.37544483282132, 93.12169466167688],
       [127.36192878702467, 36.37542202111296, 96.91385518014431],
       [127.36192686583377, 36.37542252681818, 92.96955499891192],
       [127.36193206309670, 36.37542067248137, 93.89889636728913],
       [127.36191363300787, 36.37542913489176, 89.90438291709870],
       [127.36191282261382, 36.37542551453338, 94.61014739796519],
       [127.36191449584663, 36.37541271373857, 99.41490424331278],
       [127.36192722078592, 36.37542529736513, 99.70551188848913],
       [127.36194900915828, 36.37540612460742, 99.01133732777089],
       [127.36193190573412, 36.37542261894097, 97.09137478191406],
       [127.36192204970889, 36.37541583370460, 95.52663694974035],
       [127.36192602517139, 36.37540185598910, 102.49769350979477],
       [127.36196165568094, 36.37540550354881, 100.66032663360238],
       [127.36193130885141, 36.37540758138920, 98.24382547289133],
       [127.36192456056186, 36.37542522188926, 95.59470122959465],
       [127.36191062685599, 36.37542230201358, 97.01267124805599],
       [127.36189472514741, 36.37541101668925, 97.46734448056668],
       [127.36191640501393, 36.37541590749534, 96.24484993983060],
       [127.36191913965285, 36.37542243225380, 97.74055316857994],
       [127.36192911477185, 36.37542067185166, 99.41694732196629],
       [127.36193985749917, 36.37540400635913, 104.91255726758391],
       [127.36192031062235, 36.37541597944245, 101.80835730768740],
       [127.36190510442978, 36.37542860498099, 98.54734937380999],
       [127.36192912966382, 36.37542500521307, 98.82151654642075],
       [127.36194694531484, 36.37541556956923, 101.71773517690599],
       [127.36194303799869, 36.37541526588193, 97.23445301409811],
       [127.36194143342075, 36.37542721386552, 98.79753872938454],
       [127.36192862583327, 36.37541516097517, 98.59268704336137],
       [127.36193247218722, 36.37542926189010, 98.12912838626653],
       [127.36194430360619, 36.37543942518819, 95.43550225161016],
       [127.36194983853746, 36.37544986244155, 94.75581442471594],
       [127.36193557969808, 36.37545304734407, 94.41436927486211],
       [127.36193897601029, 36.37545947350402, 90.88522825669497],
       [127.36194668444695, 36.37544269165733, 94.17714890930802],
       [127.36194054062577, 36.37543560497938, 94.32568003796041],
       [127.36194365378239, 36.37543528491300, 95.38784222211689],
       [127.36196669061812, 36.37543852468001, 98.62366963829845],
       [127.36195851195113, 36.37544535873290, 96.46799463219941],
       [127.36194929042223, 36.37544288594000, 93.66133190412074],
       [127.36193686103283, 36.37543553091707, 94.11106394603848],
       [127.36194237930263, 36.37544051006348, 94.60847443528473],
       [127.36195615437467, 36.37544901813360, 92.09819841198623],
       [127.36195679039790, 36.37544922754065, 90.18400197383016],
       [127.36194750918770, 36.37544704011343, 90.52042125910521],
       [127.36194155094039, 36.37544004953971, 92.29165957029909],
       [127.36193327304059, 36.37544358982595, 90.83735227305442],
       [127.36194927037822, 36.37544920271959, 94.62529682368040],
       [127.36195043567366, 36.37546240019005, 92.31163365114480],
       [127.36195393018737, 36.37545719831962, 91.15583154372871],
       [127.36194279999994, 36.37544812545573, 87.87710840068758],
       [127.36194494125904, 36.37543751364193, 91.61641530692577],
       [127.36195267146390, 36.37544538802601, 92.81178706046194],
       [127.36195160832916, 36.37544829647133, 88.90274278353900],
       [127.36195708589540, 36.37545466369168, 89.46287409309298],
       [127.36196773555635, 36.37546611425091, 87.58314224984497],
       [127.36197523612864, 36.37545121296516, 88.69593720417470],
       [127.36195106762742, 36.37545028814013, 89.92911534197628],
       [127.36196555261290, 36.37545804386669, 90.62188792508096],
       [127.36198387794659, 36.37545906648966, 92.06099901255220],
       [127.36195957154659, 36.37547034999925, 90.33475356549025],
       [127.36194983434152, 36.37544505303902, 90.58041746076196],
       [127.36194422035680, 36.37545279614532, 85.12646651081741],
       [127.36196295336578, 36.37546932455089, 87.96012214943767],
       [127.36195714421414, 36.37545669840992, 89.54456197470427],
       [127.36196230435382, 36.37546708900313, 87.60355662088841],
       [127.36192631015292, 36.37547628105548, 83.64559978619218],
       [127.36193943015169, 36.37547952868476, 85.09030367061496],
       [127.36196360175681, 36.37546284794386, 92.51235184725374],
       [127.36198533746730, 36.37545553626180, 94.89435225818306],
       [127.36196250451525, 36.37545775844252, 89.26321979332715],
       [127.36195186946858, 36.37546167850154, 85.08942015375942],
       [127.36194620997281, 36.37548496338798, 82.65941880922765],
       [127.36193929933054, 36.37548237059326, 85.99722706153989],
       [127.36194645325958, 36.37548237965529, 86.24949267785996],
       [127.36194726041319, 36.37547822595273, 89.25747870933264],
       [127.36195012300443, 36.37546440994046, 89.07929220981896],
       [127.36195579511593, 36.37546043139907, 84.98324601352215],
       [127.36193139028613, 36.37549090260237, 75.31316595710814],
       [127.36196864304149, 36.37547798644894, 83.38747810944915],
       [127.36197483924141, 36.37548705263287, 86.56872704531997],
       [127.36196888017399, 36.37548254258439, 88.60593406576663],
       [127.36197440534646, 36.37547758160535, 89.76039937790483],
       [127.36195338012196, 36.37549647568901, 85.56570172030479],
       [127.36195572725823, 36.37545983565034, 90.65786684304476],
       [127.36196584170794, 36.37548260057433, 89.29731482360512],
       [127.36197554009019, 36.37545815004896, 94.87715342268348],
       [127.36195937512034, 36.37547141996474, 86.94005996268243],
       [127.36195991998041, 36.37546919439173, 89.43872400838882],
       [127.36193945979325, 36.37549504682512, 84.08131283707917],
       [127.36192573073484, 36.37549729331828, 84.72373293992132],
       [127.36196260342395, 36.37547759375068, 89.68988188635558],
       [127.36195728926963, 36.37547460962162, 91.74571440648288],
       [127.36195681376215, 36.37546830752735, 86.96355742588639],
       [127.36191869950486, 36.37548667682187, 83.17734078876674],
       [127.36191991704848, 36.37547575463286, 81.69235049001873],
       [127.36193341817243, 36.37547141028600, 85.42171508539468],
       [127.36194928256367, 36.37546108964705, 88.32632991578430],
       [127.36194817020471, 36.37545660114894, 87.92792257666588],
       [127.36194211833310, 36.37547080695492, 87.93259324878454],
       [127.36191987187189, 36.37546946843992, 85.37515099253505],
       [127.36191335896045, 36.37547877236058, 83.60021582711488],
       [127.36193071696718, 36.37546942519033, 85.76132388133556],
       [127.36191801602915, 36.37545881385108, 85.06118449848145],
       [127.36191091096634, 36.37547450177010, 84.50965321157128],
       [127.36190867488445, 36.37546314403436, 86.55797069612890],
       [127.36191937468989, 36.37548702042780, 82.43155477382243],
       [127.36195634638590, 36.37547508218472, 86.76541443914175],
       [127.36192666152290, 36.37548245767243, 87.42665616981685],
       [127.36193017420382, 36.37546568248592, 88.55640436150134],
       [127.36191870997409, 36.37547506552303, 87.17392247170210],
       [127.36188589716204, 36.37550346266973, 78.87775059789419],
       [127.36189599282963, 36.37549083619800, 84.31464456208050],
       [127.36191412240807, 36.37548160954651, 88.79788215737790],
       [127.36191390144117, 36.37548377794423, 84.27266622614115],
       [127.36192135012323, 36.37547219912359, 85.10366232134402],
       [127.36189644008336, 36.37547159100885, 91.42980892397463],
       [127.36189742290333, 36.37548264487767, 90.69438529666513],
       [127.36190735657136, 36.37547189758430, 91.20682736765593],
       [127.36190144049779, 36.37547486274385, 92.75274474825710],
       [127.36190496744919, 36.37546459109809, 92.69889010861516],
       [127.36191024586604, 36.37547605050974, 91.84494481422007],
       [127.36192330902855, 36.37548574210519, 89.76782709453255],
       [127.36190935247566, 36.37549956456660, 85.44279447291046],
       [127.36188416533588, 36.37548933532025, 88.64357916824520],
       [127.36189453016478, 36.37547839201800, 90.63233847357333],
       [127.36189687010724, 36.37548077188456, 89.42231388017535],
       [127.36190035057129, 36.37547867506878, 93.54392951074988],
       [127.36189113035952, 36.37547274584335, 87.43708223663270],
       [127.36190082606483, 36.37544707115702, 91.41094303410500],
       [127.36188297194774, 36.37545045347949, 97.79593935701996],
       [127.36189084083748, 36.37545072336022, 95.45707519911230],
       [127.36188257341261, 36.37544274444754, 96.21342509612441],
       [127.36188702464906, 36.37544993414395, 94.00004557520151],
       [127.36189165420502, 36.37545955000068, 97.06166252028197],
       [127.36188085401763, 36.37545958738841, 97.32468564994633],
       [127.36190167021968, 36.37542256860232, 104.96369733754545],
       [127.36190190984100, 36.37543576124175, 103.44145038351417],
       [127.36189050093546, 36.37544246034929, 97.65653262753040],
       [127.36189477780729, 36.37544415562962, 97.21444317419082],
       [127.36189600441843, 36.37543866599425, 100.65439856611192],
       [127.36192077195069, 36.37544334267828, 97.89599425718188],
       [127.36191587139436, 36.37545556979266, 100.78043690975755],
       [127.36191336141813, 36.37545208198743, 96.13244264386594],
       [127.36190388665629, 36.37545639497552, 95.42336595151573],
       [127.36187958516864, 36.37546616976062, 92.38346510753036],
       [127.36189056955509, 36.37547051625419, 91.27750991936773],
       [127.36190661184439, 36.37547895477831, 90.66462057549506],
       [127.36192066384267, 36.37546933998284, 92.20116474386305],
       [127.36190470978327, 36.37546958840642, 89.56132222525775],
       [127.36190184889564, 36.37546835125151, 91.07758677285165],
       [127.36192885143358, 36.37545685380287, 92.92718233913183],
       [127.36191245888668, 36.37544624273717, 95.17809980921447],
       [127.36192527528164, 36.37543845231760, 95.44508581049740],
       [127.36190117875755, 36.37545589247122, 92.74862676672637],
       [127.36190574272767, 36.37547122012327, 91.13107653334737],
       [127.36191382297089, 36.37547657277263, 91.56610172986984],
       [127.36193067832995, 36.37543444879426, 94.64679509028792],
       [127.36194988564066, 36.37543399732175, 97.00619872752577],
       [127.36196007153477, 36.37542618043032, 105.02750262152404],
       [127.36192692539792, 36.37543684038673, 99.78334805835038],
       [127.36190164854634, 36.37542383197953, 96.47063709795475],
       [127.36191284859196, 36.37544545646055, 92.53132544551045],
       [127.36192696800848, 36.37542830044496, 99.25444637052715],
       [127.36192674332662, 36.37543945241427, 94.61613180860877],
       [127.36191918634540, 36.37542854295477, 92.89738106075674],
       [127.36188945044853, 36.37545057197206, 86.08085586503148],
       [127.36191025353749, 36.37542484868679, 91.34790948219597],
       [127.36191690380583, 36.37539872266345, 95.55742256715894],
       [127.36188000233410, 36.37542009497256, 92.49412722606212],
       [127.36191826142176, 36.37542351355677, 94.76442288886756],
       [127.36192529331942, 36.37542659191126, 93.24351975135505],
       [127.36192318948331, 36.37541190632505, 96.16559673007578],
       [127.36194393465438, 36.37540716152798, 97.89034863654524],
       [127.36191232350014, 36.37541504901424, 92.83352299686521],
       [127.36190452578671, 36.37542443088561, 94.98866633512080],
       [127.36191018042460, 36.37543120275271, 97.10570490546525],
       [127.36194490825733, 36.37542187957531, 97.85285992454737],
       [127.36193044789356, 36.37543540711167, 92.77912889793515],
       [127.36192631392716, 36.37543425516937, 86.35375269502401],
       [127.36191838962061, 36.37543699099945, 87.86752159986645],
       [127.36193735938846, 36.37543009407953, 90.45234870724380],
       [127.36193337708534, 36.37541241581149, 89.66932961437851],
       [127.36193292565972, 36.37543020807986, 88.30431783944368],
       [127.36193215885226, 36.37541179867083, 94.69310921709985],
       [127.36192924439358, 36.37541785897301, 92.87975126318634],
       [127.36189848624632, 36.37546924597362, 81.38472326286137],
       [127.36191340486207, 36.37545361834997, 87.73725044634193],
       [127.36193481295408, 36.37544199097470, 88.64451097417623],
       [127.36194283399890, 36.37544482370718, 86.31692378316075],
       [127.36194130940197, 36.37545563056211, 84.43541996087879],
       [127.36194900605184, 36.37545702894550, 87.11616188753396],
       [127.36191608200824, 36.37546968898792, 85.12566872779280],
       [127.36192836097416, 36.37545053296678, 90.73661516793072],
       [127.36193005433176, 36.37544696044598, 87.75937112420797],
       [127.36191680301729, 36.37545433853704, 86.79609540291131],
       [127.36193507506600, 36.37546443115563, 83.69454416353256],
       [127.36193984205681, 36.37544178731825, 90.83245803136379],
       [127.36193650347325, 36.37541713592075, 93.45348257292062],
       [127.36191666820648, 36.37546379347860, 88.95071147475392],
       [127.36190618847529, 36.37546674311842, 85.31503635924309],
       [127.36191779202133, 36.37544176309763, 91.29831861052662],
       [127.36192040985813, 36.37544389385133, 85.33934210427105],
       [127.36191793908883, 36.37544901931523, 84.83142501115799],
       [127.36189615981357, 36.37545722846382, 88.14371977560222],
       [127.36191379178689, 36.37546056443997, 86.85243155620992],
       [127.36193679933335, 36.37545269685648, 95.05244498979300],
       [127.36192334465527, 36.37545549437547, 93.77721936162561],
       [127.36189961200309, 36.37546499330605, 87.77061873394996],
       [127.36190697753831, 36.37547083984539, 87.04452547803521],
       [127.36190966324763, 36.37546117789316, 87.03838080167770],
       [127.36191130982724, 36.37545441075604, 85.59089131653309],
       [127.36191970282631, 36.37545029609910, 85.39257998764515],
       [127.36192913773614, 36.37544511654358, 88.86681048851460],
       [127.36190864247533, 36.37545088991268, 90.95806900318712],
       [127.36191581237567, 36.37545830304742, 90.64587950147688],
       [127.36188562614271, 36.37545139013807, 89.79458517208695],
       [127.36190409760475, 36.37544992916757, 90.77418614365160],
       [127.36190382997681, 36.37546293031233, 90.29857738409191],
       [127.36191299852216, 36.37545362026520, 93.56073135137558],
       [127.36190189926799, 36.37546008019009, 90.26074236538261],
       [127.36188485283182, 36.37545879960423, 88.03877585381269],
       [127.36191662777837, 36.37545871434506, 92.37720540910959],
       [127.36190396321295, 36.37546693972269, 89.17339761089534],
       [127.36191119778495, 36.37547040935961, 87.34351742081344],
       [127.36191411728066, 36.37547871772445, 93.07993465382606],
       [127.36189559491147, 36.37547264206587, 90.16601109784096],
       [127.36191207225957, 36.37547581482315, 91.91949198115617],
       [127.36190485084327, 36.37547011692923, 93.64047825802118],
       [127.36188807849247, 36.37545827492384, 97.40729647967964],
       [127.36189982655033, 36.37546309786008, 92.75377199053764],
       [127.36189108191068, 36.37547532523204, 81.78321977052838],
       [127.36188544872871, 36.37548541579089, 85.01723355799913],
       [127.36187741726806, 36.37546595066645, 87.23992744460702],
       [127.36190713880859, 36.37546047819456, 94.46834627352655],
       [127.36191027186626, 36.37545753415777, 90.22906604688615],
       [127.36189360721495, 36.37547147285041, 85.62368924077600],
       [127.36189248205299, 36.37548244898392, 87.27023654617369],
       [127.36189338182352, 36.37548959733044, 86.02026802394539],
       [127.36188764826956, 36.37548969149801, 92.04878906533122],
       [127.36188103417473, 36.37550012912550, 90.07510248478502],
       [127.36188460628298, 36.37549242605646, 88.82296815328300],
       [127.36188189826036, 36.37547642560047, 88.26428749505430],
       [127.36187900301070, 36.37547872573906, 88.10153178963810],
       [127.36188602956594, 36.37549908846903, 90.07159174885601],
       [127.36188099771266, 36.37551174916470, 88.16700370237231],
       [127.36188078049895, 36.37549700237270, 89.58559456095099],
       [127.36189008461821, 36.37549202900017, 91.86650810856372],
       [127.36190495197076, 36.37548055713890, 92.23428186867386],
       [127.36187838637819, 36.37550345842907, 82.50933808460832],
       [127.36187206890938, 36.37548972133347, 83.82882636226714],
       [127.36187847573473, 36.37548634338151, 85.39991697948426],
       [127.36191740687900, 36.37548016398728, 90.62451404612511],
       [127.36192269894423, 36.37547870325565, 88.82586936373264],
       [127.36191613309634, 36.37549312360543, 87.41346001811326],
       [127.36190080801828, 36.37549592380832, 89.96248917095363],
       [127.36188202341364, 36.37550332525100, 86.64599013235420],
       [127.36189555230342, 36.37548051835087, 90.03070083074272],
       [127.36189587283448, 36.37549972076246, 87.55645852070302],
       [127.36191881063448, 36.37549498312947, 88.29184409510344],
       [127.36190301462173, 36.37549145093136, 86.99221380800009],
       [127.36191976823253, 36.37549643861165, 87.53639510087669],
       [127.36190562982381, 36.37549677058661, 87.07819733303040],
       [127.36190830331718, 36.37549903683593, 87.71955064497888],
       [127.36191525176660, 36.37551680621674, 77.57315947487950],
       [127.36195950406453, 36.37549235778712, 89.79808379709721],
       [127.36192902765102, 36.37548983535719, 91.79519032314420],
       [127.36191301045189, 36.37550185214269, 85.05421605892479],
       [127.36192834613745, 36.37549999209548, 86.71506577171385],
       [127.36190933337942, 36.37549315676680, 85.96273080073297],
       [127.36192035369162, 36.37550916614465, 84.30180383566767],
       [127.36190184253223, 36.37549853119611, 87.84818055387586],
       [127.36192355526848, 36.37550815429934, 85.54357850272208],
       [127.36192296573861, 36.37549046230465, 87.73013135511428],
       [127.36190247790297, 36.37549606459942, 85.41985085140914],
       [127.36190995084708, 36.37551926671060, 81.33618930634111],
       [127.36190225001839, 36.37551305210996, 82.29836036637425],
       [127.36192063489598, 36.37551902477463, 86.47114949021488],
       [127.36194878745899, 36.37549951252319, 88.24845847673714],
       [127.36194524826622, 36.37551014316751, 87.74462163913995],
       [127.36192321257045, 36.37551194900215, 80.15725317597389],
       [127.36191757247940, 36.37549810606824, 86.15696924459189],
       [127.36193059317084, 36.37548754216331, 90.94243451580405],
       [127.36191063133522, 36.37550157604497, 88.62347770202905],
       [127.36191802174989, 36.37550741726037, 87.01779511384666],
       [127.36191753576325, 36.37550600730788, 84.12086432985961],
       [127.36193531761832, 36.37549831394588, 87.46210527699441],
       [127.36192434243289, 36.37549044490063, 90.99182408489287],
       [127.36195172426382, 36.37547326299769, 96.00709016434848],
       [127.36192444753003, 36.37547803346848, 94.93007987551391],
       [127.36191193417750, 36.37548858118205, 94.04301265906543],
       [127.36190971983797, 36.37547491503697, 91.75094955135137],
       [127.36192263218720, 36.37547826131802, 91.19497176911682],
       [127.36195786736911, 36.37547358432860, 97.78293099626899],
       [127.36193733118435, 36.37546838713790, 96.53158841375262],
       [127.36193916326812, 36.37547360671531, 95.25624249037355],
       [127.36193492333764, 36.37548745675752, 96.34545641764998],
       [127.36193866925785, 36.37549046214971, 98.99215154815465],
       [127.36194986545657, 36.37546428686264, 100.65258423518389],
       [127.36194778899865, 36.37548173808274, 99.67318918555975],
       [127.36195251814210, 36.37549587537826, 96.89982970524579],
       [127.36194022891337, 36.37552102694081, 88.88627858646214],
       [127.36193508785527, 36.37550483104913, 91.06299481820315],
       [127.36193867496166, 36.37549379042128, 92.29385055601597],
       [127.36196586333961, 36.37546513199608, 104.77878512814641],
       [127.36194374010799, 36.37548128242180, 102.85058397240937],
       [127.36194967877584, 36.37548283461797, 98.78251168690622],
       [127.36196229717051, 36.37547509031675, 98.26757702790201],
       [127.36196332387316, 36.37547941583644, 98.83272149786353],
       [127.36198734788549, 36.37548159464523, 99.69217976927757],
       [127.36198086787013, 36.37548897385693, 99.87693384103477],
       [127.36197618472609, 36.37547676997405, 95.43549981154501],
       [127.36195919285903, 36.37548160801646, 96.54715006891638],
       [127.36193524027860, 36.37546126901577, 97.20405848976225],
       [127.36194606207692, 36.37545593505923, 96.49340048618615],
       [127.36195013892761, 36.37546914744840, 100.07383730914444],
       [127.36196091075766, 36.37547211718692, 101.60264043882489],
       [127.36194287445990, 36.37548324008137, 96.46935100201517],
       [127.36192696513082, 36.37546433179228, 101.37271551322192],
       [127.36194065801428, 36.37544957515978, 102.00637635402381],
       [127.36194429480537, 36.37544285219551, 103.45187336578965],
       [127.36193802878228, 36.37543279294456, 104.21698615700006],
       [127.36193985707857, 36.37544542352633, 106.72951225750148],
       [127.36194490241095, 36.37544286548263, 101.97551219444722],
       [127.36195306163302, 36.37543330364259, 103.94582384824753],
       [127.36194229395629, 36.37543559491342, 104.41553017217666],
       [127.36192328254005, 36.37545382180628, 98.62259138841182],
       [127.36191011464165, 36.37544195658747, 98.21937468182296],
       [127.36191636545675, 36.37544243423421, 98.63863408006728],
       [127.36192631844382, 36.37543698108769, 99.65412544086576],
       [127.36192253175064, 36.37543690702508, 103.08581705857068],
       [127.36193302611863, 36.37541992224547, 106.22911461256444],
       [127.36195667058773, 36.37539884403066, 106.24182471539825],
       [127.36195401872271, 36.37541073834272, 101.77231617923826],
       [127.36192998908831, 36.37543710442868, 99.13918365258723],
       [127.36191105792054, 36.37543759891762, 98.19011903554201],
       [127.36192756047984, 36.37543254398532, 101.43266113568097],
       [127.36193557653500, 36.37543478145373, 100.87869142647833],
       [127.36195033939812, 36.37542271230651, 99.40102420002222],
       [127.36192822311854, 36.37542208361044, 97.19151151180267],
       [127.36195020178124, 36.37542160250467, 100.68499327730387],
       [127.36195695876428, 36.37543132288304, 100.86664913874120],
       [127.36192919830171, 36.37543745192517, 96.31511758826673],
       [127.36192806210623, 36.37544302573259, 97.29323433991522],
       [127.36194008299530, 36.37543400185012, 97.52144835703075],
       [127.36194042517688, 36.37542308362177, 97.36082865484059],
       [127.36193354068760, 36.37546079764561, 88.64140636846423],
       [127.36194012185051, 36.37545630046594, 96.77204496599734],
       [127.36195495279799, 36.37543777262172, 99.47058299276978],
       [127.36194183826292, 36.37545337603548, 90.19605014752597],
       [127.36193632899956, 36.37545649985908, 87.34004223626107],
       [127.36194044903068, 36.37543891006643, 90.53552560228854],
       [127.36194232776489, 36.37544807189289, 89.92094346601516],
       [127.36191909329240, 36.37544882453754, 87.61262366175652],
       [127.36193428664365, 36.37544199567094, 87.51434991136193],
       [127.36193529017714, 36.37544452608759, 85.66270974557847],
       [127.36193939755961, 36.37545107622118, 77.92782702203840],
       [127.36193766695037, 36.37543973214894, 82.22310566436499],
       [127.36194367645759, 36.37541862186993, 88.08467447385192],
       [127.36194012228306, 36.37541271378600, 95.50703698303550],
       [127.36192938020955, 36.37542155180694, 95.09613024257123],
       [127.36191666115890, 36.37545976329400, 85.77982146944851],
       [127.36191856127031, 36.37545612003878, 82.33769025281072],
       [127.36191942618694, 36.37545200530219, 84.05858875997365],
       [127.36190668846294, 36.37544833809768, 82.99212046246976],
       [127.36192669440071, 36.37544150771240, 85.08162366785109],
       [127.36193579802965, 36.37542564882822, 88.69313975516707],
       [127.36193537367058, 36.37543908464806, 83.67256899550557],
       [127.36192455671529, 36.37543472979991, 86.18473114259541],
       [127.36192908432766, 36.37544565856496, 85.32610903680325],
       [127.36191707505820, 36.37544689110425, 83.21373973973095],
       [127.36194638775112, 36.37543279061563, 85.77637762483209],
       [127.36193167265473, 36.37545011430194, 83.52453728485852],
       [127.36193287180818, 36.37544866140635, 85.37523744720966],
       [127.36189907491149, 36.37544759327567, 84.68892340455204],
       [127.36190749522714, 36.37545219641873, 87.66090262681246],
       [127.36190775031901, 36.37545094227155, 83.07342948671430],
       [127.36189709078747, 36.37546372011901, 81.37895764224231],
       [127.36189280738598, 36.37546262067819, 79.87488608155400],
       [127.36190371543609, 36.37546860700080, 79.60475606191903],
       [127.36190888669536, 36.37547260715488, 82.40708055440336],
       [127.36189857521246, 36.37546677613777, 80.32017402350903],
       [127.36189079295308, 36.37544862944791, 81.79228164907545],
       [127.36190407639499, 36.37545743984161, 85.70513425115496],
       [127.36189460220380, 36.37546747794470, 85.97711845673621],
       [127.36188174566104, 36.37547074671902, 80.90985906124115],
       [127.36191950984505, 36.37544690788036, 87.88215334620327],
       [127.36190918679172, 36.37545824279638, 85.32587295211852],
       [127.36191621456805, 36.37545833890832, 83.36719704419374],
       [127.36190573707937, 36.37546225246557, 80.52915539871901],
       [127.36190952937092, 36.37547254800386, 84.20188538730145],
       [127.36192524570731, 36.37547224152597, 80.61721041239798],
       [127.36191365311730, 36.37548932732288, 76.31653033662587],
       [127.36190711056393, 36.37549051353249, 81.74673954490572],
       [127.36189368159464, 36.37548331714054, 81.68382920976728],
       [127.36185883972219, 36.37550839913078, 71.59619445633143],
       [127.36188866008914, 36.37551408012747, 70.48103684745729],
       [127.36189741508514, 36.37552175475443, 72.88179128896445],
       [127.36189875792705, 36.37549641589251, 75.66654402669519],
       [127.36189256174805, 36.37549228321067, 78.37524554133415],
       [127.36190052876448, 36.37548342957600, 79.39158714935184],
       [127.36190856440317, 36.37550767525656, 79.81396213266999],
       [127.36190331840386, 36.37549985451618, 82.01216577552259],
       [127.36191347021671, 36.37549139528026, 81.94497301895171],
       [127.36192238875775, 36.37548535297360, 77.63735485076904],
       [127.36189870449465, 36.37550943586263, 72.39328228868544],
       [127.36191511590938, 36.37550432771402, 76.28579971753061],
       [127.36191403796288, 36.37549785291507, 74.61318701691926],
       [127.36189447490393, 36.37551101815328, 72.66210975684226],
       [127.36188691690123, 36.37551604399734, 73.70776034239680],
       [127.36191831887874, 36.37549278221422, 77.10127370525151],
       [127.36190938069774, 36.37549648267316, 80.61086126137525],
       [127.36192665841153, 36.37549536702936, 83.41497991234064],
       [127.36190479260597, 36.37549410623880, 76.77873649261892],
       [127.36188147508646, 36.37549943810049, 69.60316509287804],
       [127.36192556259849, 36.37548543665517, 78.89267466496676],
       [127.36192775899460, 36.37547856670017, 79.92932499572635],
       [127.36191331661078, 36.37550626192926, 73.61750568822026],
       [127.36192322135743, 36.37549190010226, 77.61471436172724],
       [127.36189350309338, 36.37548823846884, 75.33513881452382],
       [127.36191001037676, 36.37547075927158, 81.08415828831494],
       [127.36192310340363, 36.37547228520868, 81.76099671330303],
       [127.36191799756969, 36.37547974537596, 80.84886835422367],
       [127.36192457593035, 36.37550041576212, 80.52656911127269],
       [127.36192606867718, 36.37551012560663, 86.54124477598816],
       [127.36189399965924, 36.37550696478944, 81.34129441343248],
       [127.36190835753422, 36.37549008666933, 80.11385067086667],
       [127.36189994442181, 36.37550270478230, 75.04163716081530],
       [127.36192324894861, 36.37549741958268, 79.67501921765506],
       [127.36192840916057, 36.37548797710932, 83.94979369174689],
       [127.36192980433984, 36.37549138258150, 80.19335837569088],
       [127.36191481708182, 36.37549650712408, 77.55427324865013],
       [127.36191385775454, 36.37548560674884, 80.11332180723548],
       [127.36190474226430, 36.37549735784539, 82.08724624104798],
       [127.36192345194121, 36.37546939681962, 84.73271740321070],
       [127.36189886364363, 36.37547007536136, 85.51610217336565],
       [127.36190494065289, 36.37548762321609, 79.41120169218630],
       [127.36188489444139, 36.37550132447292, 75.77567790728062],
       [127.36192147356179, 36.37549069458604, 81.36716795898974],
       [127.36193504924853, 36.37549066200638, 85.89290852565318],
       [127.36192126449330, 36.37547515505054, 85.21484839264303],
       [127.36190197259657, 36.37548266533857, 78.76002945192158],
       [127.36192310575305, 36.37548750079722, 82.17073029652238],
       [127.36192845722204, 36.37546874673241, 88.67672949563712],
       [127.36193473004310, 36.37547271612581, 86.10891722142696],
       [127.36194888490125, 36.37545793752111, 87.36935938987881],
       [127.36195603813641, 36.37545416292804, 86.47264668717980],
       [127.36192119819560, 36.37546242363695, 83.49058533646166],
       [127.36191678993440, 36.37546461149255, 82.98268278222531],
       [127.36193620811422, 36.37547535021820, 84.47586468886584],
       [127.36193733266069, 36.37547811406234, 85.42667719628662],
       [127.36192896216288, 36.37546311474166, 85.11699031200260],
       [127.36195503587096, 36.37546081490419, 90.30115722119808],
       [127.36194146788660, 36.37546435420696, 86.14509344659746],
       [127.36194626720305, 36.37547682351922, 83.91228079423308],
       [127.36194394095841, 36.37546837815282, 83.50564350653440],
       [127.36192924013118, 36.37547396354212, 88.57172351889312],
       [127.36195655057436, 36.37545136834015, 88.12888056691736],
       [127.36196750906949, 36.37543384580396, 92.33384100347757],
       [127.36196861110002, 36.37544992041488, 90.76185880973935],
       [127.36196326612821, 36.37546178720601, 86.11862360592932],
       [127.36192655442400, 36.37547360288033, 81.04371311236173],
       [127.36192434103053, 36.37547302913172, 74.78436271846294],
       [127.36194185203813, 36.37545872117669, 82.17529894132167],
       [127.36197028907098, 36.37543077918180, 89.35026966687292],
       [127.36196926519598, 36.37542302652890, 92.95477313362062],
       [127.36195229767281, 36.37543001752662, 91.76793935988098],
       [127.36196354532194, 36.37541930298284, 96.20078057609499],
       [127.36197511118343, 36.37543047741203, 88.17059052176774],
       [127.36196815385190, 36.37542934839653, 90.44802121538669],
       [127.36195234132001, 36.37544482424403, 91.70351240132004],
       [127.36195457985477, 36.37545818540531, 88.37756319437176],
       [127.36197070094620, 36.37545479268132, 88.99013258423656],
       [127.36194427009688, 36.37543612214546, 91.81192507129163],
       [127.36196584298658, 36.37542772224447, 96.13486481178552],
       [127.36197328928660, 36.37541087678472, 96.94246193580329],
       [127.36196183953462, 36.37542628822364, 97.54673422686756],
       [127.36193340797018, 36.37543007020523, 95.41405462753028],
       [127.36193651280747, 36.37543012492015, 96.22278374806046],
       [127.36195796282040, 36.37543825536852, 95.75229867268354],
       [127.36196712621197, 36.37544394036835, 94.58332005701959],
       [127.36196837338041, 36.37542934214537, 96.97978634107858],
       [127.36199530453005, 36.37540765494012, 101.74270491767675],
       [127.36198884724752, 36.37538885738382, 103.84913651272655],
       [127.36195586381491, 36.37541661198474, 95.01009349431843],
       [127.36195960865385, 36.37542551596194, 95.16476759966463],
       [127.36197552902790, 36.37544121712371, 99.27140596695244],
       [127.36197921705210, 36.37543252176689, 98.23380270320922],
       [127.36196959976876, 36.37543500209889, 98.00753068178892],
       [127.36195135596162, 36.37543075335067, 98.57405805028975],
       [127.36195258226921, 36.37542346350618, 97.46283966675401],
       [127.36193010594627, 36.37542700827362, 99.28446088265628],
       [127.36197179861087, 36.37543861370262, 100.38241543807089],
       [127.36200153343680, 36.37541486647088, 106.62702402658761],
       [127.36199197195191, 36.37541554947153, 103.24044376518577],
       [127.36197074309112, 36.37542251340825, 101.70911363605410],
       [127.36195760627498, 36.37543805060956, 100.91681621409953],
       [127.36195014866234, 36.37543348721675, 96.69455860927701],
       [127.36197567038317, 36.37543532623404, 98.24576569721103],
       [127.36195103663179, 36.37544496037849, 94.04074546135962],
       [127.36197063125898, 36.37543476873567, 96.65890305023640],
       [127.36198056326805, 36.37541788959448, 100.30230723693967],
       [127.36197962316476, 36.37542404093549, 105.20853243488818],
       [127.36197436319661, 36.37543134833433, 102.41593044437468],
       [127.36196516862054, 36.37544614683839, 101.41721237357706],
       [127.36195261487755, 36.37544038063586, 97.62184249609709],
       [127.36194839859175, 36.37545442618827, 90.16738516930491],
       [127.36193778186991, 36.37546142211695, 93.28943742066622],
       [127.36196129567922, 36.37546009141145, 94.28847472090274],
       [127.36196291331170, 36.37545817890097, 96.35000461153686],
       [127.36198353468782, 36.37545488611761, 100.05986727308482],
       [127.36199467999283, 36.37543140893080, 100.90739943552762],
       [127.36196508849405, 36.37544705265456, 98.50579988211393],
       [127.36195569446964, 36.37545213181708, 93.87146375887096],
       [127.36192832936122, 36.37545667665492, 91.37731842137873],
       [127.36194062815358, 36.37542364268768, 101.97698444779962],
       [127.36194436832459, 36.37544512562090, 97.87875661626458],
       [127.36195059859142, 36.37543826099390, 95.89327745605260],
       [127.36197358632465, 36.37542695118460, 105.44238789379597],
       [127.36196972050078, 36.37543479943087, 96.32420813757926],
       [127.36194913378446, 36.37544188568342, 96.08322641812265],
       [127.36195387150664, 36.37543151481183, 101.11583886761218],
       [127.36196354535925, 36.37544063048978, 102.12286547943950],
       [127.36195585853491, 36.37545196708306, 97.30683672800660],
       [127.36193123439631, 36.37544559503004, 98.04707828722894],
       [127.36196528561126, 36.37541897510393, 99.38028275221586],
       [127.36194248379032, 36.37543390838719, 94.77226442284882],
       [127.36195176880571, 36.37542531982334, 94.90454582963139],
       [127.36197732305685, 36.37541097549819, 101.97606675885618],
       [127.36198021084510, 36.37540791006990, 102.80152843240649],
       [127.36196342901503, 36.37541305146699, 99.22516558784992],
       [127.36195278151142, 36.37541809749820, 97.44841998722404],
       [127.36194836569099, 36.37539604541546, 103.61013600602746],
       [127.36193994536339, 36.37540767005776, 97.03518300224096],
       [127.36195675794274, 36.37541735506569, 98.97078264132142],
       [127.36193716808457, 36.37545167788198, 93.63639018964022],
       [127.36193974369678, 36.37542972783914, 99.51029155589640],
       [127.36193444279036, 36.37542308112376, 95.95170210767537],
       [127.36196134784656, 36.37540317897273, 100.99000642169267],
       [127.36197700161942, 36.37540017823964, 99.10337450634688],
       [127.36197122777598, 36.37539865992828, 100.52947687357664],
       [127.36195649474000, 36.37541299261134, 98.76798887457699],
       [127.36193238960527, 36.37544499099643, 92.28226929996163],
       [127.36196593957879, 36.37543353322318, 93.75554318912327],
       [127.36195040196057, 36.37543352875741, 91.47129988297820],
       [127.36195614653315, 36.37541067774162, 94.32467684429139],
       [127.36193986757573, 36.37542881731423, 98.12985417991877],
       [127.36196582503682, 36.37541832421246, 100.25241106748581],
       [127.36198760870535, 36.37541025854890, 100.02382078859955],
       [127.36198967853927, 36.37541203750109, 100.10876452736557],
       [127.36196433373071, 36.37541901221874, 98.29882880952209],
       [127.36194808532640, 36.37542320044485, 95.50804670993239],
       [127.36192571974247, 36.37543509187969, 88.74937275610864],
       [127.36195090861197, 36.37543755653297, 91.00463619641960],
       [127.36197217549011, 36.37540988335368, 97.87052494194359],
       [127.36196720589858, 36.37540971418385, 94.19617266021669],
       [127.36197090518287, 36.37542808370016, 95.49972825031728],
       [127.36196563864283, 36.37541798151920, 92.81338450592011],
       [127.36195793965607, 36.37540955147981, 93.15049764607102],
       [127.36195044305158, 36.37542028521420, 91.89812458120286],
       [127.36195576072126, 36.37541561183778, 93.64222695678473],
       [127.36196467736656, 36.37542314947770, 95.33536758553237],
       [127.36194680098605, 36.37543268758596, 97.00727902818471],
       [127.36193880914125, 36.37540436924753, 96.00719030294567],
       [127.36195155362647, 36.37539405502928, 96.21854170039296],
       [127.36195819511819, 36.37539144285858, 100.71694229822606],
       [127.36193426456337, 36.37540627111954, 95.86171204596758],
       [127.36193406810975, 36.37541380461801, 94.86780830286443],
       [127.36193778213770, 36.37541710987405, 92.18929491005838],
       [127.36195212048541, 36.37540425433907, 95.13611820526421],
       [127.36194457301740, 36.37539214903239, 96.40298539400101],
       [127.36192169614726, 36.37540297342887, 98.28494423627853],
       [127.36190799519838, 36.37541504975211, 103.16314425319433],
       [127.36190114572703, 36.37540782014485, 98.58478036615998],
       [127.36192507653169, 36.37542006878675, 96.28351306635886],
       [127.36194026701936, 36.37541023667743, 104.95539796352386],
       [127.36192150463791, 36.37543379512523, 98.27167560067028],
       [127.36194458736684, 36.37542685736935, 100.17482252977788],
       [127.36194675568785, 36.37541479185465, 101.90176739264280],
       [127.36193916830628, 36.37542613382698, 99.61785003170371],
       [127.36192633977659, 36.37542914972408, 101.28575455397367],
       [127.36191356718828, 36.37543395543525, 94.54958279244602],
       [127.36191737379637, 36.37543422523864, 96.20994489546865],
       [127.36192921444130, 36.37543284696687, 95.40681091323495],
       [127.36192251893188, 36.37541718663981, 98.32360765431076],
       [127.36191681084074, 36.37541730957194, 98.79942858498544],
       [127.36192671173328, 36.37542627264477, 99.49276094697416],
       [127.36193117674064, 36.37544228778903, 96.65459900628775],
       [127.36190826431580, 36.37545796874409, 96.24604913219810],
       [127.36190620750568, 36.37543005554139, 97.42899863515049],
       [127.36190042537443, 36.37542509662861, 97.04035048093647],
       [127.36189933838274, 36.37545812444673, 92.29676432814449],
       [127.36191615523705, 36.37545519333138, 94.67071585170925],
       [127.36194285494092, 36.37542857021356, 95.91060774121433],
       [127.36194415664475, 36.37540398982109, 110.45570087060332],
       [127.36192446281530, 36.37541919035269, 101.03187311533839],
       [127.36192681482666, 36.37544484809494, 94.26967026665807],
       [127.36192848409422, 36.37543460665782, 98.10151695646346],
       [127.36190396501922, 36.37544411030594, 94.80457157455385],
       [127.36190401655826, 36.37544704682085, 98.04097211360931],
       [127.36189759253139, 36.37545000695835, 99.81535378284752],
       [127.36189852540988, 36.37547163727968, 95.94986334070563],
       [127.36191179594557, 36.37544266410349, 99.00334449950606],
       [127.36192672314823, 36.37543669705616, 102.51242132298648],
       [127.36192132268603, 36.37544356808140, 102.33482857421041],
       [127.36190966045322, 36.37544904075158, 96.97622566483915],
       [127.36189540145085, 36.37546394111020, 93.05318383313715],
       [127.36191463996491, 36.37545613221315, 98.12077095359564],
       [127.36192219113977, 36.37544427423880, 108.19284591265023],
       [127.36191030777908, 36.37543745052881, 105.17227258998901],
       [127.36192710841574, 36.37542620595328, 100.77480287291110],
       [127.36193186204012, 36.37543437929185, 98.68623057287186],
       [127.36191610646070, 36.37544316923653, 95.74572378117591],
       [127.36190954210318, 36.37544979671822, 100.93331766501069],
       [127.36189903303277, 36.37543528385931, 106.53770110197365],
       [127.36189678019676, 36.37543369768176, 101.53926428686827],
       [127.36188319395497, 36.37544329858305, 98.21989629138261],
       [127.36189635764305, 36.37543894405231, 101.96406261157244],
       [127.36188586446282, 36.37545395862276, 100.87731533031911],
       [127.36188784275447, 36.37544415870803, 103.61666028480977],
       [127.36189663493948, 36.37543702442975, 98.98742934409529],
       [127.36186511137967, 36.37545041280200, 90.57553769927472],
       [127.36186978466723, 36.37545624684139, 95.88188213203102],
       [127.36188736617514, 36.37545281766076, 103.40331155620515],
       [127.36187333179181, 36.37545804066613, 105.03849434107542],
       [127.36188648010487, 36.37544693427440, 104.86187616828829],
       [127.36189302918861, 36.37545317961540, 99.31101788021624],
       [127.36189474923515, 36.37544434423065, 102.63506575394422],
       [127.36185435894801, 36.37543059361199, 101.23106046672910],
       [127.36187662978006, 36.37544418552295, 99.98118971567601],
       [127.36187053944820, 36.37544053705132, 98.10931920912117],
       [127.36187687764554, 36.37546329910579, 96.19254463538527],
       [127.36189600353492, 36.37542849651584, 105.51231734454632],
       [127.36189975453547, 36.37543122692688, 100.49590769689530],
       [127.36186709311399, 36.37544118839623, 102.45889963489026],
       [127.36185087627226, 36.37545601552398, 97.48276146501303],
       [127.36186137781516, 36.37545840179679, 96.38338545802981],
       [127.36186478835478, 36.37543259388422, 98.70473384764045],
       [127.36189389589863, 36.37542469415324, 97.47661939449608],
       [127.36188616115403, 36.37541705815396, 101.36987050343305],
       [127.36186397693528, 36.37543146148188, 101.43786048609763],
       [127.36188108393661, 36.37542481126948, 98.87794929929078],
       [127.36187543490568, 36.37542838028386, 99.44405534677207],
       [127.36187507250715, 36.37543987858960, 94.75833772588521],
       [127.36187819897869, 36.37542276964020, 95.57319792732596],
       [127.36185380301437, 36.37541829274359, 92.84856076631695],
       [127.36185325028713, 36.37540687164606, 96.58046258985996],
       [127.36185618362551, 36.37542001150404, 96.60963843204081],
       [127.36185549141689, 36.37542850778384, 95.30711198318750],
       [127.36189649877433, 36.37541926337470, 102.67173431813717],
       [127.36191581225624, 36.37542038867205, 103.17331252619624],
       [127.36188974792901, 36.37542806872123, 102.43142941594124],
       [127.36186415750244, 36.37543726525050, 94.16718066483736],
       [127.36188032102390, 36.37544808143560, 87.01048647612333],
       [127.36187690295949, 36.37544724482683, 88.97358482610434],
       [127.36188115705568, 36.37546047235604, 87.57752493862063],
       [127.36187109154896, 36.37545880055639, 93.49879299569875],
       [127.36189503693657, 36.37544189637231, 100.20689727831632],
       [127.36189159690402, 36.37547143470517, 96.33601722028106],
       [127.36188584567869, 36.37546746364948, 96.23214116878808],
       [127.36188007386937, 36.37546915854556, 90.01804557535797],
       [127.36189784137932, 36.37543580622376, 93.25211805943400],
       [127.36188044206145, 36.37545683748023, 92.29094449616969],
       [127.36188544229647, 36.37545395022791, 95.54236175771803],
       [127.36187398796073, 36.37544944865338, 93.29698119498789],
       [127.36185842113865, 36.37546130719046, 90.58369689434767],
       [127.36186328245351, 36.37547032068110, 88.86681915540248],
       [127.36188977609348, 36.37544873140892, 95.86262132506818],
       [127.36187419449831, 36.37545958318507, 91.09156762901694],
       [127.36186496212963, 36.37545704079584, 93.98436190839857],
       [127.36186818265276, 36.37544501043065, 97.85642969794571],
       [127.36186639111931, 36.37544255822658, 93.82965003326535],
       [127.36186578617229, 36.37545334997342, 91.54207326006144],
       [127.36185977113419, 36.37547118274021, 89.92465005628765],
       [127.36188386740291, 36.37545524599108, 87.47424339223653],
       [127.36185344763614, 36.37545586055138, 90.56514208670706],
       [127.36189263204999, 36.37543810326770, 96.51327626034617],
       [127.36189384795121, 36.37545108080776, 88.77241105493158],
       [127.36185887458764, 36.37544855116929, 86.74196450039744],
       [127.36186907027934, 36.37544889640674, 90.87508929986507],
       [127.36184549101337, 36.37544720267137, 93.02157387416810],
       [127.36184848024912, 36.37545060452651, 92.26401799730957],
       [127.36185853773760, 36.37544157606825, 94.18666925560683],
       [127.36185367173563, 36.37543812614801, 94.59484150912613],
       [127.36184674525288, 36.37543979600294, 94.33985712844878],
       [127.36186600650871, 36.37542043796576, 96.51595715899020],
       [127.36187205944486, 36.37543590490115, 91.75893157534301],
       [127.36187739267773, 36.37542958395893, 91.20343779306859],
       [127.36188504347975, 36.37543412142264, 96.72999445162714],
       [127.36189452137847, 36.37542891753663, 98.73923780675977],
       [127.36188544287559, 36.37543266610380, 100.10563406441361],
       [127.36189954367805, 36.37543050933358, 103.10953448619694],
       [127.36188536846142, 36.37544594820865, 95.38106030691415],
       [127.36187905043511, 36.37545840828611, 89.92650672700256],
       [127.36188669865689, 36.37545115521814, 85.46973436325788],
       [127.36185256216190, 36.37547751555588, 85.21851164847612],
       [127.36187754992208, 36.37546026660071, 90.65062152221799],
       [127.36190528824341, 36.37547699609978, 88.60480748116970],
       [127.36187614656151, 36.37548421069101, 84.34276454336941],
       [127.36185654178935, 36.37548121521564, 72.27272892184556],
       [127.36188055399813, 36.37546017410665, 76.21085648983717],
       [127.36189618844753, 36.37543946569703, 87.06225647870451],
       [127.36188927199196, 36.37546086857324, 89.22801278159022],
       [127.36187030839997, 36.37548205131812, 80.68783699721098],
       [127.36188844863446, 36.37545971063200, 84.43993830401450],
       [127.36188243004794, 36.37546071596593, 83.73064006492496],
       [127.36188505881664, 36.37546592953058, 81.41811526194215],
       [127.36190079174898, 36.37547460132922, 84.41464810259640],
       [127.36193135074699, 36.37543864385806, 89.88254530914128],
       [127.36192282150965, 36.37544347969697, 91.31984038092196],
       [127.36188927083556, 36.37549940759255, 78.27867169305682],
       [127.36186300839977, 36.37550225638527, 75.32778552453965],
       [127.36184780980084, 36.37548198721625, 76.44067296758294],
       [127.36185466868535, 36.37547834093373, 71.03841382823884],
       [127.36187639952729, 36.37547862602128, 77.55767076648772],
       [127.36188757236829, 36.37546807287380, 83.02878163941205],
       [127.36189424705269, 36.37545722664166, 87.88372040353715],
       [127.36190419659020, 36.37545019557025, 86.65059840958565],
       [127.36187939679942, 36.37546233596780, 80.03469768259674],
       [127.36185488775300, 36.37548060890936, 77.68983431532979],
       [127.36185149511512, 36.37547915047290, 82.73246423900127],
       [127.36186409083827, 36.37548204144338, 79.15576419606805],
       [127.36185079404575, 36.37546124880642, 81.36436799820513],
       [127.36186185095714, 36.37546667762129, 75.43432637769729],
       [127.36185947828956, 36.37544975777602, 80.52504364401102],
       [127.36185434085681, 36.37544761029856, 82.05447068344802],
       [127.36185897355038, 36.37544979422908, 85.81707845907658],
       [127.36185972358862, 36.37544053769239, 89.22919290978462],
       [127.36188980315464, 36.37544161134574, 90.15643689315766],
       [127.36185894551815, 36.37545025801021, 83.36954733543098],
       [127.36184844135212, 36.37545920063778, 81.81330667436123],
       [127.36186230473523, 36.37544721884892, 85.59351206012070],
       [127.36188406291053, 36.37545769850626, 89.89796894136816],
       [127.36187405087530, 36.37547131693923, 84.36889217980206],
       [127.36188295547846, 36.37545835536147, 86.48156526125968],
       [127.36189218526468, 36.37544828079350, 89.08961681555957],
       [127.36187235031447, 36.37546592590739, 80.66766748297960],
       [127.36185745125964, 36.37547416595963, 77.65364128723741],
       [127.36187689146945, 36.37546568632818, 79.68963190913200],
       [127.36189881924227, 36.37545565908280, 87.77825623005629],
       [127.36191085703604, 36.37544905706524, 86.40516788326204],
       [127.36189531125521, 36.37546977171748, 81.94851939287037],
       [127.36189598114716, 36.37548860911023, 80.27504998445511],
       [127.36189083829041, 36.37549238480619, 74.92866779025644],
       [127.36186912797066, 36.37549222146104, 68.63601391483098],
       [127.36188452177690, 36.37548288286229, 72.67092508915812],
       [127.36187684475337, 36.37547965627662, 78.51715265680104],
       [127.36187445363841, 36.37548919006684, 78.51026822812855],
       [127.36190391320108, 36.37549960612563, 74.63805190101266],
       [127.36191102243053, 36.37549724951529, 79.77294307015836],
       [127.36189391026164, 36.37550945422605, 81.15651357546449],
       [127.36190764578437, 36.37551743548238, 81.09154081437737],
       [127.36186475216844, 36.37551501798788, 74.88510432653129],
       [127.36187147791946, 36.37551258105358, 76.92519041337073],
       [127.36191248962000, 36.37550027262062, 82.88935291115195],
       [127.36190642895789, 36.37549934172601, 80.84006711747497],
       [127.36191556407476, 36.37551542474642, 80.14374333526939],
       [127.36190506976085, 36.37549544222659, 82.48658892977983],
       [127.36190906099223, 36.37548637396336, 81.31415430735797],
       [127.36190351582484, 36.37549526501541, 78.61197446752340],
       [127.36190673849030, 36.37550391173880, 78.91629015747458],
       [127.36186541361705, 36.37550397283403, 76.63170643337071],
       [127.36188950635545, 36.37548814028413, 82.10468300245702],
       [127.36191120413827, 36.37548814790760, 85.43255195859820],
       [127.36192110053842, 36.37549424287108, 86.35665595717728],
       [127.36190900366232, 36.37549720700061, 82.19387385249138],
       [127.36189115684148, 36.37551042997226, 75.00864873174578],
       [127.36187572902914, 36.37551927059798, 71.38549728505313],
       [127.36188128494680, 36.37548125438698, 78.36641089990735],
       [127.36189177120552, 36.37549217700852, 79.34866449516267],
       [127.36188749664498, 36.37549136049572, 77.48485848773271],
       [127.36192379276804, 36.37548382360757, 80.70007970836014],
       [127.36194567123110, 36.37548360820880, 82.49026654381305],
       [127.36193233722256, 36.37549046575252, 78.97944418527186],
       [127.36188118265387, 36.37552209709995, 72.50852583255619],
       [127.36186999775391, 36.37554232963066, 67.74880681186914],
       [127.36189763969246, 36.37550594528776, 79.98561250325292],
       [127.36190930370326, 36.37548660866346, 78.87684207875282],
       [127.36186969568914, 36.37549029565650, 73.21147325914353],
       [127.36187396422308, 36.37551442391596, 72.70765019673854],
       [127.36189893162133, 36.37550729811769, 79.46161476708949],
       [127.36191286667753, 36.37549968488995, 79.51657959260046],
       [127.36191179549394, 36.37547551729821, 84.75565121788532],
       [127.36185729475010, 36.37549890304515, 73.02181639242917],
       [127.36190542447834, 36.37549058707730, 79.04282492864877],
       [127.36188883507111, 36.37550700651611, 80.23218605108559],
       [127.36190951626932, 36.37548223283098, 83.99526791460812],
       [127.36189975061606, 36.37547519782721, 82.18460875656456],
       [127.36189609125088, 36.37547678542460, 79.29318932350725],
       [127.36191970272948, 36.37547260569168, 84.03806499391794],
       [127.36189825557284, 36.37547493734934, 80.61517474520952],
       [127.36189867198409, 36.37548806997742, 77.30995145346969],
       [127.36186942150071, 36.37551440884926, 75.13068315852433],
       [127.36184736426205, 36.37548440331302, 74.97199335321784],
       [127.36186272141671, 36.37548431849773, 76.79373819660395],
       [127.36186739646712, 36.37550333853375, 72.35088759288192],
       [127.36186972064129, 36.37549389164101, 75.56968513783067],
       [127.36188442508875, 36.37548759105172, 79.02431997004896],
       [127.36190175054675, 36.37545455196738, 88.27672660443932],
       [127.36189401933201, 36.37546741628290, 85.23907900322229],
       [127.36187944183654, 36.37547962097038, 84.36113188788295],
       [127.36188507841196, 36.37547058127040, 82.61678341962397],
       [127.36190374188024, 36.37546440451807, 84.41623560804874],
       [127.36188137552058, 36.37549514022907, 77.74446672294289],
       [127.36187937668292, 36.37548595326940, 78.13801009487361],
       [127.36185914629715, 36.37548435697794, 77.30529391486198],
       [127.36184543783325, 36.37546770290926, 76.64560308493674],
       [127.36184475136693, 36.37548588508542, 73.82461691461504],
       [127.36185106307771, 36.37546574315191, 78.12605216912925],
       [127.36188709448552, 36.37544969922136, 86.21309887338430],
       [127.36189500244406, 36.37543964563859, 90.68204211629927],
       [127.36187334570995, 36.37543306330630, 91.17913755401969],
       [127.36185512081764, 36.37546060584770, 81.05913131590933],
       [127.36187471331716, 36.37545683687376, 75.54228205699474],
       [127.36189503453896, 36.37545105664600, 81.46878860797733],
       [127.36186637488940, 36.37546215446172, 78.25028490088880],
       [127.36184788030739, 36.37545368590530, 79.62636862415820],
       [127.36186064647576, 36.37544662957934, 84.67338365968317],
       [127.36184388462684, 36.37546380703169, 81.71131107397377],
       [127.36186422768974, 36.37542162660630, 92.18388103879988],
       [127.36183433336159, 36.37541924265428, 89.02216951642185],
       [127.36186091484642, 36.37542876006155, 89.12184397503734],
       [127.36183138772554, 36.37546074422849, 85.71970950532705],
       [127.36186573799829, 36.37543490998310, 91.60678574908525],
       [127.36187050253416, 36.37542923255542, 92.94489752501249],
       [127.36189018820853, 36.37539258313281, 100.15128412470222],
       [127.36189570622832, 36.37540036256311, 97.90114197041839],
       [127.36188376353505, 36.37542588679648, 93.11482587922364],
       [127.36185400023942, 36.37543408997718, 92.66037971060723],
       [127.36184602796105, 36.37540233114858, 100.88114312477410],
       [127.36185648848290, 36.37540857108453, 102.56510960776359],
       [127.36185348660001, 36.37541432549222, 98.58109043259174],
       [127.36184784035795, 36.37542569948963, 94.72103642858565],
       [127.36181969152956, 36.37545113281629, 91.59909223113209],
       [127.36184393961963, 36.37542746899727, 97.59069020487368],
       [127.36185556644165, 36.37544279452182, 98.08676129207015],
       [127.36188798116709, 36.37543642636940, 97.34998199436814],
       [127.36188876022577, 36.37542229882767, 97.40488277841359],
       [127.36187398977351, 36.37542259379841, 96.01826748251915],
       [127.36186875195233, 36.37542334753586, 99.46863295976073],
       [127.36186575624042, 36.37542636480911, 99.70373925939202],
       [127.36187814022148, 36.37544474187482, 93.92662287596613],
       [127.36189189431191, 36.37544154083476, 96.75041728280485],
       [127.36187721966377, 36.37542074830048, 101.37048482988030],
       [127.36190089757774, 36.37540409241772, 103.60447376407683],
       [127.36189387117379, 36.37540623353301, 106.96907192002982],
       [127.36188154159564, 36.37541222168319, 100.99102207086980],
       [127.36188907294246, 36.37542144621298, 100.87711446173489],
       [127.36186299479168, 36.37542270425933, 94.61235967651010],
       [127.36185843487259, 36.37542765061814, 93.78100719396025],
       [127.36187983095844, 36.37541188930726, 98.77182801347226],
       [127.36187046308410, 36.37540902632857, 100.38124439306557],
       [127.36190726928375, 36.37541928764549, 103.33534333202988],
       [127.36191706673578, 36.37538935575218, 107.25855025928468],
       [127.36190313259753, 36.37540444412174, 104.66604808159173],
       [127.36186380451953, 36.37543807010859, 97.99000903684646],
       [127.36185313233872, 36.37544412399254, 93.65105940774083],
       [127.36187261394325, 36.37543351714704, 96.09836602210999],
       [127.36188096292852, 36.37542518876496, 98.87800812534988],
       [127.36190723816334, 36.37542531805242, 100.37499813362956],
       [127.36191435329428, 36.37540436620224, 104.10246663913131],
       [127.36188415446311, 36.37542424199323, 100.48386174719781],
       [127.36187469973271, 36.37542712184002, 102.76416536141187],
       [127.36188571658491, 36.37541746702223, 102.96982421446592],
       [127.36188790289077, 36.37541959295761, 104.01052847970277],
       [127.36190918988805, 36.37541376627089, 101.23801954369992],
       [127.36189130819217, 36.37543842690625, 94.87886762153357],
       [127.36186667464787, 36.37544432621651, 95.33775575552136],
       [127.36188921015088, 36.37544667876131, 96.78944273758680],
       [127.36189991539577, 36.37543276029453, 98.69447477161884],
       [127.36191471874434, 36.37539784832989, 94.34003984928131],
       [127.36189855155831, 36.37544312893928, 97.06157470028847],
       [127.36189400287550, 36.37546524158008, 110.28209432121366],
       [127.36188764056992, 36.37542522046047, 106.64473220054060],
       [127.36190511785422, 36.37542720166650, 102.04409524053335],
       [127.36188956707412, 36.37543008119795, 91.43894318863750],
       [127.36187816375194, 36.37544084579361, 97.81934047769755],
       [127.36188715323330, 36.37545500099213, 106.54212818667293],
       [127.36188529760688, 36.37544864668753, 103.26270410418510],
       [127.36188204119735, 36.37544372403733, 91.67334428150207],
       [127.36186349474622, 36.37544730973985, 90.20658397767693],
       [127.36186695863499, 36.37542780936039, 88.08853640593588],
       [127.36185247124210, 36.37548298827329, 91.63684330135584],
       [127.36188176865579, 36.37548143034009, 107.40067800041288],
       [127.36189334305062, 36.37547644255348, 108.72927305474877],
       [127.36185036835731, 36.37545734079077, 90.61487958300859],
       [127.36187486027197, 36.37543035338174, 95.44305235706270],
       [127.36190562819877, 36.37544036326473, 100.37896176520735],
       [127.36188962611908, 36.37543847105994, 96.63676190283149],
       [127.36186592941436, 36.37544876458072, 98.97197724413127],
       [127.36186435577719, 36.37543626745738, 95.56514946650714],
       [127.36187568672844, 36.37543018399148, 98.11672093439847],
       [127.36188092094584, 36.37541235080628, 106.35802987683564],
       [127.36188715881318, 36.37543837336979, 98.66815720219165],
       [127.36187958895478, 36.37544653173680, 98.41645394079387],
       [127.36184182347236, 36.37547964473123, 104.48125619441271],
       [127.36184659297311, 36.37541479224048, 92.47347618453205],
       [127.36184949954313, 36.37544092062262, 83.29316612984985],
       [127.36185433129027, 36.37544349590843, 93.01218283269554],
       [127.36187272402194, 36.37543360706629, 87.80223431903869],
       [127.36184933652034, 36.37544673727721, 87.02221331838518],
       [127.36186768854255, 36.37544471396166, 92.51383732073009],
       [127.36187001632752, 36.37544943819663, 89.10869245138019],
       [127.36186495095519, 36.37544933707794, 82.15044687781483],
       [127.36185946455582, 36.37542389229191, 80.94956670142710],
       [127.36187709366156, 36.37543788652128, 82.57357159256935],
       [127.36187729263229, 36.37543171878029, 85.02165565732867],
       [127.36188480335893, 36.37544321352352, 85.21214061789215],
       [127.36187048345289, 36.37543374006138, 85.98636458069086],
       [127.36189031677668, 36.37544754862594, 92.37250208016485],
       [127.36187484603626, 36.37545379919148, 87.06503260415047],
       [127.36188409031779, 36.37544023805239, 91.01865510828793],
       [127.36187724609275, 36.37542484382062, 77.39413377270103],
       [127.36186932662606, 36.37544026035599, 85.06441433634609],
       [127.36184223288731, 36.37545322851173, 78.65574845392257],
       [127.36186939015101, 36.37545993301774, 68.57852449733764],
       [127.36188317696215, 36.37545305911747, 71.88077592663467],
       [127.36187129951490, 36.37543827650478, 78.31300637032837],
       [127.36188043442549, 36.37542361507265, 88.11706370115280],
       [127.36186843273848, 36.37542769961329, 87.43372065201402],
       [127.36188544229509, 36.37541822860505, 84.35879834555089],
       [127.36187252435414, 36.37541029077424, 74.56644322909415],
       [127.36184566077627, 36.37543604060780, 69.44818861782551],
       [127.36184485216319, 36.37545517400381, 72.96739252842963],
       [127.36185618546847, 36.37545431953266, 73.36866995505989],
       [127.36187213637723, 36.37543361731630, 73.69654987752438],
       [127.36187732694840, 36.37543948131042, 75.56349566951394],
       [127.36188089621058, 36.37543137222951, 80.77010425925255],
       [127.36187586789544, 36.37542003986091, 82.72222089674324],
       [127.36186118998432, 36.37541388476266, 82.78503599762917],
       [127.36187035810732, 36.37541508399230, 80.99694829806685],
       [127.36185317424685, 36.37543973051338, 75.28110403288156],
       [127.36185123111591, 36.37543804170133, 64.64576526265591],
       [127.36187974442964, 36.37540095910981, 61.98769533447921],
       [127.36188545933864, 36.37539298357503, 70.13675246108323],
       [127.36186976734494, 36.37539641215305, 76.60371227748692],
       [127.36189340315784, 36.37537776292874, 81.18928559776396],
       [127.36186252964168, 36.37545024512183, 80.79258934594691],
       [127.36185976986521, 36.37543410779150, 79.32070884015411],
       [127.36186984291123, 36.37542760408274, 74.95734715461731],
       [127.36184005595240, 36.37546714507226, 73.20169316045940],
       [127.36185420398930, 36.37542475486462, 71.37614616192877],
       [127.36185576755517, 36.37542598497962, 77.76383790746331],
       [127.36186797055599, 36.37541475285903, 76.16698738932610],
       [127.36185287920313, 36.37543324691104, 82.15851641539484],
       [127.36185386835426, 36.37540547580549, 70.93396186549217],
       [127.36185697266075, 36.37540451415178, 75.60144801251590],
       [127.36185845153756, 36.37545191442819, 76.49994068033993],
       [127.36184022193507, 36.37545922941489, 73.96880575828254],
       [127.36185416301258, 36.37543880489889, 80.90064577013254],
       [127.36185644247836, 36.37544393420529, 77.94928999803960],
       [127.36183955755949, 36.37546467312862, 76.25671056006104],
       [127.36184160264905, 36.37547998590421, 76.38044738769531],
       [127.36185387746377, 36.37544052187811, 83.64872782584280],
       [127.36184034595942, 36.37547637232569, 93.50491375476122],
       [127.36184792817083, 36.37549686186961, 100.53634943906218],
       [127.36183409638967, 36.37549376980920, 98.77190435491502],
       [127.36183738120685, 36.37546796371873, 84.90035090502352],
       [127.36186368387284, 36.37543352625478, 93.02874740120023],
       [127.36186360636117, 36.37545606907208, 89.62096639815718],
       [127.36189442999206, 36.37543696360957, 87.38751461356878],
       [127.36185506753851, 36.37547417253796, 89.43363212049007],
       [127.36182359970735, 36.37551683377379, 88.44938479829580],
       [127.36182672681153, 36.37547998563216, 79.63155877217650],
       [127.36187207863838, 36.37543493267470, 81.94166036695242],
       [127.36188423019105, 36.37544061019032, 77.61317316908389],
       [127.36187602193820, 36.37543628009514, 77.98390569817275],
       [127.36185180260247, 36.37545468621276, 81.61664367280900],
       [127.36184904952390, 36.37550291302592, 96.52041872404516],
       [127.36186504947824, 36.37547161587469, 97.12806582171470],
       [127.36187213126827, 36.37544847974790, 91.48206682596356],
       [127.36184182992342, 36.37549785074206, 96.87961880117655],
       [127.36187396655920, 36.37547369478708, 91.11086862254888],
       [127.36185867768626, 36.37547598288899, 86.97135311644524],
       [127.36188016866961, 36.37546989866728, 91.23301579337567],
       [127.36187927425971, 36.37544966189891, 89.87083551567048],
       [127.36185646894306, 36.37544161082324, 85.88081686757505],
       [127.36185241617341, 36.37542811677091, 87.58434612117708],
       [127.36189189339787, 36.37540309527951, 93.17311048693955],
       [127.36188444160531, 36.37543280407355, 98.97002579830587],
       [127.36188600410270, 36.37542393641525, 97.75968566164374],
       [127.36189092195886, 36.37540363203221, 101.64217775315046],
       [127.36189380457407, 36.37541620207318, 92.48251389339566],
       [127.36186207889294, 36.37545674145974, 89.53982230462134],
       [127.36184186140073, 36.37545622817083, 83.66627260483801],
       [127.36184411846999, 36.37544672860968, 93.05595894437283],
       [127.36186640801004, 36.37543144970831, 98.52349058166146],
       [127.36187742716160, 36.37544183873236, 93.08914074860513],
       [127.36187582695335, 36.37543999187545, 94.29469481203705],
       [127.36185545031184, 36.37545830713310, 92.69927758816630],
       [127.36186674742301, 36.37545356743051, 97.03543795645237],
       [127.36184088014443, 36.37548653940773, 98.71277942229062],
       [127.36184465332285, 36.37546849207381, 101.28802135121077],
       [127.36185915362321, 36.37547242304991, 95.77893052808940],
       [127.36185610196067, 36.37550802189909, 96.61845365818590],
       [127.36185138823828, 36.37549344162495, 94.45794481504709],
       [127.36185618581520, 36.37549879204239, 103.42819198593497],
       [127.36184377643423, 36.37551304010411, 98.19459990784526],
       [127.36185348287317, 36.37547892008301, 96.73532992415130],
       [127.36184419710528, 36.37546182905636, 101.32743802201003],
       [127.36185720321585, 36.37548587989499, 112.25201114360243],
       [127.36184084704503, 36.37547686436200, 90.03398057166487],
       [127.36182488946437, 36.37548526721956, 95.93906207662076],
       [127.36185075386540, 36.37547267526445, 94.76519134920090],
       [127.36184523239571, 36.37550288171890, 95.00422010384500],
       [127.36185521199803, 36.37548937322968, 91.46684710960835],
       [127.36184783691112, 36.37549330815429, 92.33262154366821],
       [127.36183369774592, 36.37549402332620, 89.66470658592880],
       [127.36182844179257, 36.37552234996176, 96.70655513554811],
       [127.36181933726775, 36.37551937655174, 100.46004738286138],
       [127.36186069482515, 36.37548239806087, 100.95126087218523],
       [127.36185284625800, 36.37548744753266, 88.41042285412550],
       [127.36184593611175, 36.37549732474770, 95.12471385672688],
       [127.36184820688192, 36.37549792292040, 88.41482422780246],
       [127.36185021077105, 36.37547813499506, 88.68629157543182],
       [127.36186059005601, 36.37545951954342, 87.68600926455110],
       [127.36185003499210, 36.37546993809925, 85.22398372832686],
       [127.36187347579130, 36.37545838763082, 85.10571036115289],
       [127.36188864226398, 36.37545206784755, 83.20921773836017],
       [127.36189974153584, 36.37545064517188, 85.75888611190021],
       [127.36187207188375, 36.37544020672609, 78.30196487344801],
       [127.36186338924695, 36.37546106238512, 84.13670629449189],
       [127.36188058843118, 36.37544751312570, 79.92404483444989],
       [127.36186486199519, 36.37545142808401, 81.24329081922770],
       [127.36184383091341, 36.37547555482455, 84.30603541713208],
       [127.36183000073008, 36.37548424986824, 81.58190522529185],
       [127.36185553458503, 36.37546891531749, 88.72646013461053],
       [127.36186893420297, 36.37544389989236, 76.87147216126323],
       [127.36188781515557, 36.37544865223362, 76.65867260284722],
       [127.36188074700611, 36.37543849268150, 82.58168043009937],
       [127.36184541859014, 36.37547369439047, 78.64098921045661],
       [127.36183683111180, 36.37546797128760, 88.60792912077159],
       [127.36183498820265, 36.37542786007975, 83.53134343214333],
       [127.36184098725576, 36.37544883408449, 85.33828726783395],
       [127.36185597983790, 36.37541441398488, 75.57745937723666],
       [127.36184118531743, 36.37543713382556, 87.16437751520425],
       [127.36183756145115, 36.37543677080193, 84.68318503256887],
       [127.36181780925196, 36.37543848644280, 75.74171399883926],
       [127.36183525447602, 36.37540945545833, 74.77680906280875],
       [127.36183271061874, 36.37542639673825, 73.88754118420184],
       [127.36185968530944, 36.37544083401111, 73.19459601212293],
       [127.36185977449910, 36.37546201216185, 84.47901613451540],
       [127.36183721863736, 36.37548102670571, 84.36946482770145],
       [127.36183046960744, 36.37547803538899, 85.59865858126432],
       [127.36185195906550, 36.37546074917800, 81.88325865380466],
       [127.36182212976856, 36.37549477325851, 86.28769256267697],
       [127.36184422512694, 36.37546742797569, 85.42097394634038],
       [127.36185685078433, 36.37546336304165, 87.12437192909420],
       [127.36186003570242, 36.37547031019003, 91.11566484719515],
       [127.36186095684334, 36.37547206639011, 91.29020707309246],
       [127.36186419636778, 36.37545970157009, 86.09942306857556],
       [127.36187425519320, 36.37543318075134, 84.52453927323222],
       [127.36187219385563, 36.37544333089033, 79.55737573560327],
       [127.36187537366149, 36.37544443023952, 76.28193666040897],
       [127.36186647429552, 36.37543792094647, 73.56025871261954],
       [127.36188772746196, 36.37540394429853, 80.79072895646095],
       [127.36186796526724, 36.37543346156301, 86.45126661937684],
       [127.36186346890020, 36.37543130051291, 81.55442231055349],
       [127.36187109716987, 36.37544705803972, 86.91610369645059],
       [127.36186240143053, 36.37543750780888, 90.04654448293149],
       [127.36187712527764, 36.37539863378824, 80.89889573585242],
       [127.36189609461393, 36.37540417254318, 89.48979546595365],
       [127.36188612200935, 36.37539051040959, 86.72805997729301],
       [127.36187241704417, 36.37541942139075, 93.26314614620060],
       [127.36188220898282, 36.37540119714951, 95.65813100337982],
       [127.36187664661234, 36.37539497351404, 99.26192856673151],
       [127.36186481790251, 36.37540829009755, 93.60238103289157],
       [127.36189104806854, 36.37542793340008, 98.10178814455867],
       [127.36185250294531, 36.37541939985182, 95.18770150747150],
       [127.36186844072546, 36.37541073616011, 83.42961621470749],
       [127.36185616208465, 36.37544862592062, 92.70040436089039],
       [127.36187413848050, 36.37541936341871, 96.33867328613997],
       [127.36187208183723, 36.37540695824822, 98.46216561459005],
       [127.36185229878949, 36.37541772062935, 88.65667619276792],
       [127.36186709475525, 36.37543647652360, 88.97782419156283],
       [127.36186809797734, 36.37542910345774, 98.58022654987872],
       [127.36186270794201, 36.37542550184231, 97.45025595556945],
       [127.36186651792973, 36.37542031065234, 92.21900052297860],
       [127.36188664931140, 36.37542104504868, 91.94738903362304],
       [127.36187376543111, 36.37543465013434, 101.33394861966372],
       [127.36187325001045, 36.37546676296962, 115.12540289759636],
       [127.36187896320460, 36.37544439353164, 105.66391699854285],
       [127.36186498442687, 36.37545328788355, 99.91871603298932],
       [127.36189312559819, 36.37541900990178, 94.90023362729698],
       [127.36187635007927, 36.37543739302215, 96.46495049819350],
       [127.36188395976592, 36.37542811397338, 96.58842643629760],
       [127.36187161059549, 36.37545026809192, 100.95770046673715],
       [127.36188975265124, 36.37541041669347, 95.73329140245914],
       [127.36188214076135, 36.37543338649216, 91.20676313340664],
       [127.36187701537180, 36.37543288700346, 99.44178068079054],
       [127.36187737780946, 36.37545922170257, 110.28076158650219],
       [127.36188081754757, 36.37546252461754, 107.18715678621083],
       [127.36188600863458, 36.37544149495601, 101.36362434737384],
       [127.36188608232300, 36.37544506321037, 100.54382585082203],
       [127.36188525085340, 36.37545893095638, 101.98663295526057],
       [127.36188639359341, 36.37544375293523, 101.53239112440497],
       [127.36190447809491, 36.37542185732470, 97.52673967089504],
       [127.36189593510969, 36.37540340392625, 89.86223175935447],
       [127.36188999712824, 36.37540598646724, 88.28528804425150],
       [127.36190350682487, 36.37542100508452, 92.64047660306096],
       [127.36191045848572, 36.37543254217383, 98.23440201207995],
       [127.36190505901716, 36.37543588484787, 95.67554851714522],
       [127.36191160364794, 36.37542303709278, 103.04205312486738],
       [127.36188459461147, 36.37545657442987, 101.67694847099483],
       [127.36188733108527, 36.37544900851641, 100.21194671094418],
       [127.36189020644670, 36.37548652892696, 98.74863541126251],
       [127.36192234799645, 36.37544653258739, 93.76698776613921],
       [127.36192110714978, 36.37548973542194, 103.00072343181819],
       [127.36188052058814, 36.37548694734195, 101.33585573825985],
       [127.36185128302512, 36.37549271089620, 98.59592391829938],
       [127.36186046288374, 36.37550376668385, 105.35856278054416],
       [127.36187078134834, 36.37546530297082, 95.81725545413792],
       [127.36188021554601, 36.37548367033613, 88.66211892571300],
       [127.36188681161421, 36.37550044350786, 89.51948479190469],
       [127.36187232974714, 36.37551201714965, 96.89846365898848],
       [127.36188157315175, 36.37554343853119, 103.68656076118350],
       [127.36188431667389, 36.37552591890666, 104.43842836190015],
       [127.36189891656964, 36.37547306065818, 100.76906604412943],
       [127.36190366383995, 36.37548143419003, 95.61528175417334],
       [127.36189388675709, 36.37551695965535, 96.58805468957871],
       [127.36191551555581, 36.37548293952675, 92.00387441087514],
       [127.36192208126981, 36.37547187213472, 91.88856245391071],
       [127.36191362757812, 36.37548602984031, 92.55390242952853],
       [127.36190680286020, 36.37550048927762, 89.85881817061454],
       [127.36188697865825, 36.37554389009139, 96.12467841245234],
       [127.36189686734605, 36.37552606441817, 100.26449271012098],
       [127.36188770800361, 36.37553817188633, 104.82341790292412],
       [127.36189066193585, 36.37554989520445, 102.75890600029379],
       [127.36190004802573, 36.37554498690391, 104.15712848957628],
       [127.36189845349070, 36.37552769092963, 96.97311979345977],
       [127.36190326297620, 36.37549952415548, 94.91177419573069],
       [127.36189087777456, 36.37552568179252, 100.09568005520850],
       [127.36191131366802, 36.37552325650816, 90.06295983120799],
       [127.36191145569424, 36.37552285115871, 92.09649624768645],
       [127.36191174671454, 36.37553202219238, 97.76523243077099],
       [127.36189468035784, 36.37553275535517, 101.15167389810085],
       [127.36189718772872, 36.37552117648255, 99.00591638404876],
       [127.36191688529051, 36.37547172706602, 96.36647708248347],
       [127.36190122054533, 36.37550142354597, 91.87101098988205],
       [127.36190191470139, 36.37550403524476, 96.49553688056767],
       [127.36193240546761, 36.37548792475546, 97.80477733351290],
       [127.36192227176039, 36.37550633055223, 90.37834184151143],
       [127.36193155563402, 36.37550811152353, 97.34978076722473],
       [127.36191891893951, 36.37551536495555, 95.34773740917444],
       [127.36192418205039, 36.37556315431602, 98.58729496784508],
       [127.36192309751780, 36.37552710385796, 97.27315297350287],
       [127.36190350516087, 36.37552124707644, 106.09197940677404],
       [127.36190581100935, 36.37552848740687, 103.97043546847999],
       [127.36189717413896, 36.37552123852213, 97.10257301107049],
       [127.36189996522521, 36.37552232760873, 102.55496925674379],
       [127.36188822058200, 36.37554880510359, 103.37914992682636],
       [127.36189245770279, 36.37555048495985, 103.03051353059709],
       [127.36188525120173, 36.37554029378013, 102.66748890001327],
       [127.36190035716427, 36.37554734399248, 107.38956994190812],
       [127.36189310668870, 36.37556894147898, 105.56523287389427],
       [127.36191363861593, 36.37554647298521, 110.95149380993098],
       [127.36189345584003, 36.37555963676740, 120.48582340311259],
       [127.36189525940772, 36.37553748842743, 114.16091061569750],
       [127.36189860186910, 36.37553306982867, 114.15046328399330],
       [127.36187512289467, 36.37553731021580, 114.46276855282485],
       [127.36186192250140, 36.37557761382615, 118.37049492076039],
       [127.36184504571463, 36.37559307196459, 121.05085929296911],
       [127.36186130344305, 36.37555909188898, 114.77958117984235],
       [127.36187938928667, 36.37555684579998, 102.87931568827480],
       [127.36188934197584, 36.37553532733175, 103.70387046039104],
       [127.36188039013889, 36.37553606408304, 99.97541547100991],
       [127.36186207126694, 36.37555632295480, 98.26989279035479],
       [127.36188654092064, 36.37552777964411, 103.40685352217406],
       [127.36188785689009, 36.37554464286201, 109.11918699741364],
       [127.36189267973501, 36.37555710341339, 110.60882712621242],
       [127.36188473251019, 36.37556423533568, 111.96212834585458],
       [127.36186494235761, 36.37556882710896, 107.69173344597220],
       [127.36187480838389, 36.37552634596064, 110.10478093568236],
       [127.36185696328198, 36.37553692484676, 117.11606598831713],
       [127.36187458662160, 36.37555435991755, 120.93665125221014],
       [127.36189499101170, 36.37553979568142, 114.23475151788443],
       [127.36188544123554, 36.37554381057384, 107.92506827786565],
       [127.36187110794324, 36.37557546990545, 113.44050428830087],
       [127.36185329833680, 36.37556148043193, 107.82537728641182],
       [127.36185594791256, 36.37556311073492, 109.15571097098291],
       [127.36187636545118, 36.37554231241144, 116.64515216369182],
       [127.36186961344055, 36.37552835598434, 108.72107178531587],
       [127.36186826668566, 36.37555335537117, 125.82690781168640],
       [127.36187834720614, 36.37555654534290, 124.04188289120793],
       [127.36187684899429, 36.37553667434205, 119.86104521248490],
       [127.36188057184100, 36.37552112428561, 116.04586126841605],
       [127.36188646877739, 36.37549674270627, 118.21213951054960],
       [127.36187589400269, 36.37551244230731, 112.33771446812898],
       [127.36187393135882, 36.37549250759485, 110.07060810178518],
       [127.36186632791912, 36.37551245177458, 114.28765620384365],
       [127.36187777085402, 36.37553333681027, 109.04578214045614],
       [127.36188801472925, 36.37553113627518, 106.41198464110494],
       [127.36187600959451, 36.37552413307743, 115.53772762231529],
       [127.36188135019189, 36.37553207546033, 118.97902615182102],
       [127.36188241946338, 36.37555441553549, 115.07011825498194],
       [127.36188383521520, 36.37555555216709, 113.23253529984504],
       [127.36188281302201, 36.37553973932597, 106.87471612356603],
       [127.36187325302629, 36.37552962883289, 110.32836246211082],
       [127.36187517569728, 36.37552611891023, 114.65230708848685],
       [127.36185774804407, 36.37554955386500, 108.52669970225543],
       [127.36184127148191, 36.37557763548393, 113.26823793165386],
       [127.36185135816021, 36.37555768246676, 115.72758459392935],
       [127.36186465633652, 36.37557925189049, 125.07686707843095],
       [127.36186381258119, 36.37558882435105, 116.07277314644307],
       [127.36187382794185, 36.37554829749251, 112.75390752777457],
       [127.36186836047310, 36.37553426606976, 109.44389978609979],
       [127.36184741917594, 36.37555068251960, 115.24047174211591],
       [127.36186725898474, 36.37555884365204, 120.86746804881841],
       [127.36185702573133, 36.37555478150463, 110.46546796243638],
       [127.36186207086436, 36.37550925297683, 104.89454292505980],
       [127.36186299668128, 36.37553278774913, 117.35760978981853],
       [127.36183349691919, 36.37555013698788, 120.69482019171119],
       [127.36184244034192, 36.37555063612782, 111.74366034474224],
       [127.36186418744572, 36.37552597705351, 108.78777273651212],
       [127.36186586360314, 36.37552195589066, 107.29345608223230],
       [127.36187710842532, 36.37551107513242, 109.03577141184360],
       [127.36187214318977, 36.37550172953042, 112.44189938995987],
       [127.36186075946732, 36.37550400239881, 99.68811836652458],
       [127.36186523965348, 36.37547475462726, 96.42429345473647],
       [127.36185695519140, 36.37547165053638, 96.30884373094887],
       [127.36186434881785, 36.37546706331049, 103.80608661007136],
       [127.36187520894150, 36.37547408024011, 104.61236057523638],
       [127.36187020756303, 36.37549794662399, 108.25822790432721],
       [127.36186789568863, 36.37550738680327, 104.19688349962234],
       [127.36187504661906, 36.37549152520352, 101.48608044348657],
       [127.36188969608607, 36.37546825392150, 105.80380593612790],
       [127.36187855975982, 36.37548763217296, 103.61009098403156],
       [127.36186345058366, 36.37547443035822, 100.17207196913660],
       [127.36184433528875, 36.37552343618953, 98.55728403106332],
       [127.36186612365611, 36.37552712196818, 105.82620718423277],
       [127.36185604595613, 36.37552300925512, 103.32573059108108],
       [127.36184012938256, 36.37552276067210, 102.83018723782152],
       [127.36185735636570, 36.37551614026895, 97.50788971688598],
       [127.36187925070828, 36.37548840223727, 99.07093610800803],
       [127.36186804183718, 36.37550262226623, 102.75556211452931],
       [127.36186557186369, 36.37552646931197, 107.56013269536197],
       [127.36185140201715, 36.37553886029693, 101.45341008622199],
       [127.36183881968682, 36.37553494926086, 95.80550259537995],
       [127.36183070280103, 36.37550802618091, 98.23383183218539],
       [127.36183618618277, 36.37549426499907, 91.95821694657207],
       [127.36183803809364, 36.37551084529061, 97.55474587716162],
       [127.36187113848759, 36.37546356760769, 96.73456174600869],
       [127.36187215401834, 36.37547423436710, 101.91987175401300],
       [127.36184417480438, 36.37546700858103, 92.46550032030791],
       [127.36185301439225, 36.37547263487990, 96.18252591602504],
       [127.36184661971875, 36.37549166757058, 100.11145111452788],
       [127.36184148928952, 36.37550106424115, 97.29894534312189],
       [127.36182982498532, 36.37551627422112, 100.09145322069526],
       [127.36182876389549, 36.37549300668982, 98.22314618434757],
       [127.36183696106754, 36.37549605753233, 98.34614527598023],
       [127.36183883095363, 36.37546512958394, 94.38640933297575],
       [127.36185627855704, 36.37542045790057, 98.34645712561905],
       [127.36183905341073, 36.37542443103379, 99.77720657922328],
       [127.36184176536737, 36.37544276977405, 91.48520775698125],
       [127.36185968260625, 36.37542672771067, 97.61131195910275],
       [127.36180514764855, 36.37548536800469, 101.49506602343172],
       [127.36180768299339, 36.37546085718250, 98.98784831911325],
       [127.36182997600821, 36.37544806330752, 98.83074253425002],
       [127.36181059514159, 36.37544183214643, 96.26751375943422],
       [127.36182101571697, 36.37542406875911, 101.90547762345523],
       [127.36183697348021, 36.37541050886644, 101.01323342509568],
       [127.36178565244516, 36.37543773677663, 101.91916746925563],
       [127.36180012101006, 36.37543904878004, 102.49036849197000],
       [127.36182715808147, 36.37544115454570, 97.03720238711685],
       [127.36182451580218, 36.37542720194713, 100.83982771169394],
       [127.36183093970619, 36.37543879417126, 105.93850206676871],
       [127.36183553384291, 36.37543338813462, 102.96967350598425],
       [127.36182806034694, 36.37543346906300, 99.11562434770167],
       [127.36183456106882, 36.37542837033573, 94.95091995410621],
       [127.36184377751812, 36.37546565669354, 100.48890564311296],
       [127.36184799451735, 36.37543214521894, 94.42086243443191],
       [127.36185839762402, 36.37541473769485, 96.68303475249559],
       [127.36183793712141, 36.37544839459503, 101.20244630984962],
       [127.36184104324556, 36.37544818308999, 99.32154221367091],
       [127.36185105463231, 36.37540441875843, 102.95982649363577],
       [127.36184232345856, 36.37539518895299, 108.30063122138381],
       [127.36184235682120, 36.37542508025764, 112.73083325289190],
       [127.36183189462146, 36.37546436029822, 104.00360960047692],
       [127.36182074247762, 36.37545488199931, 92.85039924178272],
       [127.36182699938662, 36.37547921199186, 95.51185362972319],
       [127.36182192813416, 36.37548474798514, 97.13287126272917],
       [127.36183796002743, 36.37545630608160, 106.88400016631931],
       [127.36183828684675, 36.37550207291670, 98.11033808719367],
       [127.36184201753338, 36.37545088110002, 95.34372304473072],
       [127.36185871827419, 36.37543427789579, 100.10415058769286],
       [127.36184579405362, 36.37544012128812, 99.49000014178455],
       [127.36185955549915, 36.37545309722989, 96.95494415983558],
       [127.36186518385520, 36.37542528446429, 94.31972484756261],
       [127.36184761605730, 36.37550013192633, 103.17144856229424],
       [127.36186664355787, 36.37549052741320, 93.03565229289234],
       [127.36186372136041, 36.37544036839706, 90.06455984618515],
       [127.36186712536092, 36.37547979411961, 104.97899947874248],
       [127.36188149049450, 36.37547774653640, 107.81928174849600],
       [127.36187740589573, 36.37548256602830, 99.23347879387438],
       [127.36186300429743, 36.37549066544463, 105.14724162500352],
       [127.36184968265896, 36.37550421543030, 98.88559959735721],
       [127.36186724620850, 36.37546978104957, 98.33425773214549],
       [127.36186003352051, 36.37542223841169, 101.20340056158602],
       [127.36188622663268, 36.37541811435575, 99.12134306039661],
       [127.36188718969237, 36.37543781067180, 104.68863919377327],
       [127.36185496049302, 36.37547095666799, 104.71327255852520],
       [127.36187098074058, 36.37546954646128, 106.59357727877796],
       [127.36187932881329, 36.37544128883939, 96.77525352500379],
       [127.36186575412412, 36.37545694824550, 93.70980295073241],
       [127.36186615491700, 36.37542809691331, 90.73722738586366],
       [127.36187147570814, 36.37543239522938, 92.84133099392056],
       [127.36186766032762, 36.37543211285092, 97.88206646312028],
       [127.36189676798438, 36.37541559590678, 97.21950215380639],
       [127.36187741778278, 36.37544742095227, 91.68900235090405],
       [127.36186747853006, 36.37544665301731, 97.66158804669976],
       [127.36187713664884, 36.37548145212933, 101.72747443057597],
       [127.36186968637426, 36.37545312710049, 95.56437777820975],
       [127.36186470831714, 36.37544646720919, 88.79083303641528],
       [127.36185638702351, 36.37544263737315, 96.11169890593737],
       [127.36184647332855, 36.37548097777797, 99.22812469489872],
       [127.36187374127047, 36.37548419416503, 91.25974890869111],
       [127.36186169145148, 36.37547501960135, 93.73665644973516],
       [127.36187287838906, 36.37550142341462, 98.92973615881056],
       [127.36188662486748, 36.37549268943222, 102.62093871552497],
       [127.36186931418933, 36.37548668788610, 101.02713895030320],
       [127.36187414972669, 36.37547637625639, 95.21263062860817],
       [127.36188234590931, 36.37550139391446, 92.66659463383257],
       [127.36189004026578, 36.37546645201115, 87.00370574928820],
       [127.36185542798444, 36.37548574348875, 87.90612715668976],
       [127.36185069167902, 36.37550615499062, 88.21251819562167],
       [127.36185820650095, 36.37551403651137, 99.12427378445864],
       [127.36184497444481, 36.37551921570167, 96.58068278804421],
       [127.36186296552029, 36.37549974253685, 98.37158028408885],
       [127.36186911766634, 36.37548151828861, 94.89606627449393],
       [127.36187563325851, 36.37546898780415, 83.18098230473697],
       [127.36189046005366, 36.37545604097998, 86.70363598968834],
       [127.36186593664453, 36.37547260198127, 86.41227646172047],
       [127.36187566839287, 36.37546634092225, 87.19745295494795],
       [127.36186394664368, 36.37547622273313, 97.98244135081768],
       [127.36189246056080, 36.37546113119293, 103.46269309893250],
       [127.36189771980528, 36.37547799309544, 102.76081486325711],
       [127.36188789751746, 36.37550369205567, 100.10411611478776],
       [127.36190019259125, 36.37547350267459, 91.47421544045210],
       [127.36190525228733, 36.37546353969517, 92.74867882579565],
       [127.36190401194052, 36.37544483608096, 90.64609600417316],
       [127.36191784694635, 36.37544966591454, 86.42623482458293],
       [127.36190064793422, 36.37544935968505, 82.89832690637559],
       [127.36188807729343, 36.37544595377474, 89.06419682037085],
       [127.36190954541755, 36.37540212648024, 78.64039361849427],
       [127.36190986456496, 36.37545521613529, 87.27257070690393],
       [127.36187247233839, 36.37547569944370, 90.40549692977220],
       [127.36186496072884, 36.37548883030584, 82.45535888615996],
       [127.36187278678227, 36.37545571657600, 84.56706325896084],
       [127.36187384250543, 36.37549932662498, 85.43266213778406],
       [127.36188465142801, 36.37548421164010, 86.56145938113332],
       [127.36188888723697, 36.37546229109121, 86.74340033438057],
       [127.36191523788432, 36.37545663245817, 84.56133465003222],
       [127.36190493225575, 36.37548346238876, 87.64376618620008],
       [127.36188801653209, 36.37545863064062, 88.16224830038846],
       [127.36191955397086, 36.37547548120569, 89.77992652636021],
       [127.36190953291980, 36.37546026867001, 85.17831927537918],
       [127.36190235712161, 36.37545526840968, 88.28207825683057],
       [127.36190427417360, 36.37549557196640, 86.44024821743369],
       [127.36190383691915, 36.37548713290438, 86.31013768445700],
       [127.36190415005072, 36.37547893727199, 91.42301554512233],
       [127.36190045870504, 36.37548692421005, 83.67615896742791],
       [127.36189993783081, 36.37548865163932, 82.02853984571993],
       [127.36187937249373, 36.37549936618310, 85.54125267639756],
       [127.36188916485678, 36.37549559783385, 90.95213101059198],
       [127.36188233131357, 36.37550676809435, 80.49002100713551],
       [127.36189764317029, 36.37551078302506, 76.55715602077544],
       [127.36189885240977, 36.37548174066063, 81.54577356856316],
       [127.36188833678868, 36.37551292076405, 79.93128531984985],
       [127.36188926291457, 36.37553776191685, 83.76920809596777],
       [127.36190141929671, 36.37551522370951, 88.07308527920395],
       [127.36191590168742, 36.37550431013159, 82.62519534863532],
       [127.36189917559309, 36.37551666074514, 86.69622178655118],
       [127.36187598107176, 36.37554135458555, 86.35627223271877],
       [127.36188048032636, 36.37548155599054, 84.61175780557096],
       [127.36185992943415, 36.37551394940336, 84.09351550135761],
       [127.36187194241843, 36.37551509356560, 82.85773836262524],
       [127.36189857840372, 36.37550433892346, 78.31428458075970],
       [127.36190010289546, 36.37550066017933, 81.27689887583256],
       [127.36191129471936, 36.37550150512970, 87.99017252866179],
       [127.36188736091329, 36.37551581240715, 77.83091636467725],
       [127.36189292948264, 36.37549878292879, 79.89674217067659],
       [127.36191013659770, 36.37549764486621, 80.98074377048761],
       [127.36188452109867, 36.37551924152602, 79.49016006942838],
       [127.36188784964284, 36.37552507866086, 89.41278578527272],
       [127.36190225296669, 36.37551634405622, 90.44413607101887],
       [127.36188320509835, 36.37551402587345, 85.23958151228726],
       [127.36188939792561, 36.37551747669222, 86.55369825381786],
       [127.36187513521769, 36.37551800344382, 90.79894738830626],
       [127.36186303760952, 36.37552225102071, 100.78479572571814],
       [127.36189560533167, 36.37548791192498, 93.32703906297684],
       [127.36187898780969, 36.37553255806306, 88.12658675853163],
       [127.36188855986241, 36.37552314953084, 87.93620384484529],
       [127.36187533120928, 36.37553552443825, 85.72539136372507],
       [127.36189352788223, 36.37550518695576, 80.63521481305361],
       [127.36187012683159, 36.37553963554611, 87.06089794728905],
       [127.36189727501484, 36.37550113156519, 89.21009312476963],
       [127.36190813113427, 36.37548910422128, 86.63335127197206],
       [127.36189628244193, 36.37550013132400, 87.28926954139024],
       [127.36189670511087, 36.37551059262928, 80.35937170777470],
       [127.36187039328568, 36.37554084162838, 88.32132831960917],
       [127.36184658252915, 36.37554795644556, 89.75859083794057],
       [127.36185059540857, 36.37555512031733, 87.93782939948142],
       [127.36187367050474, 36.37551534135821, 84.55270233191550],
       [127.36189696651009, 36.37546586141009, 70.47582299727947],
       [127.36188230010183, 36.37551727857806, 78.25615533627570],
       [127.36189048649146, 36.37552671586474, 89.21749231126159],
       [127.36187271771446, 36.37551659375868, 81.69491233024746],
       [127.36187031920824, 36.37551153148188, 82.57963840011507],
       [127.36187456624381, 36.37551717151849, 87.46232626214623],
       [127.36186761269782, 36.37551933790142, 86.73768553044647],
       [127.36188240885919, 36.37548387467881, 77.35874814912677],
       [127.36189521679009, 36.37545984083813, 75.72817223146558],
       [127.36188339213237, 36.37548482837352, 72.98895881697536],
       [127.36188301708431, 36.37548205528876, 78.26950782071799],
       [127.36188945863303, 36.37546374640870, 86.43333516549319],
       [127.36187359118635, 36.37547766214914, 85.93301777634770],
       [127.36186287334525, 36.37548255048588, 84.51602144725621],
       [127.36188210579601, 36.37547746167854, 79.90318922232836],
       [127.36189322186594, 36.37547902702462, 82.18800549115986],
       [127.36188746789783, 36.37548378088852, 82.95078937429935],
       [127.36185302947487, 36.37547182948614, 81.54522058088332],
       [127.36187170156205, 36.37544774983250, 71.24248164612800],
       [127.36190818843639, 36.37540239004134, 78.78095238376409],
       [127.36189850331475, 36.37540335709054, 81.44529069587588],
       [127.36190663294785, 36.37538547733026, 75.87040369864553],
       [127.36188670602323, 36.37543210885709, 75.06604873295873],
       [127.36188347894176, 36.37542186309962, 78.26488020922989],
       [127.36190396060775, 36.37537386517894, 73.98304460849613],
       [127.36189686327501, 36.37542600105239, 74.79987029731274],
       [127.36191900919994, 36.37545076679242, 76.35532724577934],
       [127.36191963185367, 36.37539825818899, 77.20992983225733],
       [127.36191380129446, 36.37540668485607, 74.06953164003789],
       [127.36192473700974, 36.37540644314583, 73.88238170091063],
       [127.36192998585328, 36.37538633153650, 74.95670913904905],
       [127.36192679231077, 36.37537433450105, 74.59516477491707],
       [127.36190310038758, 36.37540223394863, 70.10038545355201],
       [127.36191592604544, 36.37537336538719, 63.66799208801240],
       [127.36192561827552, 36.37539848563201, 73.67769635934383],
       [127.36191662633412, 36.37539272034839, 70.06726749613881],
       [127.36191368063351, 36.37539187658627, 65.51470384933054],
       [127.36191318781478, 36.37538319566082, 87.21545518469065],
       [127.36193805639080, 36.37540269479511, 82.93579710368067],
       [127.36193855940635, 36.37537061683140, 75.46613752655685],
       [127.36193101571592, 36.37538088931807, 74.19528737664223],
       [127.36191850881083, 36.37538994041040, 72.52571624703705],
       [127.36193260304293, 36.37540153131823, 69.81049762293696],
       [127.36193605014789, 36.37541051822644, 62.86250133905560],
       [127.36194097664379, 36.37539019078056, 71.80151461903006],
       [127.36191856582016, 36.37540277974733, 71.55006837286055],
       [127.36192765856596, 36.37538354996612, 72.43455454241484],
       [127.36191251053553, 36.37540162842718, 65.40566255152225],
       [127.36191066033147, 36.37541936310866, 68.70312992110848],
       [127.36193868745785, 36.37536642745744, 67.49019219353795],
       [127.36192901327806, 36.37539757848868, 77.34384789224714],
       [127.36195080793901, 36.37539819259243, 75.74000226985663],
       [127.36194350244648, 36.37543615589846, 72.81390534527600],
       [127.36192382508519, 36.37545762236680, 75.34564306121320],
       [127.36193205075487, 36.37545314030964, 78.21120395511389],
       [127.36193626427276, 36.37540888041222, 73.99453905783594],
       [127.36194495620839, 36.37541585484117, 76.35311210434884],
       [127.36192261473828, 36.37540845149053, 74.41358286142349],
       [127.36190188861868, 36.37543392104556, 77.71848890464753],
       [127.36190642106858, 36.37543274732901, 72.98212992120534],
       [127.36190799200017, 36.37543901533039, 73.84287073370069],
       [127.36190350743698, 36.37544448701510, 78.49775621294975],
       [127.36192177321375, 36.37539839688241, 69.55757247097790],
       [127.36192270024451, 36.37540183736466, 77.09086143225431],
       [127.36194308517445, 36.37542743896965, 78.18819184694439],
       [127.36191037156978, 36.37545375904890, 67.86236500181258],
       [127.36190793685047, 36.37544104723786, 67.87089035660028],
       [127.36193575396008, 36.37540165759221, 68.12820051237941],
       [127.36194310288073, 36.37542274755427, 78.77656932361424],
       [127.36192656671426, 36.37545251722439, 83.40348499547690],
       [127.36193006253536, 36.37541904506597, 76.72535270452499],
       [127.36189581073344, 36.37544072981314, 77.84944487549365],
       [127.36191112720540, 36.37540966641446, 82.01569085568190],
       [127.36193067663368, 36.37539884269745, 87.80080456659198],
       [127.36190861985273, 36.37543482754031, 81.14493902865797],
       [127.36191443422948, 36.37540431356622, 88.44959647767246],
       [127.36192329640842, 36.37543049127288, 88.25355886854231],
       [127.36192184089785, 36.37545521384896, 85.75224443711340],
       [127.36193076776721, 36.37542255224587, 94.11972538288683],
       [127.36191863830950, 36.37541947294681, 84.12407789938152],
       [127.36189172488942, 36.37539555637292, 79.74778232909739],
       [127.36188840794811, 36.37544866273412, 84.85420585051179],
       [127.36188577810353, 36.37545553029749, 82.12082506809384],
       [127.36190347952969, 36.37544958838450, 84.61863770056516],
       [127.36190595214104, 36.37545279468655, 90.05546864960343],
       [127.36189739606567, 36.37544418604021, 87.52635867800564],
       [127.36190781139835, 36.37541996898202, 85.43426538351923],
       [127.36191370493152, 36.37540899719983, 85.87568778358400],
       [127.36191670335062, 36.37543461217497, 86.22823252528906],
       [127.36188039763726, 36.37546282316382, 99.35729168727994],
       [127.36187177031414, 36.37547285386313, 96.93753684870899],
       [127.36188500840748, 36.37547183258124, 93.68267485778779],
       [127.36189619797798, 36.37544501378353, 87.74240258522332],
       [127.36189336709333, 36.37544409271814, 94.49869477003813],
       [127.36188586561242, 36.37541633829390, 93.20481572113931],
       [127.36188687598512, 36.37540722042053, 92.59092505369335],
       [127.36190123308960, 36.37541883572503, 90.59965011104941],
       [127.36191355219772, 36.37542142060776, 92.29729842580855],
       [127.36193069149392, 36.37539573746571, 88.90014860406518],
       [127.36192501351539, 36.37539613338539, 86.17322463635355],
       [127.36193083731413, 36.37539119363207, 87.39029013551772],
       [127.36190350856897, 36.37540396145257, 93.10596091300249],
       [127.36189042118501, 36.37542148238997, 97.79430493712425],
       [127.36186795563752, 36.37542384484269, 97.75196382869035],
       [127.36188996735709, 36.37541798108602, 95.22478293068707],
       [127.36189109920761, 36.37543713423235, 94.35383590310812],
       [127.36188064416730, 36.37543643421196, 93.76731378771365],
       [127.36190818553908, 36.37541132577133, 96.43095382396132],
       [127.36190450021986, 36.37539429004239, 99.86490774061531],
       [127.36188922864575, 36.37540373796148, 101.91928297095001],
       [127.36187415839375, 36.37541398481376, 100.26961244828999],
       [127.36187538259826, 36.37542381728825, 97.73187624383718],
       [127.36187331186335, 36.37542712735792, 99.08398935198784],
       [127.36191667364400, 36.37541629741623, 96.66624499019235],
       [127.36191339045170, 36.37541997201747, 97.44452439341694],
       [127.36190327509394, 36.37540101447818, 90.54362018499523],
       [127.36188869136976, 36.37540510307625, 92.99927977938205],
       [127.36189441452416, 36.37539600903400, 101.78215075470507],
       [127.36188613464564, 36.37543346432991, 102.59417842142284],
       [127.36187562055410, 36.37546272435753, 95.95554733555764],
       [127.36187008981217, 36.37544385081337, 95.54974891059101],
       [127.36187999684645, 36.37547424726881, 100.79301047604531],
       [127.36190583486757, 36.37542839076963, 104.04806424770504],
       [127.36187506057165, 36.37547106055155, 103.61248315498233],
       [127.36191032780978, 36.37541812443678, 97.81281718425453],
       [127.36190195060395, 36.37543607814521, 94.82805204764009],
       [127.36188519429106, 36.37546509211083, 105.95056172087789],
       [127.36188847924385, 36.37547726404244, 109.69161792472005],
       [127.36187939496621, 36.37547182929681, 100.90809346642345],
       [127.36187780372418, 36.37546454362285, 103.18569757603109],
       [127.36188637439012, 36.37544828303102, 95.37970633246005],
       [127.36188422950130, 36.37545832880969, 98.36414471548051],
       [127.36187405425684, 36.37544079905738, 104.18908697646111],
       [127.36189503395313, 36.37544503489561, 102.94671803712845],
       [127.36188613104338, 36.37545270486839, 97.39849683828652],
       [127.36186630439570, 36.37548687289407, 104.16299844253808],
       [127.36189325947839, 36.37545133280418, 97.43095733039081],
       [127.36188127638543, 36.37543448664650, 102.10910470131785],
       [127.36189563779368, 36.37542014203798, 90.07486091740429],
       [127.36189008913711, 36.37544039889173, 92.25310719572008],
       [127.36190098168211, 36.37542989361184, 92.42512428388000],
       [127.36190414439920, 36.37545775196030, 89.58338469639421],
       [127.36189403271813, 36.37545157209891, 83.86170980893075],
       [127.36188706654920, 36.37549012132768, 91.11953954026103],
       [127.36187106051563, 36.37549556580975, 91.54492780659348],
       [127.36188132710940, 36.37548542434676, 92.12474111560732],
       [127.36189636876672, 36.37546137670079, 82.74217209219933],
       [127.36191889590471, 36.37544604381356, 88.56501465849578],
       [127.36192098201333, 36.37542426335980, 89.76811338216066],
       [127.36190799650220, 36.37546752163180, 88.72493054438382],
       [127.36188529882692, 36.37552105741874, 94.03023529890925],
       [127.36190418379778, 36.37548618193868, 87.28767531272024],
       [127.36191097377863, 36.37547169080169, 82.10402193758637],
       [127.36191424980753, 36.37548338554826, 86.21405808161944],
       [127.36189991111264, 36.37548962706087, 79.98225401714444],
       [127.36191458396675, 36.37548308942854, 86.21123019047081],
       [127.36192372127597, 36.37548688233505, 83.33499500062317],
       [127.36191422134124, 36.37547528657822, 86.86751935910434],
       [127.36189031937474, 36.37550540081515, 86.65841762162745],
       [127.36188069484550, 36.37553823055015, 86.94421288277954],
       [127.36190573815271, 36.37549312370111, 88.79889300279319],
       [127.36190867856850, 36.37551290937865, 82.79643426649272],
       [127.36191284817767, 36.37550450359896, 78.44549326319247],
       [127.36191202145548, 36.37553128228544, 90.32888733781874],
       [127.36188220375873, 36.37554484490116, 93.74851122684777],
       [127.36190109704938, 36.37552235229295, 91.24755322467536],
       [127.36190911265584, 36.37550938097404, 91.04745518974960],
       [127.36189657823856, 36.37551411877912, 93.98164094239473],
       [127.36189741933001, 36.37549958314735, 89.49234979320318],
       [127.36188633514554, 36.37549166015740, 92.56729595828801],
       [127.36189004793873, 36.37551824113991, 91.04128028173000],
       [127.36191790715118, 36.37546750975230, 90.71148408856243],
       [127.36191271498382, 36.37552000227246, 100.09263549372554],
       [127.36191336915499, 36.37553466927196, 93.81577100697905],
       [127.36189524532438, 36.37553376973443, 92.45377983059734],
       [127.36187421683029, 36.37551457160188, 86.69850193057209],
       [127.36190181461214, 36.37549368285171, 89.41263079084456],
       [127.36191915220813, 36.37549830615152, 88.37300038803369],
       [127.36191488049710, 36.37550776200307, 94.33637430053204],
       [127.36191371882138, 36.37553223555302, 92.91257432475686],
       [127.36189691691006, 36.37555547133321, 95.32473445404321],
       [127.36190334921488, 36.37552574837400, 95.03327262029052],
       [127.36193027221971, 36.37548916810101, 87.64348134212196],
       [127.36191598394640, 36.37549329269847, 85.72315377462655],
       [127.36192435876595, 36.37546066407764, 85.29113851115108],
       [127.36194225733533, 36.37547109659669, 87.69290293101221],
       [127.36193917753174, 36.37549147678153, 93.23739608749747],
       [127.36191408096487, 36.37551237586989, 87.84177049621940],
       [127.36194280655496, 36.37548456623588, 86.79392321500927],
       [127.36193455876794, 36.37551169938844, 87.22183636762202],
       [127.36192804761291, 36.37549577976651, 85.94259588979185],
       [127.36190796599956, 36.37552783717224, 94.51783398725092],
       [127.36189908020862, 36.37551842641605, 93.73106559179723],
       [127.36190590340456, 36.37549587520804, 88.25705918762833],
       [127.36190657022060, 36.37553680171296, 92.53223706874996],
       [127.36189755191698, 36.37553499842143, 89.24248410668224],
       [127.36190165050166, 36.37551706726742, 84.75462059024721],
       [127.36190345022368, 36.37553527581567, 84.08578005339950],
       [127.36190264758541, 36.37555086965448, 82.21611140202731],
       [127.36190305622883, 36.37552231290723, 90.17785426229239],
       [127.36190366378736, 36.37553415508876, 83.38760013971478],
       [127.36190309955856, 36.37552880232969, 85.70173388998955],
       [127.36189605098129, 36.37552102226137, 81.65466086752713],
       [127.36189204799510, 36.37551219712068, 87.66698717512190],
       [127.36190138686273, 36.37550818817501, 87.17919938080013],
       [127.36190694116063, 36.37550669365164, 82.60089755710214],
       [127.36190534620303, 36.37552408783206, 80.46317800693214],
       [127.36194861961327, 36.37546946414587, 74.31409046798944],
       [127.36193739776412, 36.37551124528327, 79.69191863853484],
       [127.36191969016791, 36.37552164168598, 87.15478191711009],
       [127.36191927570579, 36.37552345752002, 83.24329497013241],
       [127.36193325113523, 36.37548874432969, 85.32561896275729],
       [127.36193464922202, 36.37549925140971, 77.67895245086402],
       [127.36191858752619, 36.37549249079767, 86.30831043887883],
       [127.36191460401687, 36.37547504746320, 80.65028958674520],
       [127.36193733123552, 36.37544395669629, 83.05366166029125],
       [127.36191171169298, 36.37549446772021, 86.93848731741309],
       [127.36191028032313, 36.37551149767474, 82.77341564837843],
       [127.36192097817613, 36.37545989296896, 80.41048787999898],
       [127.36192267818393, 36.37544552796820, 82.09638599120080],
       [127.36193945235372, 36.37545629819527, 77.27035491447896],
       [127.36196421058857, 36.37541635978019, 77.59076241124421],
       [127.36194245973532, 36.37549053740797, 86.97330726217479],
       [127.36192449233970, 36.37550133713967, 80.79611714463681],
       [127.36191762106463, 36.37548775694857, 78.40919364895672],
       [127.36191745406012, 36.37547725450047, 83.26069447025657],
       [127.36191809433643, 36.37547762358795, 90.18769413698465],
       [127.36195270064729, 36.37546262783393, 87.63201252464205],
       [127.36194185560082, 36.37544207574711, 79.22537356335670],
       [127.36192657843084, 36.37545052707981, 76.66164631489664],
       [127.36194005731596, 36.37543484485816, 79.67906771227717],
       [127.36195422636314, 36.37544317521231, 86.50193195696920],
       [127.36193363274712, 36.37544618066938, 89.56109836976975],
       [127.36192438623003, 36.37547959881647, 93.79479020740837],
       [127.36192122276340, 36.37548065657293, 93.12460164260119],
       [127.36192229072245, 36.37550254597775, 86.72575178928673],
       [127.36193822523757, 36.37548631394068, 85.78831526450813],
       [127.36193813634597, 36.37548686994023, 93.90359742287546],
       [127.36193374203015, 36.37549889890623, 96.81046031694859],
       [127.36189780317886, 36.37549568912435, 93.07216655928642],
       [127.36190332817641, 36.37549265878982, 87.78045569732785],
       [127.36190434950856, 36.37548282153941, 87.91026595141739],
       [127.36189021504840, 36.37549036171043, 92.47967203985900],
       [127.36191772161514, 36.37549912809465, 92.08099057991058],
       [127.36192656189462, 36.37552528775898, 98.77454832289368],
       [127.36192577307538, 36.37548850419661, 91.55442361999303],
       [127.36192364470544, 36.37549374006230, 82.33413328602910],
       [127.36189905510284, 36.37548087457699, 94.19495087210089],
       [127.36190031217957, 36.37550995604562, 91.36499763466418],
       [127.36191166325001, 36.37551875747186, 97.80435167998075],
       [127.36190385956854, 36.37553474566869, 92.77729618921876],
       [127.36190770477725, 36.37553662613746, 91.99483224749565],
       [127.36191001331898, 36.37549984611667, 98.64066739194095],
       [127.36191952740145, 36.37547823261700, 103.04118467587978],
       [127.36192530662014, 36.37550298983013, 88.88781116623431],
       [127.36191304792673, 36.37549910409733, 89.35613507125527],
       [127.36191773012239, 36.37546423770177, 92.04752009361982],
       [127.36192787186897, 36.37546878859995, 89.29968375619501],
       [127.36191987487672, 36.37546880061058, 99.12649044953287],
       [127.36190216604032, 36.37550299049575, 87.78097307309508],
       [127.36188762707643, 36.37549911800964, 91.52108123060316],
       [127.36192411565750, 36.37546757348102, 91.99399478267878],
       [127.36193121385138, 36.37546464252939, 90.85147244948894],
       [127.36189620476300, 36.37549359811635, 98.07503960002214],
       [127.36190431799091, 36.37550039626829, 95.77677336055785],
       [127.36191806465099, 36.37545987964938, 90.46208621468395],
       [127.36192190372209, 36.37542983590413, 93.32048707827926],
       [127.36190945704938, 36.37544942651579, 89.45335390139371],
       [127.36192385375992, 36.37542474155074, 84.13181275594980],
       [127.36190900357617, 36.37545743738353, 87.29251974634826],
       [127.36189438024246, 36.37544677660399, 86.01332289911807],
       [127.36190084315520, 36.37543936342843, 89.75948648992926],
       [127.36190945387811, 36.37543374883863, 86.70259374286979],
       [127.36191868797819, 36.37541101324720, 92.83192789740860],
       [127.36191160677797, 36.37544185900507, 93.48313399124891],
       [127.36189191263392, 36.37542835292224, 90.74761215131730],
       [127.36189915398448, 36.37541458199139, 92.86109025683254],
       [127.36188943730471, 36.37545693657582, 93.31965095270425],
       [127.36190589962212, 36.37541793038846, 85.51390882581472],
       [127.36190795860281, 36.37541873235754, 89.81270665116608],
       [127.36188503384730, 36.37545462130895, 88.08645580615848],
       [127.36189662575514, 36.37546750194806, 91.14292178209871],
       [127.36187006945003, 36.37545625035090, 84.23925119545311],
       [127.36188758876715, 36.37544707134742, 85.00920724309981],
       [127.36188223255957, 36.37542178561367, 90.62893134076148],
       [127.36185943706377, 36.37542568114112, 88.63129284884781],
       [127.36187472383658, 36.37541597922255, 95.09579159412533],
       [127.36185914750568, 36.37541527233840, 93.29193414561450],
       [127.36185298542058, 36.37541570511511, 84.52400343306363],
       [127.36185968964101, 36.37542917668292, 80.90849850047380],
       [127.36186799958655, 36.37541463873185, 86.17455198056996],
       [127.36188982876601, 36.37541106730945, 79.30676948931068],
       [127.36187976411398, 36.37543991499022, 82.97330347727984],
       [127.36188788103911, 36.37543002484577, 85.54747564904392],
       [127.36186613752682, 36.37542049315178, 95.18097943067551],
       [127.36185143653330, 36.37545316306066, 90.45869103819132],
       [127.36186096406885, 36.37544361056546, 85.11645575333387],
       [127.36187480167537, 36.37543467637325, 83.83799330703914],
       [127.36187450790656, 36.37542126973275, 81.98346039187163],
       [127.36186317503872, 36.37542947760047, 90.44883996900171],
       [127.36186578008170, 36.37540172856099, 85.37685268931091],
       [127.36185023222359, 36.37542176317199, 81.60057224705815],
       [127.36183433321816, 36.37546596153853, 84.82070749532431],
       [127.36187407634796, 36.37537489829032, 87.71855021081865],
       [127.36187246615877, 36.37539131911916, 89.04789918474853],
       [127.36185114611420, 36.37540300758707, 83.44878903683275],
       [127.36186627113945, 36.37541284498698, 83.79045936465263],
       [127.36187516669644, 36.37542105789663, 75.73166017234325],
       [127.36186566952064, 36.37542093852160, 79.04456620384008],
       [127.36187190301037, 36.37543537432271, 86.66425511799753],
       [127.36186884096917, 36.37544031271905, 88.93843666277826],
       [127.36186544407938, 36.37544462224198, 87.07178346626461],
       [127.36186246279291, 36.37542662854835, 93.55178923811764],
       [127.36186453129261, 36.37539081812943, 82.28174304775894],
       [127.36186034251659, 36.37538697998039, 78.41913093347102],
       [127.36185995149515, 36.37542420222977, 77.00795313622802],
       [127.36184974545667, 36.37545782194626, 88.11729232501239],
       [127.36186694911447, 36.37543678181054, 89.97696781717241],
       [127.36188821050750, 36.37540220748721, 86.77554597612470],
       [127.36187370901372, 36.37544278572452, 92.75111942738295],
       [127.36186825189883, 36.37545492800071, 86.66252830531448],
       [127.36188656448483, 36.37540686381520, 84.82607324607670],
       [127.36186230639291, 36.37540462505692, 87.93512625526637],
       [127.36186186623021, 36.37542043881543, 94.23185078892857],
       [127.36187230771206, 36.37544535048534, 91.52270592004061],
       [127.36184971923305, 36.37544520532636, 84.08582305721939],
       [127.36184680126051, 36.37548216229681, 91.18421954009682],
       [127.36183903538218, 36.37544860473682, 93.08213353529572],
       [127.36185174076925, 36.37541796201717, 85.36031714919955],
       [127.36185684710325, 36.37543359272882, 83.28991436585784],
       [127.36185791643668, 36.37546708854800, 96.52336900122464],
       [127.36186064242051, 36.37543497400894, 95.32061560265720],
       [127.36189539298796, 36.37542196648856, 89.61361859273165],
       [127.36187512708163, 36.37545210552611, 95.78391133341938],
       [127.36187903801446, 36.37543556674539, 95.95028147194535],
       [127.36183992241357, 36.37546174601698, 94.92102286498994],
       [127.36184423968551, 36.37548690628574, 92.60195058118552],
       [127.36184248228075, 36.37545746990811, 88.76074296515435],
       [127.36188121828266, 36.37542221576707, 87.50179366674274],
       [127.36185913516437, 36.37544022171733, 86.47642603237182],
       [127.36187617223663, 36.37541107558656, 83.88838315941393],
       [127.36187627389255, 36.37538594629049, 86.89295969251543],
       [127.36187315066704, 36.37541232885322, 90.71854264754802],
       [127.36189072342394, 36.37541640360591, 86.94502140115947],
       [127.36187321612570, 36.37546131480760, 87.87526078429073],
       [127.36186901971853, 36.37543068977381, 80.18840161524713],
       [127.36187311510361, 36.37543241599759, 77.92946323566139],
       [127.36189594071543, 36.37543272979939, 83.78193627204746],
       [127.36189774391939, 36.37540270600326, 85.09877137839794],
       [127.36190610432989, 36.37541414190370, 82.31150329206139],
       [127.36186602333294, 36.37548271272694, 87.09878369607031],
       [127.36188128692544, 36.37543723532437, 85.22915136814117],
       [127.36188837159285, 36.37543450904801, 80.32145162578672],
       [127.36191495233244, 36.37543030632248, 85.57939536496997],
       [127.36187935231861, 36.37543467255009, 78.70066356472671],
       [127.36186039524904, 36.37544551992341, 88.34846237022430],
       [127.36189960109701, 36.37544899328756, 84.16548612061888],
       [127.36190367176256, 36.37543004324222, 88.56645012926310],
       [127.36190403074038, 36.37543522138849, 79.09061369672418],
       [127.36191158072917, 36.37544424365944, 79.56255646236241],
       [127.36187436628205, 36.37546860611609, 82.43783625029027],
       [127.36188858002862, 36.37547830348942, 87.73091127164662],
       [127.36189669139107, 36.37545669636057, 83.58898982405663],
       [127.36192189382037, 36.37546254787718, 77.02290167100728],
       [127.36193319270795, 36.37544305631138, 81.90249325428158],
       [127.36190773553912, 36.37542899225697, 86.52843393851072],
       [127.36190611238533, 36.37542548679376, 80.40959618706256],
       [127.36189655354327, 36.37542101717078, 80.19693644251674],
       [127.36193025612792, 36.37540661591617, 79.60065414197743],
       [127.36191577917539, 36.37543819477386, 72.39226683508605],
       [127.36191698000617, 36.37546907671786, 85.57862718403339],
       [127.36190059221322, 36.37549050482721, 82.90035820845515],
       [127.36188740212951, 36.37549246763854, 84.24590459465981],
       [127.36192243605883, 36.37547006046156, 85.32584915217012],
       [127.36190711409797, 36.37547339074361, 81.61516930069774],
       [127.36190571471293, 36.37548110564482, 75.27149439509958],
       [127.36191468254373, 36.37545618904207, 82.79322022758424],
       [127.36194161583646, 36.37539720423878, 81.91920775268227],
       [127.36191856805247, 36.37543104728621, 81.15714270342141],
       [127.36188981741392, 36.37543623722060, 76.25872359704226],
       [127.36191118215140, 36.37543436461407, 77.46416343376040],
       [127.36190100050736, 36.37543860784231, 79.97923029959202],
       [127.36193971228484, 36.37544208137590, 76.94333954248577],
       [127.36191567396367, 36.37545642846779, 84.08487053774297],
       [127.36189431238061, 36.37544190353912, 91.59166174661368],
       [127.36193901718512, 36.37541318010930, 87.42156375478953],
       [127.36194421078815, 36.37543941339369, 76.14930530078709],
       [127.36190947445795, 36.37544315464990, 88.25492324028164],
       [127.36191671207671, 36.37543402265386, 81.49546801298857],
       [127.36190738325182, 36.37542728617861, 81.36410439759493],
       [127.36191227022391, 36.37547192374821, 80.01740144845098],
       [127.36191841980379, 36.37545686484403, 76.70059206709266],
       [127.36191034949529, 36.37544703462419, 83.43518890347332],
       [127.36190705382658, 36.37544739355047, 84.34286931715906],
       [127.36190381534887, 36.37546687974071, 89.19042635522783],
       [127.36189156839161, 36.37544650039058, 85.70525865908712],
       [127.36190727135009, 36.37545332689602, 84.34852963220328],
       [127.36190933704967, 36.37542453800201, 80.39752628561109],
       [127.36193059010805, 36.37539647776414, 82.22557045519352],
       [127.36193904798701, 36.37542256305339, 86.89187004789710],
       [127.36194948274289, 36.37543026115723, 88.94674361217767],
       [127.36194914606945, 36.37541704730759, 88.28795304801315],
       [127.36191853597695, 36.37544238773061, 77.35956407617778],
       [127.36190868266929, 36.37545267277189, 81.78846011497080],
       [127.36192279760381, 36.37545491802876, 81.10243211686611],
       [127.36195492768024, 36.37541824506844, 86.70224436931312],
       [127.36193834696935, 36.37545763977771, 86.12830740027130],
       [127.36193082431598, 36.37543468263905, 81.05037002079189],
       [127.36193008143633, 36.37544305020517, 79.58770899847150],
       [127.36192634166326, 36.37548195511784, 86.67117999307811],
       [127.36190739229116, 36.37548949248367, 89.37327916081995],
       [127.36193867750688, 36.37545384739719, 84.95882452838123],
       [127.36192981725597, 36.37543554454205, 89.65662626177073],
       [127.36192344728357, 36.37544616279413, 85.72518256772310],
       [127.36193109017823, 36.37542983422924, 82.56287870649248],
       [127.36192727667698, 36.37546237322602, 83.39316690526903],
       [127.36193073644391, 36.37544832141327, 87.64281998202205],
       [127.36192181363715, 36.37544631196209, 87.36888902634382],
       [127.36193252931564, 36.37543639268861, 80.80380697362125],
       [127.36196567406009, 36.37543700815026, 79.70990547817200],
       [127.36193061053582, 36.37546606967506, 85.40524188149720],
       [127.36193593349454, 36.37545150030822, 82.29995066113770],
       [127.36191937579189, 36.37544735327242, 80.79251754190773],
       [127.36192540933995, 36.37542069550103, 81.39129881374538],
       [127.36192656300852, 36.37541304874562, 85.53426576126367],
       [127.36192703339076, 36.37541986471032, 84.66191097907722],
       [127.36193782255748, 36.37541416886977, 83.75175407622010],
       [127.36192657889326, 36.37544806405672, 78.58404713403434],
       [127.36194732841749, 36.37543608560262, 84.17728452477604],
       [127.36192300077921, 36.37545608883086, 82.94719276297837],
       [127.36191415054138, 36.37547089203132, 85.57708374504000],
       [127.36191174007183, 36.37546631593369, 87.44571484625340],
       [127.36189726558329, 36.37547970568481, 88.71012399811298],
       [127.36190300471058, 36.37548147749592, 91.51475132256746],
       [127.36190782414731, 36.37547683216072, 91.53519695531577],
       [127.36188859558209, 36.37547222384956, 89.31850843131542],
       [127.36188903686019, 36.37548613995323, 87.64205528143793],
       [127.36188595369391, 36.37547019096992, 88.39078446384519],
       [127.36189254672125, 36.37548401154301, 91.87641551624984],
       [127.36189459314446, 36.37548867370725, 91.61613585054874],
       [127.36189205434793, 36.37549128484628, 81.06642972026020],
       [127.36187324733643, 36.37551949517064, 88.71694520115852],
       [127.36187740669305, 36.37553537770002, 85.14127683918923],
       [127.36187989113157, 36.37551448810183, 91.54135708231479],
       [127.36188249603453, 36.37550330278347, 93.80402353126556],
       [127.36185850789280, 36.37550131516866, 86.34969277307391],
       [127.36186644166000, 36.37547356185445, 88.72808619122952],
       [127.36186033586267, 36.37550939785068, 94.11070750374347],
       [127.36186579042143, 36.37549104935403, 96.63120057806373],
       [127.36187000155537, 36.37549111989627, 92.86559069063514],
       [127.36187110996777, 36.37549122229417, 90.49999884236604],
       [127.36188103788915, 36.37549687770459, 95.62723091430962],
       [127.36187364203597, 36.37550200027123, 98.30853877030313],
       [127.36186349014497, 36.37552110295124, 95.87295630481094],
       [127.36187673366705, 36.37549804803248, 97.29512957297266],
       [127.36186994856155, 36.37549686976098, 98.07649176754057],
       [127.36188415655914, 36.37550953871537, 97.18729764502496],
       [127.36185915725136, 36.37553124167567, 94.71324864029884],
       [127.36188081241907, 36.37553342427387, 91.88632344454527],
       [127.36189820688691, 36.37549507983663, 90.56003066524863],
       [127.36188913866491, 36.37550674719247, 97.52609365154058],
       [127.36187353877405, 36.37550383154812, 94.85478611476719],
       [127.36187762018527, 36.37551147571791, 91.12762328423560],
       [127.36188222394868, 36.37549616358445, 85.44939672201872],
       [127.36188274208818, 36.37549803366904, 93.40626663342118],
       [127.36187389975159, 36.37551782434038, 100.84964113030583],
       [127.36188599105547, 36.37549064134116, 97.67531273048371],
       [127.36187480201332, 36.37550427234615, 103.94223542604595],
       [127.36188872085857, 36.37548420181773, 97.15684029273689],
       [127.36188485702074, 36.37548605701924, 94.80503688193858],
       [127.36191411581878, 36.37550115580900, 92.04534106515348],
       [127.36192209621107, 36.37547368683916, 93.80924164038152],
       [127.36192175296134, 36.37549783168992, 94.87142685893923],
       [127.36192332157826, 36.37550016859534, 90.66505790967494],
       [127.36189107661161, 36.37553078846821, 103.11222441494465],
       [127.36192694804373, 36.37548667885162, 99.42820738442242],
       [127.36191498560041, 36.37549022019252, 99.01479628030211],
       [127.36192900840945, 36.37547068274708, 96.21361322421581],
       [127.36191301336662, 36.37548558089249, 95.97855600528419],
       [127.36190661903082, 36.37550713427837, 96.75891132373363],
       [127.36191319367771, 36.37546953136536, 95.62985835131258],
       [127.36191165219847, 36.37545002220529, 98.55028349906206],
       [127.36191395493707, 36.37547219590394, 105.94236990716308],
       [127.36189708946505, 36.37550590945423, 100.15195425227284],
       [127.36189727430498, 36.37550256395015, 97.64355673268437],
       [127.36191935791540, 36.37552882824711, 98.70734967105091],
       [127.36190288299225, 36.37551881472687, 106.03779985290021],
       [127.36187471576822, 36.37552891731182, 104.36633428093046],
       [127.36189357750318, 36.37547514848577, 96.43409115262330],
       [127.36190206233847, 36.37548196547049, 99.08599346876144],
       [127.36189166433400, 36.37549363538830, 94.81255935598165],
       [127.36189135480434, 36.37548784973342, 98.09072208125144],
       [127.36190437024780, 36.37546848168025, 99.74760118965060],
       [127.36190975047089, 36.37545615812051, 94.88635870814323],
       [127.36191830415083, 36.37546772405158, 106.20735400915146],
       [127.36191844914232, 36.37548154606697, 103.10761422570795],
       [127.36191126868562, 36.37547088850634, 99.17302318196744],
       [127.36191679175795, 36.37546160261783, 108.72288659028709],
       [127.36191701785182, 36.37546392898253, 103.98635187745094],
       [127.36192376981347, 36.37547046773324, 99.28319642227143],
       [127.36193724719779, 36.37545021180302, 94.94380438514054],
       [127.36195015427681, 36.37543355271337, 91.63359534274787],
       [127.36192923915476, 36.37544061533639, 104.35805356595665],
       [127.36190576550783, 36.37547735575529, 106.29295492172241],
       [127.36191085350450, 36.37550510241009, 106.61398493871093],
       [127.36189167432482, 36.37553097811596, 101.29653444141150],
       [127.36190240015942, 36.37548888794026, 95.19210350606591],
       [127.36190477021670, 36.37544397340908, 85.15259160287678],
       [127.36192889254993, 36.37545752468283, 88.78282104339451],
       [127.36191067420015, 36.37549815688206, 92.35015814285725],
       [127.36191649607952, 36.37551077971252, 90.63877987582237],
       [127.36188891448076, 36.37550907307252, 87.35906062182039],
       [127.36189648420469, 36.37548021009731, 96.05860713776201],
       [127.36191964763920, 36.37548483335200, 97.94583465624601],
       [127.36189546791641, 36.37547409042843, 91.64967891760170],
       [127.36186826317491, 36.37549690790476, 105.21876763738692],
       [127.36187918898335, 36.37550624929526, 101.02800235711038],
       [127.36185940263243, 36.37552282217957, 102.26794274896383],
       [127.36190119970499, 36.37550808855794, 96.07706489227712],
       [127.36191345069713, 36.37549422290022, 91.30753973964602],
       [127.36190662058162, 36.37547990956016, 90.40460995864123],
       [127.36189953117858, 36.37550736012398, 95.35432327911258],
       [127.36189125236629, 36.37549596713631, 101.26549830101430],
       [127.36187469994825, 36.37550518784534, 102.02436366863549],
       [127.36185181157586, 36.37552348331811, 100.17145467083901],
       [127.36183622622791, 36.37553631510018, 97.89315319713205],
       [127.36183355881930, 36.37556695248018, 112.44709423277527],
       [127.36188640237899, 36.37555235912146, 103.51968916691840],
       [127.36187374794463, 36.37555295150514, 108.25728882849216],
       [127.36186282771912, 36.37551091456422, 95.28507865127176],
       [127.36186422158653, 36.37549146576136, 95.98004421032965],
       [127.36187053125998, 36.37552003252522, 100.29570639412850],
       [127.36188893471088, 36.37549660532009, 97.26775590144098],
       [127.36188617144023, 36.37551832502203, 95.42803166061640],
       [127.36188014378399, 36.37554380402322, 92.42962764482945],
       [127.36188246778049, 36.37550953144893, 90.35689385794103],
       [127.36186812851926, 36.37553982524494, 102.04069445282221],
       [127.36186472900238, 36.37553519902396, 105.11757909599692],
       [127.36187947863644, 36.37549703476194, 99.49261150136590],
       [127.36187824238142, 36.37551529934682, 101.86974474694580],
       [127.36188374224503, 36.37550930368918, 103.12443347368389],
       [127.36186565863626, 36.37553354277086, 99.27029146533459],
       [127.36184685623296, 36.37554312063931, 93.63340864703059],
       [127.36186339930437, 36.37552682238653, 89.07014707382768],
       [127.36185852005937, 36.37550005517797, 95.19889894127846],
       [127.36187467559098, 36.37547173707753, 104.14451088476926],
       [127.36187395723115, 36.37547748676358, 100.72595932893455],
       [127.36187188661383, 36.37548634595161, 105.79959028586745],
       [127.36187168448780, 36.37548651978899, 99.28995344974101],
       [127.36184674191324, 36.37549776001987, 102.29368584323674],
       [127.36186918968589, 36.37550098358659, 104.61115661356598],
       [127.36183191693621, 36.37552751906954, 100.43417074251920],
       [127.36185457973639, 36.37550685630607, 107.62656528502703],
       [127.36186856253340, 36.37550360038671, 101.00560549739748],
       [127.36185206665627, 36.37551037142914, 95.83955571707338],
       [127.36187258603866, 36.37552893744348, 95.04919935297221],
       [127.36188987101833, 36.37550346577515, 95.72071969602257],
       [127.36186308421824, 36.37549365239270, 94.54913272708654],
       [127.36185172986204, 36.37552556233371, 97.88391047716141],
       [127.36185494464509, 36.37553660723191, 101.82837179116905],
       [127.36188254065203, 36.37553408758070, 102.69888791441917],
       [127.36187251960568, 36.37555358140621, 100.81899922434241],
       [127.36187982613760, 36.37554093096199, 93.14940878469497],
       [127.36186628468158, 36.37554680808064, 90.11556409019977],
       [127.36188559711292, 36.37552124103150, 88.03562738932669],
       [127.36189520084007, 36.37550281915875, 91.11598318070173],
       [127.36190266174781, 36.37551844626233, 92.05202116258442],
       [127.36189814239097, 36.37556083562231, 91.93632019590586],
       [127.36189985415007, 36.37554538244914, 92.14829746261239],
       [127.36188738097691, 36.37555662495540, 86.66219139378518],
       [127.36187861160202, 36.37555350217499, 94.56995323393494],
       [127.36189550965879, 36.37553306756889, 93.12290708534420],
       [127.36189016751305, 36.37550665186632, 85.51126568578184],
       [127.36189760521908, 36.37551244380626, 77.60377606377006],
       [127.36190860535220, 36.37548475150714, 78.51507023070008],
       [127.36189830829197, 36.37551760235337, 82.47601380385458],
       [127.36187556368655, 36.37552611624264, 87.38439368735999],
       [127.36190867851997, 36.37550274736677, 83.77657118625939],
       [127.36191216216639, 36.37548821562009, 87.63205668143928],
       [127.36191013229946, 36.37548016740238, 95.42469768691808],
       [127.36189692816075, 36.37547077131678, 89.67015527654439],
       [127.36189061462736, 36.37548927175095, 79.15822091326118],
       [127.36188859405723, 36.37550207967375, 88.40066993795335],
       [127.36190412788110, 36.37547641843052, 81.26184550207108],
       [127.36188959383165, 36.37548217915155, 72.93512338027358],
       [127.36189355884014, 36.37546195015504, 85.50555987190455],
       [127.36189946764634, 36.37543702820733, 87.26825919467956],
       [127.36191638615942, 36.37544595805378, 90.08947502449155],
       [127.36188373019101, 36.37550924616509, 89.46237094886601],
       [127.36189840515586, 36.37550272152919, 92.00959133263677],
       [127.36188902412970, 36.37549926345007, 93.33017192687839],
       [127.36187834692240, 36.37550340235948, 85.26033159438521],
       [127.36189773585151, 36.37547091374526, 91.49740589689463],
       [127.36189926391825, 36.37548477317150, 93.02135683223605],
       [127.36190442133200, 36.37546955175368, 88.69871997460723],
       [127.36190023733785, 36.37547549923003, 86.57521182484925],
       [127.36189330239456, 36.37547676092815, 83.15912198368460],
       [127.36189305929794, 36.37547169138984, 90.28021702077240],
       [127.36189144269862, 36.37549709715796, 82.52154963184148],
       [127.36187949649735, 36.37549502569586, 75.45305598247796],
       [127.36188513348651, 36.37546469072284, 79.11746353935450],
       [127.36188738670366, 36.37549714403830, 83.44981117546558],
       [127.36190770990147, 36.37548108265035, 84.53411070350558],
       [127.36191161321337, 36.37549741703595, 92.91425797436386],
       [127.36191141898132, 36.37545940210887, 75.27849927078933],
       [127.36186803407890, 36.37547687675529, 77.87802212685347],
       [127.36188916867667, 36.37545686844995, 76.08088396769017],
       [127.36189860685411, 36.37548808905434, 76.58404095657170],
       [127.36190218008527, 36.37549647542080, 75.21625823806971],
       [127.36188970951849, 36.37548049398139, 69.08372087497264],
       [127.36191232863477, 36.37546648805587, 85.68973812740296],
       [127.36189495131168, 36.37550084469348, 76.23050044849515],
       [127.36189723921584, 36.37549494932718, 78.07124577835202],
       [127.36189137629866, 36.37550229479223, 76.25354676879942],
       [127.36189952261530, 36.37551927526840, 74.50517609249800],
       [127.36190679460393, 36.37551924587668, 70.14759041462094],
       [127.36188287838330, 36.37551623424849, 72.28954737540334],
       [127.36186654161367, 36.37550721052529, 70.88615171704441],
       [127.36187417318285, 36.37549534248625, 71.66163512598723],
       [127.36187732377971, 36.37545637039364, 68.02547880448401],
       [127.36190922366556, 36.37546032075269, 76.90289630554616],
       [127.36189569875816, 36.37546935008881, 76.71419039834291],
       [127.36188433473374, 36.37548673542035, 78.31019910145551],
       [127.36187832395375, 36.37548146278738, 81.68404778838158],
       [127.36186134137343, 36.37550884482361, 80.52265602629632],
       [127.36188384568763, 36.37549637714609, 73.01482273172587],
       [127.36189906608836, 36.37548597193215, 73.73371978010982],
       [127.36189854306130, 36.37547415943531, 78.87311532162130],
       [127.36185218202580, 36.37550121369694, 83.92617280781269],
       [127.36186180174842, 36.37547283315214, 76.45831569563597],
       [127.36188807052933, 36.37546918466215, 84.91458730772138],
       [127.36189242494514, 36.37547434446046, 79.37099519092590],
       [127.36186355737478, 36.37552556180857, 69.83289722446352],
       [127.36185977709803, 36.37550577240408, 64.57483715470880],
       [127.36188755777835, 36.37549900748105, 65.10333112068474],
       [127.36192235664028, 36.37547893096774, 74.45990766584873],
       [127.36189310654069, 36.37548276141285, 70.48350331187248],
       [127.36186641843368, 36.37549633716407, 73.83631687052548],
       [127.36187689243808, 36.37549512685541, 68.18489229120314],
       [127.36187669302467, 36.37545218436691, 73.22402826789767],
       [127.36187693983508, 36.37546713881527, 75.40460185799748],
       [127.36190943561391, 36.37546072851377, 59.11556839384139],
       [127.36190485157846, 36.37549079438171, 61.65360444318503],
       [127.36188405472372, 36.37551410136825, 70.96195880882442],
       [127.36188925288297, 36.37550114721994, 59.17012133914977],
       [127.36187008424892, 36.37549799032281, 64.91986964363605],
       [127.36189299124611, 36.37548488965815, 70.13702324219048],
       [127.36190277938772, 36.37550268608569, 65.25331251788884],
       [127.36190622900418, 36.37552039485477, 71.63992285635322],
       [127.36189239405796, 36.37551446673530, 70.61657768301666],
       [127.36188665409590, 36.37550967866297, 73.89763176999986],
       [127.36186295145794, 36.37553152782329, 76.13517093472183],
       [127.36188601031506, 36.37550254512908, 65.60052853077650],
       [127.36191606043334, 36.37547973586262, 64.55008717533201],
       [127.36192625380660, 36.37546475239885, 66.99920028913766],
       [127.36186981842127, 36.37550088568300, 63.53327397722751],
       [127.36188656430825, 36.37550716776023, 70.47619032301009],
       [127.36189341788972, 36.37550700609117, 73.23906116746366],
       [127.36188521162946, 36.37548128988130, 71.55949378851801],
       [127.36188345735768, 36.37546571639922, 74.69664784334600],
       [127.36187012014655, 36.37551656816849, 73.22413389850408],
       [127.36190216763890, 36.37550339545126, 65.48484666831791],
       [127.36189892448253, 36.37547242961814, 64.83330523967743],
       [127.36188816892468, 36.37546234678084, 65.55357026215643],
       [127.36187934536510, 36.37546914951821, 69.66375705040991],
       [127.36190325428882, 36.37543313847952, 65.77726976294070],
       [127.36190263198205, 36.37545264625832, 68.87177899945527],
       [127.36190984804104, 36.37545638052137, 72.62916441913694],
       [127.36193175212125, 36.37545531736480, 71.18073847237974],
       [127.36193434087727, 36.37547425922914, 69.21523582842201],
       [127.36194485338201, 36.37545330206493, 69.58190856222063],
       [127.36191961546147, 36.37547253670814, 74.17500426340848],
       [127.36191083984575, 36.37543789010110, 72.91385761927813],
       [127.36191855345811, 36.37544109085736, 66.98050517216325],
       [127.36191794581832, 36.37546295410487, 72.28315544687212],
       [127.36193323933048, 36.37547161321092, 70.19060221500695],
       [127.36190659026191, 36.37550371589071, 72.69136114325374],
       [127.36190901783820, 36.37549170684167, 74.62881164532155],
       [127.36192320658780, 36.37547564020654, 79.76202515419573],
       [127.36193823650333, 36.37542145990894, 69.39802247099578],
       [127.36192022955660, 36.37544698982178, 73.93080911133438],
       [127.36192881268514, 36.37543346737704, 71.99159849714488],
       [127.36189784677926, 36.37547220035004, 79.04696535971016],
       [127.36188226654482, 36.37548502250385, 77.17752052750438],
       [127.36192568331214, 36.37548415674893, 79.05400844942778],
       [127.36191843472224, 36.37550784667832, 83.37165958993137],
       [127.36189466882234, 36.37553374441152, 82.60211849864572],
       [127.36189158453868, 36.37548933509134, 76.80333108827472],
       [127.36189223951494, 36.37549250375988, 73.82466221600771],
       [127.36193490270837, 36.37545510598271, 73.60511565022171],
       [127.36194304883007, 36.37545487504457, 71.20258714817464],
       [127.36191622439731, 36.37544468481443, 76.83509998954833],
       [127.36188539158782, 36.37550032974594, 83.52078767679632],
       [127.36188590211690, 36.37549087384735, 83.91124081425369],
       [127.36190304400608, 36.37546713641311, 87.07592904567719],
       [127.36190634854673, 36.37547769951679, 81.49470681697130],
       [127.36192144002651, 36.37548337645359, 79.59903286397457],
       [127.36191342692412, 36.37551195761293, 77.39895667787641],
       [127.36192873166233, 36.37547174910698, 70.56553156673908],
       [127.36192287361720, 36.37544317997164, 70.10804932564497],
       [127.36192635904301, 36.37543920104743, 75.17124208994210],
       [127.36192631998463, 36.37545061551177, 84.81709513440728],
       [127.36192550340465, 36.37543571870404, 80.50042509287596],
       [127.36192861826905, 36.37544721345526, 79.41991838812828],
       [127.36189414573161, 36.37549859608686, 79.51818198338151],
       [127.36190334252450, 36.37546925444239, 80.18150414340198],
       [127.36193320465858, 36.37545061771319, 74.67538017500192],
       [127.36190365676913, 36.37544589225615, 77.02340072579682],
       [127.36189056589546, 36.37547727636496, 78.77098564244807],
       [127.36187994881736, 36.37548490038248, 79.95232886914164],
       [127.36189699135905, 36.37545028456218, 83.10468936711550],
       [127.36187916821309, 36.37544819117015, 83.76501334551722],
       [127.36187942152249, 36.37546535401565, 86.24220163561404],
       [127.36189925956839, 36.37546354178376, 81.38209556695074],
       [127.36188589038861, 36.37547585075093, 86.48816173709929],
       [127.36188725563730, 36.37544513044072, 90.08104669675231],
       [127.36189366502808, 36.37547985591070, 83.27726726327091],
       [127.36187685955727, 36.37550676906626, 82.36979930754751],
       [127.36188901255747, 36.37545526337686, 81.65243707504123],
       [127.36190084636377, 36.37545116312170, 75.50214193016291],
       [127.36188760039317, 36.37546524822621, 80.58285740297288],
       [127.36188324079413, 36.37549731406256, 78.13330684415996],
       [127.36188096104041, 36.37551718579375, 81.93928743992001],
       [127.36189803468122, 36.37548025928952, 91.36871513165534],
       [127.36190348829965, 36.37549366946455, 86.67878901120275],
       [127.36190361746844, 36.37546890327492, 86.82621235772967],
       [127.36189687566426, 36.37549252289311, 84.88861279003322],
       [127.36190384456526, 36.37548686658682, 77.88802623655647],
       [127.36188720694993, 36.37548190367192, 73.01277065090835],
       [127.36190790568821, 36.37545683445875, 75.90293243620545],
       [127.36190416620704, 36.37548191417346, 79.87538084853441],
       [127.36191695632165, 36.37548334572400, 79.59232473094016],
       [127.36192841313637, 36.37549208448124, 78.72691190242767],
       [127.36192558797693, 36.37548371347647, 72.52237376011908],
       [127.36192480415963, 36.37547284977350, 75.24000027589500],
       [127.36191572660933, 36.37545108937804, 82.16250434517860],
       [127.36190531954610, 36.37548547720686, 81.69082384649664],
       [127.36189581266574, 36.37548863015581, 81.39969610981643],
       [127.36191688224015, 36.37549419524250, 74.30840153805912],
       [127.36191047284740, 36.37547037132884, 73.80054085608572],
       [127.36189203429970, 36.37552212497250, 79.55627896264195],
       [127.36189576044195, 36.37551672406153, 75.26728441379964],
       [127.36192596483723, 36.37546724198279, 69.07754913531244],
       [127.36192276053428, 36.37546818715322, 76.57359194103628],
       [127.36192888472658, 36.37546208873816, 77.87412990722805],
       [127.36194001434794, 36.37547727777645, 79.41899099852890],
       [127.36194060924780, 36.37546610621872, 81.76956701837480],
       [127.36193131185210, 36.37544300149139, 75.19577436242253],
       [127.36191072721982, 36.37547435467504, 80.47141880542040],
       [127.36192996463889, 36.37548893640394, 78.94499927572906],
       [127.36195048473958, 36.37546418853309, 84.15673117805272],
       [127.36194907387679, 36.37547730922744, 74.99966744985431],
       [127.36196852032703, 36.37544720755533, 79.02525926847011],
       [127.36192337959295, 36.37546827536776, 73.68918625451624],
       [127.36193730805732, 36.37549234179866, 82.21664124540985],
       [127.36193778235631, 36.37549486910476, 80.57497380394489],
       [127.36193974998622, 36.37546323743297, 79.99803493730724],
       [127.36196042732641, 36.37546445659252, 74.91378161124885],
       [127.36197414634158, 36.37544468369829, 70.50599873997271],
       [127.36195018233956, 36.37546971511092, 84.64172939397395],
       [127.36194380260090, 36.37547027551613, 80.99584729783237],
       [127.36195643650466, 36.37546982168547, 78.57214880827814],
       [127.36194413162259, 36.37545564910445, 82.18298170901835],
       [127.36193319142949, 36.37544901858235, 81.74883086141199],
       [127.36193550980903, 36.37548175882978, 82.05450025573373],
       [127.36192185019567, 36.37548379035051, 83.52505176048726],
       [127.36193270002458, 36.37553025341874, 80.36990770976990],
       [127.36193119864204, 36.37551566818397, 81.15852194093168],
       [127.36194049199237, 36.37548518928302, 84.85605078097433],
       [127.36194517975481, 36.37550210323789, 93.95535553619266],
       [127.36197069453289, 36.37547083951817, 94.86511273216456],
       [127.36197323073026, 36.37546032721274, 85.10719292610884],
       [127.36196256434860, 36.37547325047164, 87.66338357701898],
       [127.36194495049216, 36.37546436379645, 89.46623734943569],
       [127.36196613425055, 36.37545521125465, 77.83100510761142],
       [127.36197123224723, 36.37548156016844, 78.10597863141447],
       [127.36194872873668, 36.37548511225011, 79.24786531738937],
       [127.36195866019936, 36.37548123529135, 87.00228722207248],
       [127.36195884930450, 36.37549752989331, 87.13235639221966],
       [127.36193981985987, 36.37552030334552, 90.66110330354422],
       [127.36192659699421, 36.37550345164296, 90.28483344614506],
       [127.36191455277017, 36.37550559014387, 91.48733689263463],
       [127.36195390242473, 36.37548278056781, 81.59726246260107],
       [127.36196570249595, 36.37546361577393, 80.16012007743120],
       [127.36199754659913, 36.37546259375839, 81.76780758332461],
       [127.36195558048105, 36.37547981755529, 89.67101057805121],
       [127.36195766646392, 36.37547438548215, 86.65479782689363],
       [127.36195056713207, 36.37548367488247, 86.37368710897863],
       [127.36196145055071, 36.37549865208018, 82.37708779051900],
       [127.36196483143722, 36.37547994938759, 86.63759252429008],
       [127.36195625822116, 36.37547095488918, 88.70716605801135],
       [127.36195488644640, 36.37549865406996, 82.94083162583411],
       [127.36197714628345, 36.37549465157460, 77.38103561475873],
       [127.36199267782216, 36.37546485105148, 79.75917558465153],
       [127.36196669817755, 36.37544295794712, 85.77599114086479],
       [127.36195413361055, 36.37543716421749, 81.17144600022584],
       [127.36195583351645, 36.37544271144515, 87.89475101139396],
       [127.36193612164848, 36.37549823736606, 84.17618111055344],
       [127.36191717914475, 36.37548334953804, 81.49327928945422],
       [127.36194507542194, 36.37549142358811, 81.82448569219559],
       [127.36195341152425, 36.37548391208782, 85.52054511662573],
       [127.36197182598129, 36.37549106216134, 86.37879847083241],
       [127.36197723514817, 36.37546230373309, 83.98752546682954],
       [127.36195546588901, 36.37544019776607, 79.73172398284078],
       [127.36192755128221, 36.37544205697809, 85.76923377625644],
       [127.36189621410392, 36.37547298209866, 91.58302385918796],
       [127.36192313941423, 36.37548358900604, 87.77160634845495],
       [127.36193343560205, 36.37548701434607, 87.60894787032157],
       [127.36191882682452, 36.37551335502514, 85.69582555536181],
       [127.36194084962135, 36.37549549883288, 72.50626435317099],
       [127.36191765707017, 36.37550970974885, 85.36844600643963],
       [127.36192148277765, 36.37549370876778, 77.88440567255020],
       [127.36191723347659, 36.37547773852638, 80.80572124663740],
       [127.36192758221918, 36.37548066018639, 81.20362265408039],
       [127.36193435705856, 36.37547666241044, 85.92115697450936],
       [127.36192144182772, 36.37550881456678, 82.43884055595845],
       [127.36191900756687, 36.37552442429963, 89.07169557642192],
       [127.36191571893146, 36.37550513084244, 88.69047289062291],
       [127.36190835828822, 36.37549267625948, 83.62605774123222],
       [127.36191380275787, 36.37547007434945, 85.68528241384774],
       [127.36193342987339, 36.37546046827315, 84.70971699897200],
       [127.36190926689773, 36.37548294605204, 91.36722045671195],
       [127.36190992647509, 36.37550040824085, 84.87867758236825],
       [127.36190527438005, 36.37548010252985, 84.80902050994337],
       [127.36192424266433, 36.37548292072384, 83.93135528266430],
       [127.36191827548419, 36.37548089741907, 85.51467086188495],
       [127.36189545948321, 36.37548762997082, 85.62215409427881],
       [127.36187056014496, 36.37551166889399, 92.78377014305443],
       [127.36187279588287, 36.37549870533196, 88.84482472855598],
       [127.36189290993637, 36.37549673011359, 90.87533910293132],
       [127.36189459465062, 36.37552202472431, 89.71465458814055],
       [127.36190493761460, 36.37552581790136, 91.73543704953045],
       [127.36192744668369, 36.37549148956570, 88.57923857681453],
       [127.36194213139582, 36.37546525086548, 82.88464659266174],
       [127.36192886713575, 36.37546852604931, 77.72682117670774],
       [127.36191531736458, 36.37547193630498, 71.60288185440004],
       [127.36189847494397, 36.37548818565968, 81.21149647422135],
       [127.36190761190312, 36.37548373754129, 89.56722979247570],
       [127.36190731446716, 36.37548649920640, 88.89402014575899],
       [127.36190740562930, 36.37551011816684, 87.14483645558357],
       [127.36188946168454, 36.37551976639859, 99.16835219878703],
       [127.36189843834342, 36.37554242910811, 89.74634298402816],
       [127.36190891833667, 36.37551822109635, 86.19612360745668],
       [127.36190357978055, 36.37550024976580, 78.69374484196305],
       [127.36189981606648, 36.37549627881267, 82.13138357736170],
       [127.36188136137019, 36.37553760691370, 81.94515324942768],
       [127.36192411142166, 36.37549403597074, 87.47652348317206],
       [127.36189957974824, 36.37553390453631, 86.41266840137541],
       [127.36191604521326, 36.37551096113324, 90.11563488375396],
       [127.36192977560498, 36.37547528397699, 90.92026144638658],
       [127.36192281855102, 36.37553851962761, 88.98968000989407],
       [127.36192100994468, 36.37554682636331, 95.84231285098940],
       [127.36191586765544, 36.37552984128469, 86.18378553818911],
       [127.36190257545246, 36.37552025467952, 84.02021802775562],
       [127.36189917958566, 36.37551994260265, 78.35109067801386],
       [127.36191192176128, 36.37553565860117, 83.63008264917880],
       [127.36192514660844, 36.37549681706264, 89.10236867051572],
       [127.36193834321782, 36.37548110417369, 91.71207060106099],
       [127.36191108083892, 36.37550410518683, 91.53800690267235],
       [127.36191249880785, 36.37553766911652, 90.30372766032815],
       [127.36190932409013, 36.37554803980540, 91.16114769037813],
       [127.36192511369704, 36.37550693891662, 96.10222853068262],
       [127.36190631090082, 36.37554041435351, 98.53196514304727],
       [127.36188883480949, 36.37553032225624, 94.56553353928030],
       [127.36188587237652, 36.37552355135605, 100.32461440656334],
       [127.36187753514194, 36.37556367540239, 96.05010483600199],
       [127.36188010857059, 36.37554933830120, 98.43279942125082],
       [127.36188190673545, 36.37551338741351, 98.12813940364867],
       [127.36187441637416, 36.37552667735275, 91.95649003703147],
       [127.36190495498928, 36.37551173405400, 91.64860571268946],
       [127.36189983101221, 36.37552455062772, 92.73435105010867],
       [127.36189960931658, 36.37554527051564, 100.80238975584507],
       [127.36191309210675, 36.37553689501343, 99.21417186781764],
       [127.36187838899991, 36.37555380189221, 100.87216720636934],
       [127.36188762175456, 36.37555615259968, 104.12017976772040],
       [127.36189640887723, 36.37555274238125, 101.26230553537607],
       [127.36190897185746, 36.37552705892940, 106.11751478165388],
       [127.36190947887540, 36.37555072718450, 100.78978936839849],
       [127.36191819979200, 36.37553572540681, 94.69238821510226],
       [127.36191972673740, 36.37551669266284, 91.99845041055232],
       [127.36188278705032, 36.37554042970507, 89.92449411004782],
       [127.36190142432866, 36.37551968305343, 89.79980591591448],
       [127.36190774855376, 36.37553840094352, 96.59378146007657],
       [127.36188133060585, 36.37555116014939, 94.05946051888168],
       [127.36191738368049, 36.37551033446631, 89.99746573437005],
       [127.36190268799555, 36.37555401442882, 85.19489915389568],
       [127.36192076544107, 36.37555093698637, 84.60868282616138],
       [127.36194083848957, 36.37553138722148, 93.23339914809912],
       [127.36194913293164, 36.37554734089422, 89.91128376871347],
       [127.36193008935005, 36.37556696992898, 92.07360021304339],
       [127.36193071527913, 36.37557199266257, 82.43461504392326],
       [127.36194601308345, 36.37553014089801, 83.27377851307392],
       [127.36192818523095, 36.37555072494094, 82.30465697962791],
       [127.36193906542459, 36.37555576759033, 79.87184518948197],
       [127.36192503132739, 36.37554527502233, 87.83365311380476],
       [127.36191913057010, 36.37556121136513, 90.57935405429453],
       [127.36192085099239, 36.37557197187922, 87.89272901788354],
       [127.36193964778461, 36.37555487004482, 83.42932070884854],
       [127.36195100177648, 36.37555128135397, 79.19102904014289],
       [127.36194395693666, 36.37553814477261, 81.39446258544922],
       [127.36194701823904, 36.37554500183840, 85.05456372909248],
       [127.36195684545106, 36.37551279560538, 78.79590346943587],
       [127.36195669703689, 36.37552010463671, 78.97122169286013],
       [127.36194687009875, 36.37550623991999, 88.36243849806488],
       [127.36195842690204, 36.37552493224582, 86.93096742313355],
       [127.36194817437004, 36.37550530415341, 88.26212574634701],
       [127.36195841132663, 36.37548620446807, 79.15173672791570],
       [127.36191573050519, 36.37551090733221, 81.12705835513771],
       [127.36190128416322, 36.37553433166966, 91.72016051970422],
       [127.36190899199904, 36.37551384264164, 92.64435084536672],
       [127.36190651959207, 36.37551285866720, 88.38319029938430],
       [127.36191978129106, 36.37547757580571, 79.57444234006107],
       [127.36194082995841, 36.37545755506998, 75.50670205894858],
       [127.36194970904826, 36.37548420225981, 69.16180483251810],
       [127.36194965546004, 36.37547908569977, 81.76998153887689],
       [127.36192971717435, 36.37553877236066, 83.96835021208972],
       [127.36192702689343, 36.37552571630436, 77.15553084854037],
       [127.36192200678043, 36.37548812694728, 80.42538635618985],
       [127.36193831139479, 36.37549745626952, 75.95500895380974],
       [127.36194302705979, 36.37552989780828, 88.66779533680528],
       [127.36194980280274, 36.37548436795018, 82.91651410982013],
       [127.36194271953472, 36.37549412661531, 69.91700508352369],
       [127.36195383739503, 36.37544361426114, 69.38792188186198],
       [127.36194306013651, 36.37548402321407, 71.32643986120820],
       [127.36195472412180, 36.37544562848426, 66.47992673609406],
       [127.36194813789835, 36.37549145672427, 75.40217105019838],
       [127.36194375912348, 36.37548540232896, 65.37820662185550],
       [127.36194285133544, 36.37549043431570, 63.36442283913493],
       [127.36193012091989, 36.37550184004779, 72.88393573462963],
       [127.36193056574304, 36.37548461438462, 70.10019941069186],
       [127.36193835075760, 36.37550914425971, 76.29408145323396],
       [127.36193088896385, 36.37549326683168, 80.78189627174288],
       [127.36193526038896, 36.37546277542597, 79.97468588780612],
       [127.36196438384775, 36.37542845346075, 74.73352197650820],
       [127.36197416621073, 36.37543211980653, 74.64469216763973],
       [127.36196483613868, 36.37542183348259, 62.61463953647763],
       [127.36195184847529, 36.37543755334482, 69.75222417246550],
       [127.36196559253159, 36.37544012710913, 75.15107390563935],
       [127.36194991517648, 36.37549733246212, 79.26668673288077],
       [127.36195578381104, 36.37548142776475, 75.84336736984551],
       [127.36196205887666, 36.37544849563619, 79.07801386155188],
       [127.36198625730634, 36.37541989331738, 75.19189595337957],
       [127.36196320017619, 36.37542510411649, 71.68060197122395],
       [127.36194494263633, 36.37545378262710, 82.55086960084736],
       [127.36194561171875, 36.37545675776543, 88.18227841053158],
       [127.36192702260895, 36.37544565857873, 83.39794932305813],
       [127.36190979573863, 36.37545970072546, 85.87292353529483],
       [127.36193743624627, 36.37549409980785, 83.65809719450772],
       [127.36193941728095, 36.37550582535739, 84.71083664707839],
       [127.36192801013931, 36.37546464811539, 82.82965721655637],
       [127.36192644483744, 36.37543518337266, 88.55134255532175],
       [127.36195764957043, 36.37544363577751, 84.63096664100885],
       [127.36195282166345, 36.37546419550922, 80.78957809321582],
       [127.36195636139489, 36.37541591790028, 75.39004046842456],
       [127.36195756764994, 36.37538932655853, 78.04636835772544],
       [127.36196190236657, 36.37544369509111, 83.92702138982713],
       [127.36193158918657, 36.37547920810265, 89.67440504487604],
       [127.36194395786210, 36.37545419866792, 84.00110867153853],
       [127.36193994449148, 36.37546513206826, 84.48897204548120],
       [127.36192630736129, 36.37546912544804, 86.92213351652026],
       [127.36194369217191, 36.37544007207281, 92.85632126498967],
       [127.36196023090218, 36.37544768220075, 90.47964253928512],
       [127.36195785175434, 36.37541517536978, 88.17566406354308],
       [127.36194676850188, 36.37540391760749, 86.57291780598462],
       [127.36193996410863, 36.37543809365552, 91.50821071397513],
       [127.36195590870086, 36.37541686777567, 90.74850884173065],
       [127.36194000430866, 36.37544693017173, 87.74873955827206],
       [127.36191247488797, 36.37545691183772, 92.20774393714964],
       [127.36194287642118, 36.37542208678666, 90.66926613636315],
       [127.36193908038467, 36.37540725138896, 85.70601006783545],
       [127.36191793076058, 36.37545862625928, 87.89268317446113],
       [127.36194535807729, 36.37541983608816, 87.40540025290102],
       [127.36195310651505, 36.37543667252049, 96.14872576016933],
       [127.36192180277986, 36.37546176718726, 95.85772962681949],
       [127.36193648276661, 36.37546780648961, 108.68612424377352],
       [127.36195328206279, 36.37544027842169, 104.49519918020815],
       [127.36192798373528, 36.37544303651556, 101.70510789006948],
       [127.36194823269975, 36.37544875472029, 94.82267669215798],
       [127.36196538839900, 36.37543289747266, 97.21105000469834],
       [127.36194032995667, 36.37548168584734, 94.64457249362022],
       [127.36194446480334, 36.37545752872171, 100.37687559332699],
       [127.36189985141455, 36.37549128511301, 105.12161326594651],
       [127.36190958458621, 36.37549189909338, 104.95014018006623],
       [127.36192602730388, 36.37544315463624, 102.47893934790045],
       [127.36193157265259, 36.37542401734014, 97.76756696868688],
       [127.36192901241256, 36.37543368604337, 92.94948568567634],
       [127.36190454188863, 36.37544707851283, 100.31842173449695],
       [127.36189392931021, 36.37548549689870, 103.30585219711065],
       [127.36191149410872, 36.37547390644646, 92.37403997778893],
       [127.36192633191665, 36.37547778319119, 94.68680541496724],
       [127.36188794330263, 36.37552177142991, 101.84578991960734],
       [127.36192397833588, 36.37549770449623, 107.82221442926675],
       [127.36192136370190, 36.37548943919828, 104.89047627802938],
       [127.36193192125032, 36.37544778971861, 101.33457058016211],
       [127.36188247245661, 36.37548240640945, 103.97434328775853],
       [127.36190016643839, 36.37548937884949, 98.42645196523517],
       [127.36187372635433, 36.37552921764497, 97.22908073477447],
       [127.36191838316965, 36.37546818530401, 100.97128324210644],
       [127.36192627783788, 36.37546391333746, 99.16818754654378],
       [127.36192316480933, 36.37549038321109, 106.85778402443975],
       [127.36191195702624, 36.37547435611025, 96.88414806220680],
       [127.36192904558850, 36.37546455317180, 95.29602952953428],
       [127.36194509828491, 36.37546452752608, 85.63542456272990],
       [127.36191006620852, 36.37549157285616, 94.18962724506855],
       [127.36190408420580, 36.37545465742890, 99.29412945080549],
       [127.36189736455488, 36.37548477711785, 101.94538068771362],
       [127.36189193608257, 36.37549081698201, 103.78297645132989],
       [127.36191840645346, 36.37544638074451, 93.12049617525190],
       [127.36191970993147, 36.37546290428302, 91.82814661134034],
       [127.36191846060873, 36.37545672598403, 98.40077123604715],
       [127.36190923446446, 36.37546698196135, 98.13230552058667],
       [127.36191724725397, 36.37545522127779, 94.74699271842837],
       [127.36190649105494, 36.37544631943668, 88.09388201497495],
       [127.36191750156712, 36.37548868852483, 93.77480645664036],
       [127.36191073533834, 36.37551044150741, 99.55908365081996],
       [127.36188759098555, 36.37550862297513, 102.24336337484419],
       [127.36191089449811, 36.37546399738939, 94.99867776501924],
       [127.36191042875593, 36.37549083549509, 92.18489987682551],
       [127.36190725748152, 36.37549319949615, 86.47285274229944],
       [127.36191326086252, 36.37548147070071, 90.09321152139455],
       [127.36189504498421, 36.37549832486829, 95.14892448950559],
       [127.36187733588216, 36.37549784362270, 94.78957371320575],
       [127.36189200992465, 36.37545896918947, 93.77004221454263],
       [127.36188902614821, 36.37544465687099, 83.40970440022647],
       [127.36191778035493, 36.37542698717197, 85.89022319111973],
       [127.36191450467945, 36.37547829375135, 93.13707689195871],
       [127.36190341373208, 36.37550315595666, 90.05429653637111],
       [127.36191885377575, 36.37548031332684, 90.44098664633930],
       [127.36188606591890, 36.37554663118787, 93.63048595748842],
       [127.36190520250324, 36.37552324226447, 90.66531644668430],
       [127.36191598276656, 36.37549818372401, 89.85975253582001],
       [127.36192885947628, 36.37547135511014, 84.19641607254744],
       [127.36191190384615, 36.37546903850140, 92.91830135788769],
       [127.36191099651629, 36.37545021647741, 86.75438382755965],
       [127.36190230888873, 36.37546242588724, 80.79272976052016],
       [127.36191102331597, 36.37548240419456, 90.46772102732211],
       [127.36192359936943, 36.37549796616378, 93.45269678719342],
       [127.36191077551399, 36.37549145509702, 99.81834064796567],
       [127.36188248893458, 36.37550922550868, 94.04378225747496],
       [127.36184338079198, 36.37552854109784, 92.70669823419303],
       [127.36189375297158, 36.37543489187306, 79.88951788283885],
       [127.36189258862382, 36.37551391865464, 78.79534719698131],
       [127.36190135752692, 36.37552182315114, 82.34621326439083],
       [127.36186532902398, 36.37550878998860, 87.84478292800486],
       [127.36187985170194, 36.37550773182581, 91.21826100815088],
       [127.36190925257561, 36.37545753088745, 85.30828155204654],
       [127.36189532639837, 36.37547105264672, 81.54267828539014],
       [127.36189312555013, 36.37548674786023, 81.91324621252716],
       [127.36189028021735, 36.37551316561823, 78.74601125624031],
       [127.36188692060271, 36.37550210799884, 86.79726123623550],
       [127.36187614212761, 36.37552178444573, 86.83520075865090],
       [127.36188978215381, 36.37549880662038, 83.99155526701361],
       [127.36188417994012, 36.37551405383396, 92.29107856471092],
       [127.36186851286952, 36.37551170580846, 86.63670885935426],
       [127.36190707830680, 36.37551589210219, 79.98379708267748],
       [127.36189535892163, 36.37552280907904, 75.44001892767847],
       [127.36189651773763, 36.37553171603123, 80.31922260392457],
       [127.36188708882334, 36.37551275011339, 80.01766986772418],
       [127.36186048351318, 36.37553162082627, 85.13532102387398],
       [127.36188430788658, 36.37553449536206, 84.30030749458820],
       [127.36188315379789, 36.37550082016688, 80.29673827998340],
       [127.36187524087418, 36.37549779505936, 92.94133688509464],
       [127.36186804334673, 36.37551881146691, 86.70433005224913],
       [127.36186761747695, 36.37554712220710, 83.23685537464917],
       [127.36187274355159, 36.37551792567466, 77.37358103133738],
       [127.36190071186118, 36.37553914440856, 80.11009692866355],
       [127.36189048630122, 36.37555152046862, 78.96691101975739],
       [127.36189289296109, 36.37551722805867, 81.95963897369802],
       [127.36188424651137, 36.37553754837608, 81.64721096958965],
       [127.36186746498508, 36.37552405133258, 89.99808853492141],
       [127.36187043759458, 36.37549950508016, 87.90641637984663],
       [127.36184634754953, 36.37550253278898, 83.05633144266903],
       [127.36186870658500, 36.37545934558288, 85.09843152947724],
       [127.36188387717199, 36.37548154292313, 89.05635345820338],
       [127.36187080153726, 36.37555435702007, 83.46867589000612],
       [127.36185124558924, 36.37551746738582, 81.37554694805294],
       [127.36186714640260, 36.37552793741506, 82.58436199277639],
       [127.36190168216781, 36.37548945859439, 81.04647983517498],
       [127.36189957243731, 36.37548404402512, 82.70158088393509],
       [127.36187766449966, 36.37553305535559, 94.79288518894464],
       [127.36190781678381, 36.37550603726067, 86.28277147654444],
       [127.36190606363951, 36.37552074939328, 89.51703082583845],
       [127.36190108018636, 36.37552858945687, 91.23597180936486],
       [127.36188794198269, 36.37553596933170, 89.09588393755257],
       [127.36189519276665, 36.37552505633182, 78.88198265805840],
       [127.36189173654041, 36.37550067252717, 78.07119006197900],
       [127.36187423134527, 36.37553896879078, 90.50524158962071],
       [127.36186215905195, 36.37554937033570, 91.82190291583538],
       [127.36187207546376, 36.37550262402404, 89.94338213186711],
       [127.36189044069916, 36.37547376422093, 82.64952930342406],
       [127.36188591687458, 36.37552157326211, 83.63327807839960],
       [127.36190900782353, 36.37550994975905, 82.54946639854461],
       [127.36187784689940, 36.37552212606618, 81.01783130690455],
       [127.36189980793935, 36.37549007207334, 85.86975828930736],
       [127.36189596227280, 36.37547534901137, 91.64320415258408],
       [127.36187776400074, 36.37553487132099, 97.97357493173331],
       [127.36187230136591, 36.37553164194990, 88.75195372384042],
       [127.36190630888538, 36.37546240633691, 84.18130726460367],
       [127.36189699767398, 36.37550834394667, 88.59185423236340],
       [127.36188946679482, 36.37552032148658, 92.24385153595358],
       [127.36185775873122, 36.37553894543907, 86.57731729745865],
       [127.36189658592700, 36.37553520904155, 94.99410667922348],
       [127.36188083152950, 36.37552264737009, 100.38297423534095],
       [127.36187749382417, 36.37551358208253, 89.94759461097419],
       [127.36190928435508, 36.37550871199142, 87.75021069031209],
       [127.36188651845617, 36.37550860967016, 91.28643097542226],
       [127.36187632378304, 36.37552329393768, 94.74915836099535],
       [127.36185925329202, 36.37554636778839, 103.29097688011825],
       [127.36187088503547, 36.37555167937661, 101.04990620911121],
       [127.36190787341116, 36.37551561292597, 92.22757720295340],
       [127.36191229235909, 36.37547610782281, 86.71938088163733],
       [127.36189986824496, 36.37546901178388, 86.86951149441302],
       [127.36189342790620, 36.37549564066623, 86.88240811321884],
       [127.36187706157654, 36.37552426315531, 97.18325926735997],
       [127.36189209676928, 36.37551402389891, 94.76486120652407],
       [127.36189119805768, 36.37549223992502, 96.32335189543664],
       [127.36186976869796, 36.37552129269401, 99.81753556523472],
       [127.36193255268134, 36.37548227947772, 87.52415731735528],
       [127.36191699283752, 36.37554383324321, 94.55549557041377],
       [127.36190482844586, 36.37553706520789, 95.73415273707360],
       [127.36187835112477, 36.37553878936881, 100.68652807362378],
       [127.36189698919169, 36.37548460521941, 95.29511139634997],
       [127.36191851663594, 36.37546073253488, 87.17069737147540],
       [127.36190456881477, 36.37550751141426, 90.61097988858819],
       [127.36191233430606, 36.37552606834461, 91.80693101510406],
       [127.36190609925427, 36.37553835801869, 94.15504258126020],
       [127.36190573966910, 36.37550322963724, 95.85919648967683],
       [127.36190302616050, 36.37550540438218, 97.77565191499889],
       [127.36189442518987, 36.37553859408376, 98.24586333055049],
       [127.36190662933141, 36.37552874023619, 94.41049935668707],
       [127.36190818137686, 36.37550674895942, 91.49112534523010],
       [127.36190188288761, 36.37547766187858, 94.73839105293155],
       [127.36189535101344, 36.37549338259080, 91.69547644443810],
       [127.36188821858262, 36.37552272180845, 97.89929063897580],
       [127.36188135226477, 36.37549531983444, 95.00781072489917],
       [127.36189260799932, 36.37551207054145, 87.90107146743685],
       [127.36190435513525, 36.37550858476317, 89.57263187877834],
       [127.36189489549595, 36.37552328298251, 86.49095547478646],
       [127.36189640078229, 36.37548794335297, 77.63343635201454],
       [127.36188928047612, 36.37550341994137, 92.59387933183461],
       [127.36188083204932, 36.37552736608345, 94.95723768416792],
       [127.36188103676810, 36.37554015755929, 86.72420108318329],
       [127.36189964820854, 36.37550779187907, 82.06843290105462],
       [127.36190243026269, 36.37547964267225, 81.77239639405161],
       [127.36193324916880, 36.37546945653759, 82.80698688700795],
       [127.36192896907922, 36.37547541014597, 81.04824256990105],
       [127.36190062322451, 36.37550475122661, 88.29965490475297],
       [127.36189215779642, 36.37553599342203, 85.64466340746731],
       [127.36190177799421, 36.37553982731931, 87.33560944348574],
       [127.36189513344860, 36.37554106958047, 90.14549386687577],
       [127.36190145594281, 36.37551947396651, 85.33003206830472],
       [127.36187999985201, 36.37553818147008, 81.99737800098956],
       [127.36190171600406, 36.37556018166958, 73.51976417470723],
       [127.36190082113497, 36.37554136769527, 83.53414804674685],
       [127.36188744748007, 36.37553767360176, 77.95595269277692],
       [127.36186656676516, 36.37555463255065, 83.61782567575574],
       [127.36188656080590, 36.37552603544475, 85.09694600477815],
       [127.36188471741720, 36.37555054720698, 83.08060971833766],
       [127.36189916506129, 36.37554825323828, 81.74129542801529],
       [127.36189682620298, 36.37553367704682, 79.81324488949031],
       [127.36188621231337, 36.37556108561210, 77.68873555399477],
       [127.36189438728154, 36.37556666401962, 73.23341092653573],
       [127.36188531922539, 36.37556038842730, 75.15759015362710],
       [127.36188496360035, 36.37551367056342, 77.86956906877458],
       [127.36190571676379, 36.37549427421741, 81.59141213074327],
       [127.36189831319223, 36.37555469728068, 76.76796322967857],
       [127.36186827242733, 36.37554598931852, 82.83383999858052],
       [127.36189840954749, 36.37551219058970, 81.50173050444573],
       [127.36192128577096, 36.37551913640648, 84.30241163633764],
       [127.36189195417229, 36.37554118484693, 74.80679741408676],
       [127.36188507627752, 36.37551050964638, 78.66724600363523],
       [127.36187872321491, 36.37551135955128, 78.05563771910965],
       [127.36183895910031, 36.37553613126222, 76.48538202419877],
       [127.36186740889985, 36.37555969767878, 78.13323830906302],
       [127.36187716374307, 36.37552459578863, 75.74367819353938],
       [127.36187501367085, 36.37553845423417, 80.64136123377830],
       [127.36186999493165, 36.37554943843724, 80.31881300918758],
       [127.36189886783355, 36.37555390843762, 76.86634167190641],
       [127.36189018624573, 36.37553157337086, 80.35418508481234],
       [127.36187099309545, 36.37552821393606, 75.47817996609956],
       [127.36186301396187, 36.37558016967573, 86.17370785214007],
       [127.36184367905491, 36.37560059216236, 80.11377369053662],
       [127.36186309037701, 36.37557363744676, 70.55061024986207],
       [127.36185368822844, 36.37557176694615, 67.95638615544885],
       [127.36186248559844, 36.37557936042302, 73.98338981345296],
       [127.36187249589986, 36.37556598018897, 75.13427670300007],
       [127.36189227852434, 36.37555118193686, 73.67951765190810],
       [127.36189429990752, 36.37553164931600, 71.28664499893785],
       [127.36189175453092, 36.37553472874512, 68.68049777112901],
       [127.36190885736421, 36.37553714031652, 66.37325531803071],
       [127.36189515812445, 36.37555087689316, 71.75225302577019],
       [127.36188278928685, 36.37556869077301, 74.30404887627810],
       [127.36184798346432, 36.37558331384240, 78.27563196048141],
       [127.36188092823366, 36.37556845600935, 69.81898321397603],
       [127.36187593722362, 36.37557203415493, 75.76662997622043],
       [127.36186529307123, 36.37558366465975, 72.05998791754246],
       [127.36186070547615, 36.37560431696158, 64.28370285034180],
       [127.36186905910924, 36.37557913499802, 62.33233282994479],
       [127.36187993001819, 36.37552689924354, 64.69334779866040],
       [127.36189734767237, 36.37554118758863, 63.93197003751993],
       [127.36186492108007, 36.37553297563644, 61.21291405148804],
       [127.36187484713943, 36.37552519609655, 69.31229909043759],
       [127.36189541740296, 36.37553952682246, 72.06021681614220],
       [127.36187781192282, 36.37556527545924, 70.19310214649886],
       [127.36188751275624, 36.37550808248978, 63.97147617302835],
       [127.36187218917070, 36.37552317359475, 74.90450711827725],
       [127.36188907025995, 36.37550843395474, 66.57209404744208],
       [127.36185324825320, 36.37551873150770, 70.26511119678617],
       [127.36186136541944, 36.37552027560783, 65.23240561317652],
       [127.36186183392093, 36.37551433381955, 65.88905936107039],
       [127.36187958789165, 36.37550542496462, 74.72765866108239],
       [127.36187714322142, 36.37551957764359, 84.90766571555287],
       [127.36188558814506, 36.37554893620074, 73.50027797091752],
       [127.36188280401812, 36.37552428031314, 71.53882557991892],
       [127.36187486651639, 36.37547798511771, 78.71061930898577],
       [127.36188126869035, 36.37548366203067, 79.65962565410882],
       [127.36187057212426, 36.37549111890910, 70.14210669044405],
       [127.36188813035577, 36.37547236165693, 73.85176063515246],
       [127.36186814787202, 36.37548301951607, 80.47236315067858],
       [127.36187070189840, 36.37549886817731, 73.74450864922255],
       [127.36189495811961, 36.37545027864652, 65.86049916781485],
       [127.36187063779029, 36.37545135432836, 72.99178007431328],
       [127.36187244549832, 36.37546909418460, 76.50978384166956],
       [127.36184808289117, 36.37548470403618, 77.08904071990401],
       [127.36188810922854, 36.37545980153320, 72.74847719725221],
       [127.36186095609413, 36.37549848780145, 74.50256696157157],
       [127.36188913928980, 36.37542543572894, 71.02126759197563],
       [127.36187663371553, 36.37548311040827, 75.54743896890432],
       [127.36190656791963, 36.37548302744680, 74.06704984605312],
       [127.36190346956967, 36.37547602261098, 69.73530660476536],
       [127.36190858363491, 36.37546163564132, 71.35509211011231],
       [127.36189478324535, 36.37546015977357, 69.56760284770280],
       [127.36189893706954, 36.37542959847953, 70.02684930898249],
       [127.36188397580189, 36.37546483989982, 71.65482911840081],
       [127.36190147109599, 36.37545859367970, 72.62677124608308],
       [127.36191642962910, 36.37543208155494, 70.65143751911819],
       [127.36192083562970, 36.37541073148454, 70.85748081840575],
       [127.36189944106181, 36.37544659144866, 70.96127125527710],
       [127.36189608137974, 36.37543535720751, 77.65427645202726],
       [127.36189035136863, 36.37544404844416, 78.00099266227335],
       [127.36186919234865, 36.37549344502336, 74.40232469234616],
       [127.36186108717095, 36.37546529931338, 70.41942752059549],
       [127.36189033164617, 36.37543992417260, 66.18100741319358],
       [127.36190782982541, 36.37543834972114, 64.75022181496024],
       [127.36191358170174, 36.37543626935225, 72.15402097254992],
       [127.36190334366280, 36.37546980473972, 78.69264864921570],
       [127.36188974966785, 36.37548152182237, 84.57437563128769],
       [127.36190431586054, 36.37544693149812, 81.71995033603162],
       [127.36188190450591, 36.37548158684439, 74.29879465047270],
       [127.36188163559478, 36.37548156281145, 69.44448805134743],
       [127.36191063022956, 36.37545784495131, 69.74385275319219],
       [127.36189971626754, 36.37542790582002, 70.86694473214447],
       [127.36187829528477, 36.37542946007686, 74.91219302173704],
       [127.36187059899758, 36.37546504741432, 76.38312149699777],
       [127.36184161114335, 36.37548841337112, 70.08424116484821],
       [127.36186131392066, 36.37546392092690, 72.09575478453189],
       [127.36185817782329, 36.37545889413563, 76.11730197723955],
       [127.36187730203329, 36.37544508663792, 83.58140765409917],
       [127.36185336217208, 36.37546595929405, 81.72609577886760],
       [127.36187528478577, 36.37544675843260, 75.84827922098339],
       [127.36188177918766, 36.37543408616258, 70.00347070489079],
       [127.36185972309761, 36.37547276062173, 74.26984593924135],
       [127.36184139507984, 36.37544977667766, 80.37318737059832],
       [127.36187440662434, 36.37541874042679, 72.89531783387065],
       [127.36186792034928, 36.37542751188893, 72.34620710276067],
       [127.36183632290799, 36.37549288082297, 78.46870793681592],
       [127.36185842282089, 36.37552493866318, 76.92545167077333],
       [127.36187186001501, 36.37548447523660, 81.98766458407044],
       [127.36187547694814, 36.37547416610897, 89.65603653434664],
       [127.36189901907950, 36.37543438095702, 83.93870242778212],
       [127.36187287326814, 36.37546562362655, 83.11390502564609],
       [127.36187313792001, 36.37547317963571, 74.65140072815120],
       [127.36184826144853, 36.37549863499714, 77.16830644849688],
       [127.36187460818026, 36.37547554143492, 79.66105858236551],
       [127.36189101262750, 36.37546175562868, 81.33387030195445],
       [127.36188971537713, 36.37543356240319, 81.56780239939690],
       [127.36188822016560, 36.37541934572811, 74.55577086284757],
       [127.36189779864849, 36.37541060504696, 71.14982174802572],
       [127.36191276627129, 36.37543409335412, 69.13943598605692],
       [127.36191581784213, 36.37545373024500, 73.59332707244903],
       [127.36189188013516, 36.37545137918543, 71.22389958426356],
       [127.36190878284998, 36.37543946991418, 67.36516165640205],
       [127.36189174662888, 36.37544351821239, 73.28993001766503],
       [127.36189576253550, 36.37546074541618, 71.61210057884455],
       [127.36188111278717, 36.37546398812929, 69.58613955043256],
       [127.36188316972719, 36.37548380984190, 69.45574046019465],
       [127.36189483184697, 36.37544001338717, 64.04978378675878],
       [127.36188987605404, 36.37545450954109, 70.42926066089422],
       [127.36192100886227, 36.37546819909114, 68.14389728195965],
       [127.36188641115515, 36.37548481021535, 70.11914698127657],
       [127.36188696442284, 36.37549185988930, 69.32755156327039],
       [127.36189907669822, 36.37548577578642, 67.55577838420868],
       [127.36192389669117, 36.37546351577879, 61.48331468831748],
       [127.36192256430768, 36.37545415971805, 61.99897641409189],
       [127.36191917364457, 36.37547399638530, 69.72648477926850],
       [127.36191491917687, 36.37549614711232, 74.12652592267841],
       [127.36189818685816, 36.37551697684713, 80.55117684789002],
       [127.36190416346210, 36.37547853657448, 72.30228447541595],
       [127.36191310502626, 36.37546098210942, 71.58038107398897],
       [127.36189536866702, 36.37548592347111, 72.34814366977662],
       [127.36190557171136, 36.37547657049348, 69.88292239606380],
       [127.36192066231786, 36.37549089822704, 82.78128227032721],
       [127.36192701413209, 36.37547008873201, 80.98224394675344],
       [127.36192229116668, 36.37548560733825, 70.04125547781587],
       [127.36189820421640, 36.37552392661443, 72.35065080597997],
       [127.36189833672105, 36.37553093475670, 76.41146657709032],
       [127.36191062607784, 36.37549745249515, 74.87486896943301],
       [127.36190572546757, 36.37550141186131, 81.52257790975273],
       [127.36191038342730, 36.37547923942750, 82.19853718951344],
       [127.36188835429574, 36.37549136467254, 78.57469963841140],
       [127.36190007740024, 36.37548653990304, 76.76433192845434],
       [127.36191827698707, 36.37546148628586, 75.72188673261553],
       [127.36189875479327, 36.37547846375228, 75.04219373594970],
       [127.36189108171065, 36.37549090691065, 77.80696419067681],
       [127.36189298949044, 36.37549294387623, 86.08443086873740],
       [127.36189923168078, 36.37548457929913, 86.70164277032018],
       [127.36192159870866, 36.37546260716224, 86.15168383345008],
       [127.36193462923868, 36.37544425696887, 84.39497625268996],
       [127.36192350118922, 36.37546141856475, 84.59208464808762],
       [127.36188990981412, 36.37548168255697, 87.66355722956359],
       [127.36190209244832, 36.37545672709834, 84.06408455595374],
       [127.36187589488004, 36.37547818672549, 84.04620940517634],
       [127.36187872631929, 36.37546811102951, 90.38555724266917],
       [127.36190263955848, 36.37547784000614, 83.92765830643475],
       [127.36190621742698, 36.37548835719371, 83.67529606074095],
       [127.36188085328655, 36.37551045094204, 92.49667787086219],
       [127.36189719405454, 36.37544046617988, 96.17983880918473],
       [127.36190104899175, 36.37546452230703, 93.64029447268695],
       [127.36189880839441, 36.37548882581125, 83.34003508463502],
       [127.36188066255625, 36.37550713845565, 87.55806042440236],
       [127.36189048354760, 36.37549409351092, 90.21773993503302],
       [127.36187681801816, 36.37550692359853, 96.16721860971302],
       [127.36188399256552, 36.37549583004278, 92.17307117488235],
       [127.36189251108462, 36.37552012896705, 93.24829194135964],
       [127.36190816250441, 36.37550255110410, 85.25455963425338],
       [127.36192773191402, 36.37546689853026, 84.51376327499747],
       [127.36190217577860, 36.37551881821179, 94.41287985630333],
       [127.36189102668082, 36.37553394148920, 89.74562889337540],
       [127.36191981180286, 36.37550001908532, 92.24824304971844],
       [127.36191542916065, 36.37551782502197, 87.03091362118721],
       [127.36188657223553, 36.37551417826810, 92.11513583268970],
       [127.36190265781235, 36.37551788222537, 92.14744857139885],
       [127.36190027535626, 36.37551510859818, 100.98597856238484],
       [127.36191709191039, 36.37548548172573, 94.48837251495570],
       [127.36190690707849, 36.37551722028110, 94.21291214972734],
       [127.36190656420993, 36.37549690546735, 96.33068530727178],
       [127.36189560507519, 36.37550666675121, 92.60989797767252],
       [127.36187854273528, 36.37554081125899, 99.16298683453351],
       [127.36185928897136, 36.37555818155908, 102.39133812114596],
       [127.36188303688884, 36.37550501295917, 107.46269243676215],
       [127.36188073175239, 36.37550579910469, 109.62882602401078],
       [127.36186750668611, 36.37552805624919, 105.66758209560066],
       [127.36187476193390, 36.37550666264920, 103.49614770524204],
       [127.36187581411647, 36.37552127855291, 111.65867338795215],
       [127.36189268752713, 36.37551133544807, 109.79692212678492],
       [127.36188906472475, 36.37553983195441, 116.21717351023108],
       [127.36188099000066, 36.37553266499491, 112.39755466394126],
       [127.36188238091084, 36.37550581504847, 109.33402349241078],
       [127.36185805850702, 36.37549843325886, 118.02163027413189],
       [127.36188415256223, 36.37548821274054, 117.96731897536665],
       [127.36188247113706, 36.37547171026106, 113.41215564124286],
       [127.36188890568587, 36.37548208583008, 113.42109211627394],
       [127.36185589491167, 36.37551329007661, 119.36244455259293],
       [127.36184022050202, 36.37554346548919, 119.34882680606097],
       [127.36184508583879, 36.37553552258304, 119.00016431603581],
       [127.36185874600798, 36.37554156845018, 117.54241510480642],
       [127.36187632166525, 36.37555777462914, 115.65924499649554],
       [127.36186905540941, 36.37551079777747, 115.59291602391750],
       [127.36187485084528, 36.37551426064909, 111.26387221273035],
       [127.36185942124942, 36.37547324766733, 113.75722449366003],
       [127.36184487529412, 36.37549945319403, 122.79275786131620],
       [127.36187195943448, 36.37548651627202, 120.28402679506689],
       [127.36184790083529, 36.37551815382763, 121.54685112368315],
       [127.36184370867598, 36.37552386468200, 119.44910353794694],
       [127.36182438582321, 36.37556519104231, 119.30481355078518],
       [127.36182858178367, 36.37557247587676, 116.85380747634917],
       [127.36183281936587, 36.37557132773192, 125.41324755921960],
       [127.36184442252997, 36.37552421868293, 119.45636554714292],
       [127.36187409139659, 36.37547282127386, 122.46814310178161],
       [127.36189000094092, 36.37546138507084, 121.56603283714503],
       [127.36185796364893, 36.37547352510303, 116.69115435052663],
       [127.36185907453634, 36.37546251493203, 115.09014850948006],
       [127.36185026467456, 36.37550183229144, 120.50421180296689],
       [127.36186680866835, 36.37550932310891, 118.57467637117952],
       [127.36185560115220, 36.37548061554622, 115.86441837903112],
       [127.36184898779354, 36.37549816450312, 111.61980927269906],
       [127.36191971954797, 36.37541428216741, 110.55778596922755],
       [127.36189255543295, 36.37545421657570, 119.27945005893707],
       [127.36187008996268, 36.37547334266379, 121.61233422625810],
       [127.36185418446078, 36.37550340957748, 120.32243897859007],
       [127.36186524178173, 36.37548560911974, 111.42309467121959],
       [127.36190210055524, 36.37539977756554, 100.45197425410151],
       [127.36188806529735, 36.37544231322349, 109.53155134059489],
       [127.36187968117518, 36.37548075233914, 116.37235982809216],
       [127.36189310663765, 36.37549599759322, 106.26068412419409],
       [127.36188703000252, 36.37546881700268, 105.58222479466349],
       [127.36187862643659, 36.37545132460789, 106.47161316778511],
       [127.36188925998385, 36.37542617552035, 103.20032831933349],
       [127.36187065859053, 36.37542546905149, 101.37412161566317],
       [127.36188946861824, 36.37544576928498, 100.33770719356835],
       [127.36190082188097, 36.37544873004675, 99.04298951104283],
       [127.36187996119666, 36.37545141393370, 97.70481618028134],
       [127.36188543671152, 36.37543650855551, 103.38608402851969],
       [127.36189746331318, 36.37542402076321, 97.31031522527337],
       [127.36188252667206, 36.37546237720197, 93.63608983810991],
       [127.36187248518902, 36.37547171240555, 93.36468396894634],
       [127.36192414930822, 36.37539796086379, 91.52636922430247],
       [127.36191993063095, 36.37539140024658, 96.76470145396888],
       [127.36191013947469, 36.37542532111684, 95.55392131675035],
       [127.36191340542639, 36.37543740231575, 95.31619422044605],
       [127.36190590430927, 36.37545346263876, 96.49409453570843],
       [127.36187483319438, 36.37548339265520, 99.01155685447156],
       [127.36187100261445, 36.37543907107755, 92.99570746347308],
       [127.36187932462310, 36.37544056252276, 93.44542444311082],
       [127.36187333068145, 36.37546428519109, 95.27435485646129],
       [127.36192215839947, 36.37540467768565, 92.66503697540611],
       [127.36188815087907, 36.37536878522418, 95.94576316233724],
       [127.36186556749004, 36.37538761758547, 96.91338125709444],
       [127.36183118698300, 36.37546333877883, 101.85888609383255],
       [127.36185158327872, 36.37546816996163, 98.84356462024152],
       [127.36186077739353, 36.37545622038630, 98.77048121951520],
       [127.36187603057465, 36.37541979987314, 100.50282501708716],
       [127.36188696751678, 36.37539854124628, 100.96101629827172],
       [127.36187762116208, 36.37540190357044, 105.59204844105989],
       [127.36186043788365, 36.37542002008524, 105.07784975972027],
       [127.36188944065101, 36.37538837806800, 98.72681958135217],
       [127.36189311406906, 36.37539485339629, 95.78068047855049],
       [127.36189689703708, 36.37543493258770, 102.59066767338663],
       [127.36189342046711, 36.37540493290543, 96.75330616068095],
       [127.36189499256022, 36.37541893475934, 99.08336714841425],
       [127.36189830076016, 36.37540751771459, 99.66256753914058],
       [127.36191268951868, 36.37538772731941, 93.23675662279129],
       [127.36191787126320, 36.37541184627902, 92.75465086568147],
       [127.36191872448296, 36.37541295118947, 94.13427890278399],
       [127.36191841546618, 36.37542147475541, 89.63102555647492],
       [127.36193370419821, 36.37545508491674, 94.27974881790578],
       [127.36192902055616, 36.37545151722264, 97.59262392111123],
       [127.36192264210676, 36.37544420407248, 98.24022577051073],
       [127.36192561443440, 36.37543285588109, 94.90727749466896],
       [127.36192258645727, 36.37542909625077, 95.20807985402644],
       [127.36194170053602, 36.37543240922000, 93.87504052463919],
       [127.36195864297432, 36.37542540788074, 88.65089606586844],
       [127.36194867098041, 36.37543304443771, 86.07345841452479],
       [127.36194121148964, 36.37545410411906, 87.29850366339087],
       [127.36194731879165, 36.37545599962045, 92.64203035458922],
       [127.36193800804939, 36.37548982967999, 87.48086159490049],
       [127.36192367349521, 36.37549911439195, 91.42877058219165],
       [127.36191122167043, 36.37549095322614, 88.45933801494539],
       [127.36190981172643, 36.37549438847883, 87.58542132843286],
       [127.36191779690641, 36.37547722494101, 82.67888856772333],
       [127.36196300091504, 36.37545741040404, 87.79056885279715],
       [127.36196836728971, 36.37543656372114, 85.64040376152843],
       [127.36195117227449, 36.37547046075935, 90.89436638914049],
       [127.36192466708148, 36.37550950146319, 92.46131945587695],
       [127.36192180715231, 36.37550107061412, 89.89592589531094],
       [127.36192621656760, 36.37548036467450, 91.12142987642437],
       [127.36195632119197, 36.37547661031282, 80.22177323140204],
       [127.36194703854153, 36.37548929793144, 84.04662605561316],
       [127.36193850087678, 36.37552998397525, 85.97705935779959],
       [127.36195625890696, 36.37553048903846, 89.97736911382526],
       [127.36193285499385, 36.37550227512180, 88.85245538037270],
       [127.36192938564990, 36.37551062306376, 82.98333303630352],
       [127.36192968027721, 36.37553140438710, 87.73850357066840],
       [127.36191920333306, 36.37555385692136, 94.50836424995214],
       [127.36192448800016, 36.37552660049672, 90.50255967210978],
       [127.36192138400941, 36.37552091652127, 84.23882699478418],
       [127.36192828397931, 36.37551266312344, 80.74115860182792],
       [127.36193210585597, 36.37548822443458, 78.60295527148992],
       [127.36192523007252, 36.37552828698307, 78.64094405062497],
       [127.36190828740848, 36.37554494675756, 83.21363879647106],
       [127.36193033909503, 36.37551421732721, 82.24818371981382],
       [127.36191695925690, 36.37554601277164, 85.21564438194036],
       [127.36193036562848, 36.37552262591120, 82.11380549240857],
       [127.36191882117315, 36.37552549424989, 83.69922125805169],
       [127.36193050563001, 36.37551777475032, 82.17192529048771],
       [127.36194620188772, 36.37551282655524, 83.20142361335456],
       [127.36194092103017, 36.37549697757025, 81.00197712052613],
       [127.36193564650100, 36.37549716407269, 77.73093532491475],
       [127.36193894023720, 36.37552664059434, 79.44552295189351],
       [127.36192960619627, 36.37550071295357, 86.51188978366554],
       [127.36193887487030, 36.37549405435241, 89.91051400732249],
       [127.36195494224795, 36.37551348600257, 81.89531322754920],
       [127.36193789859153, 36.37554382188083, 76.21391924005002],
       [127.36193054577727, 36.37556004840332, 73.01693701744080],
       [127.36193754404918, 36.37555132050586, 81.78317746054381],
       [127.36193456640517, 36.37557636853465, 79.12247759383172],
       [127.36193797848908, 36.37555768912674, 79.27159225009382],
       [127.36194343442322, 36.37549571470161, 79.35393857210875],
       [127.36194305492211, 36.37552278932350, 71.18526268191636],
       [127.36192337538961, 36.37554623441605, 76.69841947406530],
       [127.36192394151816, 36.37555009704952, 80.62591070402414],
       [127.36195482470636, 36.37553894349526, 80.14603751990944],
       [127.36193161216300, 36.37555661997158, 84.49877961631864],
       [127.36193064547297, 36.37556198450241, 88.89052208326757],
       [127.36194449655270, 36.37553061731587, 86.99230201076716],
       [127.36191289576890, 36.37555218380037, 81.04323810897768],
       [127.36191892696112, 36.37557279340629, 75.00165477488190],
       [127.36193460522037, 36.37555845829334, 74.44981992524117],
       [127.36191814343245, 36.37554548260105, 79.69757611304522],
       [127.36193113234968, 36.37555854317900, 79.99541519396007],
       [127.36190316447883, 36.37557701402100, 78.59014333225787],
       [127.36189131928701, 36.37558520882864, 77.60447240062058],
       [127.36191474731022, 36.37553229122150, 71.20235602185130],
       [127.36191855570749, 36.37554519013690, 75.71893578860909],
       [127.36195874142335, 36.37552109063308, 78.86161522101611],
       [127.36195628675546, 36.37549852887238, 84.22654796671122],
       [127.36196524488989, 36.37549070750996, 84.37641269899905],
       [127.36193964790805, 36.37551187093875, 79.04954871162772],
       [127.36194499173558, 36.37551574392574, 77.69717506039888],
       [127.36192769725292, 36.37553369218757, 76.77706306986511],
       [127.36192967623352, 36.37553609905270, 69.69795945286751],
       [127.36190908642440, 36.37556400993664, 80.01586150564253],
       [127.36189770803779, 36.37555740302494, 79.56387378927320],
       [127.36191134486255, 36.37554900108378, 79.22435912117362],
       [127.36191142010912, 36.37554371607906, 78.18009955435991],
       [127.36195500857488, 36.37549208120959, 73.01077551953495],
       [127.36194616219403, 36.37551130762877, 75.64344667922705],
       [127.36194200349185, 36.37550502573925, 74.46169552579522],
       [127.36197745969294, 36.37549665210226, 69.20158829167485],
       [127.36198157754502, 36.37550093017468, 71.27933651860803],
       [127.36197000860452, 36.37549711575601, 74.32590639125556],
       [127.36196475125182, 36.37548277128399, 73.94633920677006],
       [127.36192536833074, 36.37550380666655, 68.93700194265693],
       [127.36194284990481, 36.37545943150467, 63.98051400203258],
       [127.36192490154183, 36.37547890422262, 65.00021755229682],
       [127.36193573944075, 36.37550993441934, 66.05600021034479],
       [127.36196730300257, 36.37546538671978, 71.95598880201578],
       [127.36196411361114, 36.37551029269289, 77.67197720892727],
       [127.36194872567742, 36.37552484958286, 67.39748195279390],
       [127.36195692569004, 36.37550848748684, 72.79961243085563],
       [127.36195797638878, 36.37550055580569, 70.79799849167466],
       [127.36197328944597, 36.37548824882047, 59.63063589949161],
       [127.36194496555706, 36.37548901334945, 61.33866029698402],
       [127.36197650437724, 36.37546360023564, 67.67226135078818],
       [127.36193512998108, 36.37549342956368, 75.05390966590494],
       [127.36194078926536, 36.37548044622444, 67.58853854052722],
       [127.36194928062180, 36.37549955026707, 74.97535505238920],
       [127.36194888017067, 36.37548175188858, 69.17834188975394],
       [127.36189933766673, 36.37549447813704, 69.54650154337287],
       [127.36191563881525, 36.37550286832368, 66.89034665282816],
       [127.36194390058613, 36.37546862933770, 71.37569220457226],
       [127.36193890927953, 36.37547469011262, 75.89944109413773],
       [127.36192673628356, 36.37548852123910, 77.67678326554596],
       [127.36192834608214, 36.37547647463987, 80.81882124952972],
       [127.36191977180786, 36.37546543382901, 72.31712977495044],
       [127.36194206893693, 36.37542375415016, 75.00331612583250],
       [127.36192938799557, 36.37544887014268, 66.87228221911937],
       [127.36190647547544, 36.37548179177621, 67.18250593263656],
       [127.36194868710921, 36.37543497703076, 69.25010914728045],
       [127.36195031691003, 36.37545120445119, 74.42622451670468],
       [127.36193749255247, 36.37547466626923, 74.91016610339284],
       [127.36194918485074, 36.37545437190508, 70.54600625857711],
       [127.36192446275706, 36.37545300663547, 75.79950337391347],
       [127.36191058850183, 36.37546877336463, 75.29468397609890],
       [127.36190561422838, 36.37544348695913, 73.88894344680011],
       [127.36193179321580, 36.37544105020036, 76.15134596358985],
       [127.36191660064300, 36.37543951621994, 74.15788530372083],
       [127.36190665006912, 36.37544248507974, 79.10648381616920],
       [127.36190717881497, 36.37544380033555, 74.81505586393178],
       [127.36189052313003, 36.37543401470597, 79.96974349673837],
       [127.36187915485181, 36.37548538865433, 80.30160713754594],
       [127.36188015708265, 36.37548342714812, 85.17889337707311],
       [127.36189095760398, 36.37546670354956, 79.90318332333118],
       [127.36191358591275, 36.37544205604725, 81.13611339498311],
       [127.36192907013253, 36.37543904937840, 73.88353681284934],
       [127.36191464672640, 36.37542534977150, 79.23714073374867],
       [127.36187776711094, 36.37544275509263, 81.83604162279516],
       [127.36187448637838, 36.37546631937916, 85.48220794554800],
       [127.36191924835624, 36.37543249538722, 80.65192046947777],
       [127.36189458880054, 36.37541467935985, 77.08938883896917],
       [127.36187735415879, 36.37545499722264, 78.18200548086315],
       [127.36187826608779, 36.37546125658552, 81.32203254569322],
       [127.36188796178250, 36.37546360589338, 81.16891958191991],
       [127.36188153160903, 36.37542730783014, 72.30422890000045],
       [127.36186110109692, 36.37547429070997, 86.95420778263360],
       [127.36187303426851, 36.37544379004633, 91.47490685153753],
       [127.36186390908095, 36.37545407367653, 81.88141041155905],
       [127.36188762721703, 36.37542034277244, 82.66511061228812],
       [127.36187939508122, 36.37546116475839, 85.14781644847244],
       [127.36185029139557, 36.37547315468054, 93.81711990479380],
       [127.36186932425409, 36.37545947235888, 94.47911734879017],
       [127.36188488826134, 36.37544351388324, 95.27015253342688],
       [127.36184781998685, 36.37548792355201, 100.57615611888468],
       [127.36183596760468, 36.37553856688148, 97.59320196136832],
       [127.36182311417704, 36.37550733487770, 100.02835033275187],
       [127.36184105977600, 36.37546685398354, 94.08060123492032],
       [127.36184417343051, 36.37550616963683, 98.32265526708215],
       [127.36182783133403, 36.37552215855067, 112.37008501309901],
       [127.36186006453094, 36.37548471375690, 107.40731252916157],
       [127.36185527920834, 36.37549351223411, 100.94327941723168],
       [127.36188199441301, 36.37546498659444, 92.15490293782204],
       [127.36186559854877, 36.37547408726285, 92.18070486467332],
       [127.36185526506867, 36.37547632982423, 98.96137293148786],
       [127.36185525740218, 36.37546987184885, 112.41854018159211],
       [127.36184964512516, 36.37545489254073, 104.60624813754112],
       [127.36184589839823, 36.37547839641598, 101.45645678415895],
       [127.36182742689684, 36.37550450010679, 103.00216250773519],
       [127.36184454770152, 36.37545903905418, 99.30871413741261],
       [127.36184409754563, 36.37548867906619, 104.47152140457183],
       [127.36186259093084, 36.37544122029856, 102.93570044357330],
       [127.36185873107490, 36.37543156710932, 96.35222775023431],
       [127.36186471959385, 36.37546259226371, 100.12355643138289],
       [127.36186723248152, 36.37548473740405, 100.97361116018146],
       [127.36184374248796, 36.37550413992548, 97.61592972837389],
       [127.36183586182887, 36.37546372489322, 97.14320609811693],
       [127.36187989516512, 36.37543526591775, 99.08813638612628],
       [127.36186967717663, 36.37543021842741, 102.07234168332070],
       [127.36184443370090, 36.37548739556423, 102.79766694363207],
       [127.36185760179474, 36.37550099268442, 97.14032429642975],
       [127.36187018810610, 36.37549340038249, 99.33079229854047],
       [127.36184380627674, 36.37550043450968, 98.86941211018711],
       [127.36184785868677, 36.37549204674438, 99.58852884545922],
       [127.36184995765466, 36.37549875646882, 95.74272487219423],
       [127.36186165578160, 36.37552427209660, 92.52384568657726],
       [127.36187890544818, 36.37555101111002, 97.68670607730746],
       [127.36186047303546, 36.37556370282008, 97.41228257864714],
       [127.36184292079204, 36.37554330610696, 94.99905132316053],
       [127.36185261286533, 36.37552395442808, 87.98828519973904],
       [127.36187380986149, 36.37550603752405, 91.04413518123329],
       [127.36185999328563, 36.37553533555505, 91.24066887795925],
       [127.36184289461781, 36.37556655161001, 88.50826241914183],
       [127.36183883060939, 36.37555707806823, 85.79491163324565],
       [127.36186380570766, 36.37553247514947, 97.17271122708917],
       [127.36189265161944, 36.37550540512522, 90.07540619093925],
       [127.36187532114103, 36.37553755327130, 93.91180113516748],
       [127.36186990407256, 36.37554470814132, 91.55586165376008],
       [127.36187395556784, 36.37553832692164, 90.44034912064672],
       [127.36187376000296, 36.37556548275311, 94.70544992201030],
       [127.36188534483284, 36.37556042755167, 90.63269572239369],
       [127.36189476553487, 36.37555954328076, 90.09356356225908],
       [127.36188766492566, 36.37554793557504, 83.65586171578616],
       [127.36189225684281, 36.37552949707440, 86.60328845679760],
       [127.36191749137627, 36.37551109715857, 86.62461442500353],
       [127.36187997916925, 36.37557621747382, 83.40467570163310],
       [127.36188457128745, 36.37553368264099, 83.96290896832943],
       [127.36186559491311, 36.37554668534554, 79.54611040651798],
       [127.36188227844407, 36.37553095597592, 88.34884573984891],
       [127.36187286055093, 36.37555690640514, 89.06692230422050],
       [127.36187014069930, 36.37553684287513, 85.89743310771883],
       [127.36188452548757, 36.37552946252868, 84.01557477284223],
       [127.36190214867972, 36.37554129663841, 80.25590888131410],
       [127.36191181440725, 36.37551941276926, 81.29142003692687],
       [127.36189532998824, 36.37553414138394, 85.76053693331778],
       [127.36190057980420, 36.37550995316982, 79.06072711013258],
       [127.36188628821110, 36.37551706937872, 80.45014245714992],
       [127.36191501588212, 36.37552967244695, 79.81213237904012],
       [127.36188435779111, 36.37552793321696, 83.43525243457407],
       [127.36190358483429, 36.37552364824941, 87.14241417497396],
       [127.36191589240011, 36.37551830403326, 84.12306157685816],
       [127.36191430428072, 36.37552215066626, 84.42812841851264],
       [127.36189456608352, 36.37557155983687, 93.36061566323042],
       [127.36192815530781, 36.37550696830707, 81.72667594160885],
       [127.36189843156451, 36.37554959657960, 87.18751073349267],
       [127.36189473654228, 36.37553848771519, 87.67424325831234],
       [127.36191160097920, 36.37552163742037, 85.07118636276573],
       [127.36188860239596, 36.37554005798257, 84.07447305507958],
       [127.36191587749445, 36.37551251992125, 79.99914442654699],
       [127.36192562209872, 36.37551947081898, 85.12354331649840],
       [127.36190161018516, 36.37553805332984, 85.53289324417710],
       [127.36190514660618, 36.37554357572404, 83.08507185988128],
       [127.36188425227844, 36.37556741600829, 87.97213028743863],
       [127.36186441881831, 36.37557480380275, 93.35904239863157],
       [127.36188652893615, 36.37554708845953, 88.96584225632250],
       [127.36189652328410, 36.37553049249529, 87.50407490041107],
       [127.36189724316252, 36.37554007901561, 93.80077496729791],
       [127.36189715054707, 36.37554245041046, 96.40194611623883],
       [127.36190128029335, 36.37555192280764, 94.84220009855926],
       [127.36190538102242, 36.37554897201055, 91.50166955403984],
       [127.36193006383091, 36.37549157022528, 85.27845754474401],
       [127.36189318395630, 36.37549921036999, 92.67273353878409],
       [127.36187329922281, 36.37553251228187, 97.86111308261752],
       [127.36188171997966, 36.37557639167778, 93.36448136158288],
       [127.36188948131962, 36.37557238288795, 99.02918153908104],
       [127.36190836153165, 36.37552701586729, 95.44139301683754],
       [127.36189598655302, 36.37553814723064, 97.16950807254761],
       [127.36187619263050, 36.37555472445946, 93.71058647334576],
       [127.36189181409470, 36.37555696221622, 93.52381725981832],
       [127.36190136768651, 36.37548716141478, 86.81900119781494],
       [127.36191051848428, 36.37549795362543, 88.22520922217518],
       [127.36191614392560, 36.37552734804247, 92.97481783386320],
       [127.36192109098707, 36.37553434157812, 106.66865324974060],
       [127.36190145949139, 36.37551039681063, 101.01892469450831],
       [127.36192236482302, 36.37547974308690, 91.12408506032079],
       [127.36189429402475, 36.37550724252618, 98.76698994357139],
       [127.36192959807055, 36.37551838530998, 98.24291161727160],
       [127.36189804658817, 36.37553296838664, 99.52076652366668],
       [127.36190693705578, 36.37552654469454, 93.66955868899822],
       [127.36189712175248, 36.37553935354975, 92.57358228322119],
       [127.36191362063877, 36.37549519620562, 86.85220598895103],
       [127.36191069592878, 36.37549350985770, 93.27825818303972],
       [127.36192438518796, 36.37547950076836, 96.88689227029681],
       [127.36191702511695, 36.37551520004985, 106.62120333034545],
       [127.36187798421115, 36.37551425183555, 108.73542449250817],
       [127.36188381219327, 36.37548966131519, 106.08267899323255],
       [127.36188852218099, 36.37547105130523, 96.68756088055670],
       [127.36188295166099, 36.37547648752223, 103.72324888221920],
       [127.36188387266408, 36.37550943350686, 104.47848140634596],
       [127.36187997686130, 36.37554241086369, 107.30838122405112],
       [127.36190626992173, 36.37548810088943, 109.24968785233796],
       [127.36191794328309, 36.37545714734437, 105.26473055966198],
       [127.36191768179025, 36.37546447335308, 105.09811506140977],
       [127.36188334416670, 36.37550230687036, 98.69825965818018],
       [127.36188746691414, 36.37547707856064, 103.33624179754406],
       [127.36190841280930, 36.37548216552353, 103.22287866380066],
       [127.36190893002686, 36.37547263183644, 102.67402058187872],
       [127.36190806871059, 36.37547228461850, 103.24089385569096],
       [127.36189880499464, 36.37547151596581, 95.05391594208777],
       [127.36190480200820, 36.37548272841384, 99.65891140699387],
       [127.36192692921276, 36.37552552922756, 96.54147576633841],
       [127.36191568313636, 36.37550609401269, 97.06373030692339],
       [127.36188176019037, 36.37553219861826, 105.90516216959804],
       [127.36191165020713, 36.37551869442552, 98.26154123153538],
       [127.36192013634775, 36.37549543029600, 96.77852127049118],
       [127.36192346878590, 36.37545789550281, 92.97421553265303],
       [127.36192795149479, 36.37544549044163, 85.81245206389576],
       [127.36192032938995, 36.37543696153880, 90.52160941530019],
       [127.36193098442740, 36.37547180007859, 91.94447802565992],
       [127.36190407229275, 36.37547910678855, 99.75466255284846],
       [127.36192990116878, 36.37546011081996, 96.28378723282367],
       [127.36193840337945, 36.37544694817539, 100.30355926137418],
       [127.36190348940524, 36.37546451801713, 94.27819296997041],
       [127.36195110150641, 36.37542843835860, 89.43799982778728],
       [127.36196521574293, 36.37541761634721, 76.45266620907933],
       [127.36196087619476, 36.37544278649130, 83.79333503078669],
       [127.36196193952112, 36.37543848340155, 82.04657819680870],
       [127.36194553871421, 36.37545762268731, 79.64541501551867],
       [127.36192941327006, 36.37545190761686, 84.74878853373230],
       [127.36193733357612, 36.37544285947813, 77.67002459522337],
       [127.36195600733676, 36.37542968300387, 75.62334365397692],
       [127.36194057656846, 36.37543053395003, 83.15915515366942],
       [127.36192238198936, 36.37547036028140, 74.41579496022314],
       [127.36191961557829, 36.37544337324418, 72.11043924838305],
       [127.36192102518145, 36.37545951510488, 87.79635161161423],
       [127.36192562750330, 36.37549043033624, 89.34872783813626],
       [127.36194606458500, 36.37546816365041, 92.35335204750299],
       [127.36195101267208, 36.37546645332004, 88.59234003350139],
       [127.36193032055608, 36.37546842918068, 83.65589449368417],
       [127.36191356136388, 36.37549473680220, 91.00381646305323],
       [127.36192094857326, 36.37547456257981, 80.75541061908007],
       [127.36191488364643, 36.37545238777812, 83.78637348115444],
       [127.36192172297679, 36.37544791184228, 73.40732602216303],
       [127.36190292077941, 36.37548387044978, 82.86024527158588],
       [127.36189941999916, 36.37549621847329, 89.68167816381902],
       [127.36192351421130, 36.37548219813821, 87.12335499096662],
       [127.36193010026605, 36.37549106182797, 93.32778693456203],
       [127.36190873365842, 36.37550745547611, 84.23266005422920],
       [127.36191516703826, 36.37551087976680, 77.03287045843899],
       [127.36193422252465, 36.37548659232400, 80.60072347894311],
       [127.36192626134810, 36.37548723399841, 88.63127014320344],
       [127.36193303519421, 36.37544727399365, 77.90092408657074],
       [127.36190236033188, 36.37547060777128, 79.74836759641767],
       [127.36191935010726, 36.37551683656648, 72.70353676099330],
       [127.36189428854719, 36.37553128149432, 76.68571500666440],
       [127.36192199330883, 36.37551502693331, 75.14416252914816],
       [127.36193556381428, 36.37551437440426, 87.59859826695174],
       [127.36193059818113, 36.37547772395534, 82.64422010164708],
       [127.36193895921200, 36.37545485958741, 81.57895604521036],
       [127.36196559532964, 36.37544928468809, 74.76177546195686],
       [127.36193412528790, 36.37550100393194, 69.00816709175706],
       [127.36193612764534, 36.37550644643284, 68.89043068792671],
       [127.36192529350424, 36.37550915294590, 77.92564098536968],
       [127.36193418524171, 36.37548883371000, 73.87987216189504],
       [127.36194342122339, 36.37547217685837, 68.01469952519983],
       [127.36195134126704, 36.37542637764191, 69.76602665428072],
       [127.36192545260819, 36.37543724720545, 76.34997080359608],
       [127.36193186846882, 36.37548309844399, 81.50509081128985],
       [127.36194922198820, 36.37545799068636, 81.96838077250868],
       [127.36194073233281, 36.37548480543755, 76.42884900514036],
       [127.36192797280610, 36.37548959311427, 77.50134277157485],
       [127.36192430726014, 36.37550377549221, 77.36991809774190],
       [127.36190858600425, 36.37551150792748, 82.09927729330957],
       [127.36190469346741, 36.37550839059079, 75.40309853106737],
       [127.36191036140720, 36.37551437172660, 76.96354557294399],
       [127.36189777365642, 36.37549526519972, 78.98456340096891],
       [127.36187959075578, 36.37547688112924, 79.09935283008963],
       [127.36188791025344, 36.37547515169499, 78.50104125216603],
       [127.36190206878436, 36.37548298766966, 80.82156527508050],
       [127.36190914574722, 36.37549986173761, 76.67223924864084],
       [127.36186815961736, 36.37551877889558, 83.85662821121514],
       [127.36188232408539, 36.37547765606855, 80.64252667687833],
       [127.36190634293681, 36.37547376319795, 79.15217539668083],
       [127.36189487194417, 36.37547176019145, 77.69916250184178],
       [127.36193450853828, 36.37548612684429, 71.50732806138694],
       [127.36193405875760, 36.37550441678655, 71.73898820485920],
       [127.36191918212795, 36.37551964966120, 77.32063759583980],
       [127.36193201097355, 36.37548878049063, 77.50726600270718],
       [127.36194756433689, 36.37548100702047, 79.34288974571973],
       [127.36193238986121, 36.37549293994483, 76.75110114272684],
       [127.36189982350537, 36.37552694274307, 81.00229226797819],
       [127.36187203426007, 36.37554237802677, 84.67326388787478],
       [127.36187370609984, 36.37556073162522, 84.54237572383136],
       [127.36190338296278, 36.37552164286979, 82.74056206084788],
       [127.36191316880972, 36.37552166359102, 86.04678098298609],
       [127.36189546184363, 36.37554834149289, 91.47320079989731],
       [127.36189869282495, 36.37554803141243, 83.67107110004872],
       [127.36187904305416, 36.37554805242567, 81.17132426518947],
       [127.36188117778063, 36.37554750872654, 82.80900879763067],
       [127.36188181506836, 36.37552236832735, 81.55628486070782],
       [127.36191067498865, 36.37551561448332, 78.58218756318092],
       [127.36190434749835, 36.37552235188993, 76.98313638102263],
       [127.36190626837931, 36.37553229254890, 84.06225491315126],
       [127.36189118673140, 36.37550514621152, 89.74892792012542],
       [127.36186374664099, 36.37554962056424, 90.92145571764559],
       [127.36186805745756, 36.37556542666494, 94.51225683093071],
       [127.36182022495960, 36.37553493828017, 101.76730410475284],
       [127.36184544866676, 36.37549840802606, 91.92782829329371],
       [127.36186374001490, 36.37551642609638, 91.07095050439239],
       [127.36185351381684, 36.37552326265416, 95.38998918328434],
       [127.36185557376460, 36.37551329436226, 96.84622619394213],
       [127.36187681983930, 36.37548884340876, 94.04125759843737],
       [127.36189371436420, 36.37549366679071, 90.36945491284132],
       [127.36187673755119, 36.37549182851323, 90.87796631548554],
       [127.36185906180366, 36.37553448397281, 97.26964771281928],
       [127.36184759849728, 36.37548305636372, 96.82368197664618],
       [127.36185830922241, 36.37548311129964, 101.68868693802506],
       [127.36185937160215, 36.37552611138673, 96.34073482360691],
       [127.36185986941392, 36.37554547529291, 95.33357614465058],
       [127.36185338943608, 36.37554997996308, 95.42298133205622],
       [127.36186333564548, 36.37553182650998, 93.84094507340342],
       [127.36188914002682, 36.37548447215100, 97.17752451635897],
       [127.36187763214039, 36.37550092698349, 101.01705776900053],
       [127.36187370030828, 36.37551321389613, 93.92773929890245],
       [127.36184156264248, 36.37554660607209, 96.44711176864803],
       [127.36187317967195, 36.37554738797569, 98.28760498389602],
       [127.36190224638966, 36.37554276154307, 88.43052683956921],
       [127.36187001748114, 36.37554816805722, 91.97239074390382],
       [127.36187118151607, 36.37553412951904, 89.61245115380734],
       [127.36187940805935, 36.37553540046472, 89.74382443167269],
       [127.36188179109496, 36.37553967226210, 96.15305636357516],
       [127.36186870323671, 36.37553411669849, 99.52817365434021],
       [127.36189814800494, 36.37552987730714, 97.05542208068073],
       [127.36185751571338, 36.37557044029980, 99.09312466159463],
       [127.36187112384179, 36.37551877599934, 100.08796850033104],
       [127.36185953758682, 36.37552233769335, 97.04195456206799],
       [127.36186569318724, 36.37549639515453, 97.83711909689009],
       [127.36186235649883, 36.37550397459212, 102.90855793375522],
       [127.36186303416399, 36.37552324837920, 105.51819908712059],
       [127.36190026395982, 36.37550365077677, 99.86835778411478],
       [127.36189305604024, 36.37550097966646, 94.69985924195498],
       [127.36188267181393, 36.37550958082925, 91.66515511181206],
       [127.36184846132635, 36.37551569992176, 96.05373720545322],
       [127.36184355806806, 36.37551636437690, 113.57634740788490],
       [127.36186407330067, 36.37549795403213, 106.20137559995055],
       [127.36189409734121, 36.37545682362616, 101.44868391007185],
       [127.36189733671021, 36.37543712821784, 98.63292870670557],
       [127.36188623875596, 36.37542939412702, 105.06361215654761],
       [127.36188467999216, 36.37543858012666, 105.82878910005093],
       [127.36188913000564, 36.37542252545449, 95.92160718515515],
       [127.36187009140798, 36.37545495763401, 91.65068911295384],
       [127.36187369382061, 36.37547739861958, 99.92580068763345],
       [127.36188842402549, 36.37548202405969, 107.79266100004315],
       [127.36191809929667, 36.37545393821895, 100.62216071970761],
       [127.36190990620861, 36.37546112659755, 99.68011117447168],
       [127.36188925923454, 36.37545135165536, 98.74404660239816],
       [127.36190109074506, 36.37547192948114, 96.87225309479982],
       [127.36192314160833, 36.37545051409731, 96.50080454256386],
       [127.36191320021597, 36.37547616500967, 102.03438945859671],
       [127.36192356341847, 36.37548880260630, 98.38089155033231],
       [127.36190054786397, 36.37549876014231, 95.02620502561331],
       [127.36188623963115, 36.37548931546561, 99.62435589823872],
       [127.36191639078476, 36.37546940469776, 93.40312426351011],
       [127.36190921974806, 36.37548253138000, 94.55511425901204],
       [127.36192258538667, 36.37547629110827, 91.55968189239502],
       [127.36191411324492, 36.37546146962122, 84.83515384793282],
       [127.36190582702469, 36.37543419905779, 83.98145167250186],
       [127.36189343704648, 36.37546812166789, 87.31646748911589],
       [127.36190802037996, 36.37548416220147, 93.84098953753710],
       [127.36192049291934, 36.37547644376848, 94.67896789591759],
       [127.36191305175917, 36.37549072939361, 96.18204203620553],
       [127.36191251409811, 36.37551612675511, 106.53288792259991],
       [127.36191859247761, 36.37547628978371, 95.54361967090517],
       [127.36190112980573, 36.37549524951866, 89.01401106361300],
       [127.36190981448433, 36.37550630186209, 93.93686448503286],
       [127.36188415567381, 36.37553218173959, 100.78390235826373],
       [127.36189771939524, 36.37548387401754, 94.18262841459364],
       [127.36188838847495, 36.37549969245102, 92.65954264812171],
       [127.36191073506841, 36.37544618622617, 86.15884157735854],
       [127.36190003917315, 36.37544492445745, 87.50610507465899],
       [127.36192660828907, 36.37547986599219, 97.44656801316887],
       [127.36193464530342, 36.37547337872853, 96.61153976619244],
       [127.36189873543967, 36.37552087819864, 105.50377365294844],
       [127.36194872858648, 36.37548983540900, 86.38765393290669],
       [127.36192879087001, 36.37542968565230, 88.09232386667281],
       [127.36192739838340, 36.37546756753706, 90.65904170460999],
       [127.36193314586950, 36.37544834366062, 83.90694482903928],
       [127.36192771570317, 36.37545763544024, 90.50134600978345],
       [127.36189816263892, 36.37547093402904, 90.34202581644058],
       [127.36190454742265, 36.37547961402849, 84.74360297340900],
       [127.36193607280548, 36.37545683837809, 84.94092837441713],
       [127.36195471481987, 36.37545001218870, 92.18323450163007],
       [127.36193636018811, 36.37551313057378, 93.69937927089632],
       [127.36191049134759, 36.37554238196951, 90.07337284740061],
       [127.36192770014939, 36.37553708263181, 81.42141175176948],
       [127.36191833172782, 36.37555468088875, 84.78840122371912],
       [127.36192248833697, 36.37555047413036, 87.21580133028328],
       [127.36190919150209, 36.37557536980520, 91.40569520741701],
       [127.36193142704354, 36.37549769465274, 90.80655223969370],
       [127.36195570497746, 36.37548169810111, 93.43910422455519],
       [127.36193111871111, 36.37547396093247, 86.65573148056865],
       [127.36191499246377, 36.37548946681835, 85.01305737532675],
       [127.36192871010985, 36.37553002464121, 81.80263552162796],
       [127.36192929920649, 36.37550740742357, 84.14738245401531],
       [127.36193166842352, 36.37550554036510, 80.90782130789012],
       [127.36193838601343, 36.37552411784780, 88.32763645984232],
       [127.36189637166726, 36.37559643798160, 94.31539726443589],
       [127.36189203146016, 36.37555460092599, 92.46451349649578],
       [127.36188861287683, 36.37555313237063, 94.12017068732530],
       [127.36189172257967, 36.37550662542929, 84.78427470941097],
       [127.36188480427423, 36.37552370566259, 94.00207813829184],
       [127.36187762576517, 36.37553650353454, 89.47434384282678],
       [127.36187463631578, 36.37552647482455, 95.26406722422689],
       [127.36189268313825, 36.37551562638698, 87.29868546873331],
       [127.36187064300272, 36.37558973630962, 95.16267109382898],
       [127.36187476483853, 36.37557198071220, 93.99267196934670],
       [127.36185418909589, 36.37559959430888, 95.76664979662746],
       [127.36184217131513, 36.37557360271103, 98.72916950285435],
       [127.36185369697210, 36.37556055003878, 102.54712711181492],
       [127.36188141211149, 36.37550752847437, 97.56895101629198],
       [127.36187168567655, 36.37552537837038, 95.44844039715827],
       [127.36184950030598, 36.37554691585881, 100.67746519483626],
       [127.36184055754229, 36.37558711016106, 94.11414577998221],
       [127.36183409587287, 36.37563879913493, 102.42919703386724],
       [127.36186812931312, 36.37556760072027, 95.21154962107539],
       [127.36183448949031, 36.37557331074123, 96.15042336191982],
       [127.36184121491027, 36.37553507606712, 90.93006480019540],
       [127.36182731775055, 36.37556999027196, 99.74908943660557],
       [127.36182921654223, 36.37558712388143, 100.81015356443822],
       [127.36184420399105, 36.37556181272738, 100.74491106718779],
       [127.36182708600920, 36.37556840726430, 104.10638525430113],
       [127.36184435845774, 36.37553153024991, 102.79301630612463],
       [127.36188286725881, 36.37549181151914, 100.18402969837189],
       [127.36186015003047, 36.37553574430291, 104.11309990007430],
       [127.36187002340164, 36.37556673153321, 99.61789489723742],
       [127.36185590170963, 36.37551660284491, 96.32286823354661],
       [127.36187483745218, 36.37552047813730, 98.72002533916384],
       [127.36186549318401, 36.37553354230227, 101.75272882636636],
       [127.36185454525729, 36.37549617600214, 102.74935069121420],
       [127.36183271017741, 36.37549401683097, 102.89281730912626],
       [127.36183950390068, 36.37552889935720, 105.78285525087267],
       [127.36185896392438, 36.37549609052409, 105.48441528249532],
       [127.36183113186087, 36.37550398575367, 94.94347046036273],
       [127.36183225701612, 36.37553147138194, 90.72358403727412],
       [127.36184911047690, 36.37553355762900, 98.94675850123167],
       [127.36185611697263, 36.37551953077481, 105.14831631071866],
       [127.36183687983824, 36.37557560600929, 105.77010902017355],
       [127.36183992425670, 36.37555724309352, 110.43756148125976],
       [127.36182880743789, 36.37552805810460, 104.48218351975083],
       [127.36186782194115, 36.37544633914408, 102.21323883440346],
       [127.36184967107457, 36.37546660017102, 101.79875995125622],
       [127.36182034405822, 36.37555152710046, 97.66610906366259],
       [127.36181742233229, 36.37553971610258, 102.73808546550572],
       [127.36182931351472, 36.37554515572968, 102.36688368953764],
       [127.36181281331852, 36.37557628400146, 106.14321839436889],
       [127.36181972179081, 36.37551020655027, 108.79552337061614],
       [127.36182542663721, 36.37552739805280, 96.05482932459563],
       [127.36187314032556, 36.37548684322718, 90.98452991433442],
       [127.36184798468135, 36.37552022000231, 104.71144145634025],
       [127.36183111579227, 36.37549278120665, 95.69580162595958],
       [127.36184233258011, 36.37547990387328, 88.97771608456969],
       [127.36185586153636, 36.37545958881043, 91.25484635122120],
       [127.36183082870008, 36.37550666372714, 98.54324268270284],
       [127.36184952628737, 36.37549267585384, 101.05564331728965],
       [127.36188103126253, 36.37546328293688, 96.79958505090326],
       [127.36184363590178, 36.37550376479574, 107.00588276982307],
       [127.36184300187790, 36.37548316880564, 98.53937697596848],
       [127.36184897353519, 36.37548770559356, 94.91728404164314],
       [127.36185384619715, 36.37544086785518, 94.00622967351228],
       [127.36188407670353, 36.37542910686966, 90.88467837311327],
       [127.36187225952763, 36.37546079448858, 95.18406984396279],
       [127.36184237834514, 36.37550402403772, 92.73094595782459],
       [127.36184916598518, 36.37547869371818, 94.88103322032839],
       [127.36189037013347, 36.37545234014190, 89.22090083081275],
       [127.36188538334356, 36.37544963989856, 92.17584497481585],
       [127.36187225811896, 36.37543763208689, 91.37590217590332],
       [127.36186294048322, 36.37544491273810, 94.42146462574601],
       [127.36185930061879, 36.37550619590231, 99.23178274463862],
       [127.36186441849658, 36.37552568352659, 95.65927050728351],
       [127.36187701343739, 36.37548425945705, 83.99439799878746],
       [127.36188697373210, 36.37548346564055, 78.28186607733369],
       [127.36188688754115, 36.37547272318488, 85.01815646886826],
       [127.36186040347356, 36.37549219511531, 96.49855046253651],
       [127.36187640882800, 36.37548249084942, 90.33729297388345],
       [127.36185998606628, 36.37548477224414, 85.90583185106516],
       [127.36188679277426, 36.37547833812845, 83.99143771361560],
       [127.36190504147875, 36.37546420638238, 80.43387059587985],
       [127.36191307360325, 36.37546056914965, 83.30678723286837],
       [127.36191379569468, 36.37543058553287, 81.22111798822880],
       [127.36189375512484, 36.37545999509799, 80.83223396725953],
       [127.36187694069751, 36.37550153485574, 87.36685121525079],
       [127.36191323622008, 36.37547954765046, 84.00194799900055],
       [127.36188930836134, 36.37550260480498, 87.21861506439745],
       [127.36189138832762, 36.37551686813199, 84.95516180898994],
       [127.36187762244285, 36.37553021769100, 92.68294931761920],
       [127.36187555330392, 36.37550760451839, 91.64600734505802],
       [127.36188236247021, 36.37550657057113, 93.16697953641415],
       [127.36190096854945, 36.37547061823163, 85.80365761928260],
       [127.36191293643867, 36.37544263698381, 89.06123083364218],
       [127.36189132991316, 36.37545567506963, 92.24065858870745],
       [127.36184977996579, 36.37552104869679, 94.99884570017457],
       [127.36186151025450, 36.37552297295247, 92.94525405485183],
       [127.36188103058650, 36.37550765637909, 91.31485276296735],
       [127.36189730059886, 36.37547979723314, 96.95154800172895],
       [127.36188463699756, 36.37550393070314, 95.37383938115090],
       [127.36189356441827, 36.37543964768719, 89.95062743127346],
       [127.36189938951827, 36.37545482598249, 88.68318967428058],
       [127.36188580286914, 36.37547229810257, 97.23466567229480],
       [127.36190754130094, 36.37544991323584, 88.06613152194768],
       [127.36190092314359, 36.37546276437992, 89.35621559433639],
       [127.36188734827007, 36.37549747119802, 89.56333247665316],
       [127.36187793368870, 36.37549901727460, 94.75027819070965],
       [127.36190875253263, 36.37545806264498, 93.83130334783345],
       [127.36192882754466, 36.37543790544549, 85.73976813536137],
       [127.36193281570817, 36.37543348633415, 84.15872722305357],
       [127.36194063843230, 36.37541371110519, 86.52590684965253],
       [127.36192197049883, 36.37546234411317, 89.10328795388341],
       [127.36195589977379, 36.37543705655413, 84.39444181602448],
       [127.36193327796691, 36.37543167748492, 83.84234461374581],
       [127.36191902989809, 36.37548094275463, 90.02381574362516],
       [127.36192001410870, 36.37544925132465, 87.06883481703699],
       [127.36190774665653, 36.37546766559603, 96.57083612401038],
       [127.36192349086922, 36.37541959903110, 87.65935136750340],
       [127.36193517722889, 36.37544791459407, 87.15855196397752],
       [127.36191055301353, 36.37551064942387, 93.86766339093447],
       [127.36190931400778, 36.37546373995349, 91.29278447572142],
       [127.36188819700233, 36.37546150801727, 96.29444203060120],
       [127.36187508877315, 36.37546739907260, 100.38451070617884],
       [127.36191645689902, 36.37544503717854, 91.35653192456812],
       [127.36193065299248, 36.37543162470573, 80.85570895206183],
       [127.36192581658946, 36.37548242142022, 89.10019871685654],
       [127.36190570487159, 36.37552384521408, 91.09338200557977],
       [127.36191528402618, 36.37549676564961, 90.13944373745471],
       [127.36189419150587, 36.37550011926584, 92.58429367654026],
       [127.36190567471222, 36.37545746227218, 98.66172858700156],
       [127.36190678130373, 36.37549450759875, 90.61205333378166],
       [127.36188561007150, 36.37552137208687, 97.57124553062022],
       [127.36187628893413, 36.37554650143619, 99.29533695988357],
       [127.36188454271098, 36.37551055164980, 97.19619168341160],
       [127.36189303574371, 36.37548326739451, 97.59540186543018],
       [127.36190043501512, 36.37546200393861, 99.25133342761546],
       [127.36189409104060, 36.37548203690787, 98.84817987680435],
       [127.36187175502150, 36.37550256945337, 99.85332954023033],
       [127.36186422901956, 36.37551389638388, 99.39790664426982],
       [127.36188561840864, 36.37548716679718, 96.30196893308312],
       [127.36189092529020, 36.37550320609206, 87.89504431374371],
       [127.36188795142201, 36.37551381699085, 81.47410610131919],
       [127.36186754972154, 36.37548870556297, 90.76035320293158],
       [127.36185529352028, 36.37550884270853, 97.07227667234838],
       [127.36188233471587, 36.37547169346814, 96.35725156590343],
       [127.36187570361139, 36.37549867346942, 93.22212225385010],
       [127.36187679447161, 36.37550661830314, 82.40577088575810],
       [127.36189337629752, 36.37549393704539, 87.79725884646177],
       [127.36187813292732, 36.37549050128504, 92.75652197655290],
       [127.36186914768759, 36.37546450068353, 94.91499071381986],
       [127.36186037285979, 36.37547483720337, 97.08742550387979],
       [127.36186656309165, 36.37547863706396, 100.18380713835359],
       [127.36186644026783, 36.37551483920004, 97.47787671070546],
       [127.36187361511402, 36.37551486498791, 92.21469643525779],
       [127.36189435840228, 36.37552179567952, 92.87742264848202],
       [127.36189120261290, 36.37550461976109, 89.92208955436945],
       [127.36189009668082, 36.37548202986664, 82.87645551934838],
       [127.36189729703814, 36.37547848619883, 85.16962571535259],
       [127.36189886217936, 36.37548526154693, 88.94934012275189],
       [127.36186465658506, 36.37550794097962, 93.88758233841509],
       [127.36187546341478, 36.37548541929743, 92.39996553026140],
       [127.36189395795958, 36.37542280321127, 90.39280329458416],
       [127.36193012796980, 36.37535701497629, 84.15232633519918],
       [127.36192724850676, 36.37539710469294, 79.75963198859245],
       [127.36191809371964, 36.37542573909897, 84.63779980782419],
       [127.36193425918810, 36.37550811685720, 87.28051178250462],
       [127.36191600983079, 36.37549107945966, 84.98879268206656],
       [127.36189879213563, 36.37550573342077, 79.58785294368863],
       [127.36190787486149, 36.37545001119172, 81.28393004741520],
       [127.36191414927816, 36.37550145966461, 88.07532274816185],
       [127.36190480342400, 36.37549189656564, 84.66533784102648],
       [127.36187406006589, 36.37553938316883, 81.52573790308088],
       [127.36188839580520, 36.37546888475362, 84.45653543248773],
       [127.36190974823363, 36.37544614003496, 86.48235564865172],
       [127.36190606619743, 36.37545587784135, 83.85346658248454],
       [127.36189512985307, 36.37546933711162, 77.76954310014844],
       [127.36191606772455, 36.37543289138759, 80.53396623674780],
       [127.36189622055747, 36.37553756621161, 80.43503991514444],
       [127.36190481245461, 36.37546968023511, 86.94568396080285],
       [127.36190621795674, 36.37542758354414, 92.22510444559157],
       [127.36189990064672, 36.37539617328262, 85.47428914904594],
       [127.36189991189738, 36.37544400803617, 96.02634152583778],
       [127.36191042748686, 36.37546679221803, 98.26931808888912],
       [127.36186106256206, 36.37549798942243, 97.54801728762686],
       [127.36186272535778, 36.37549126302048, 87.69044811185449],
       [127.36186565622823, 36.37550524661195, 81.55793889798224],
       [127.36188058273422, 36.37547194108461, 81.72312438208610],
       [127.36187716401365, 36.37546666310488, 87.52869475726038],
       [127.36188689796997, 36.37544015699827, 82.17822631355375],
       [127.36187908182917, 36.37545827589377, 79.45438855607063],
       [127.36187715214334, 36.37545592508513, 84.73805624153465],
       [127.36189255894838, 36.37544855056802, 85.46490401960909],
       [127.36189623463197, 36.37545959278911, 84.87847402412444],
       [127.36190308940721, 36.37545141996051, 76.37092030420899],
       [127.36189501855259, 36.37546314358266, 79.76229279767722],
       [127.36191629440138, 36.37543636626242, 78.11526800040156],
       [127.36186945464218, 36.37553489048597, 87.03998306579888],
       [127.36184998540573, 36.37554466473287, 91.60600083228201],
       [127.36189636436106, 36.37544850151907, 78.35534690134227],
       [127.36190779883785, 36.37542071639722, 82.64454618189484],
       [127.36192228813299, 36.37541675989777, 79.22920668218285],
       [127.36190355226471, 36.37550818849942, 76.35691265109926],
       [127.36189434416055, 36.37550930078139, 76.18954034149647],
       [127.36190292332635, 36.37550696231221, 80.72907568700612],
       [127.36186716896985, 36.37561667683008, 90.70861541666090],
       [127.36188174019733, 36.37558614792003, 88.09540445730090],
       [127.36186170558561, 36.37560401657115, 90.77805509045720],
       [127.36189516229149, 36.37555497056209, 76.87526874057949],
       [127.36190789353503, 36.37549096070823, 79.77901127748191],
       [127.36188175856377, 36.37552250861390, 89.14642081409693],
       [127.36187204186291, 36.37559666653832, 96.72243158053607],
       [127.36189195234610, 36.37557762509694, 83.64187678229064],
       [127.36186906076684, 36.37559012286036, 87.47109789121896],
       [127.36186213418925, 36.37555137686360, 86.54896444175392],
       [127.36185566725082, 36.37558313067857, 87.13296831957996],
       [127.36187400222671, 36.37559298339482, 94.20142110530287],
       [127.36189748280404, 36.37558398262445, 96.72367835696787],
       [127.36188707333315, 36.37558441332340, 94.69161736126989],
       [127.36186363640064, 36.37561034608434, 93.86818460095674],
       [127.36185509293827, 36.37564753372893, 98.98549050651491],
       [127.36183982152517, 36.37567583450430, 101.57463055104017],
       [127.36182977863469, 36.37563004865992, 98.37341380398721],
       [127.36183119377901, 36.37567458801367, 99.80018805433065],
       [127.36183844140339, 36.37568892300155, 102.94387775938958],
       [127.36185839193574, 36.37564124828585, 98.12616889551282],
       [127.36186271574189, 36.37561768916682, 99.61472396552563],
       [127.36187399654948, 36.37558949407656, 95.28124765213579],
       [127.36184986687117, 36.37562805369885, 101.66248404234648],
       [127.36184792238377, 36.37558612037946, 102.34947159420699],
       [127.36184982679320, 36.37560200542570, 100.48230014555156],
       [127.36183323153442, 36.37559109804281, 102.03105097822845],
       [127.36185929431704, 36.37555874515833, 96.79987394157797],
       [127.36185283713192, 36.37558882724830, 109.50620719790459],
       [127.36187091953292, 36.37556671332781, 103.22315904777497],
       [127.36183824327220, 36.37562173626178, 106.46163433138281],
       [127.36185165509819, 36.37555934719228, 108.43621002137661],
       [127.36186193446738, 36.37550004166775, 107.17653601709753],
       [127.36188760904967, 36.37546287196380, 97.58821866475046],
       [127.36185215653737, 36.37551209470954, 93.41194599587470],
       [127.36185062965937, 36.37553519150644, 103.36251662857831],
       [127.36188241392853, 36.37550113894098, 100.03786139469594],
       [127.36186786419128, 36.37550533907657, 90.84404754638672],
       [127.36181534722496, 36.37555660681462, 105.04385847784579],
       [127.36180844974533, 36.37557257774890, 115.26033528242260],
       [127.36183026205163, 36.37554849991800, 113.09014050289989],
       [127.36182779408395, 36.37560517032319, 112.96215659938753],
       [127.36181899011952, 36.37563660597795, 107.21225583087653],
       [127.36180077528807, 36.37563772934909, 110.32410385366529],
       [127.36178142274493, 36.37564913052634, 109.41833264008164],
       [127.36181418815089, 36.37559691390392, 114.94451300054789],
       [127.36180319261099, 36.37560893327828, 111.68958298582584],
       [127.36180270353911, 36.37557993153839, 114.48031441029161],
       [127.36180496581957, 36.37558346978052, 116.55625420063734],
       [127.36178225905148, 36.37563415787240, 122.02773454599082],
       [127.36181096606887, 36.37556234845906, 116.93274859711528],
       [127.36180973012929, 36.37554604013796, 109.42478377558291],
       [127.36181182217260, 36.37555125507596, 111.45482458733022],
       [127.36179701043763, 36.37556208043944, 112.96547186281532],
       [127.36178794260711, 36.37559649366141, 119.05905954819173],
       [127.36182477939869, 36.37561310119284, 119.50049394927919],
       [127.36181128796146, 36.37560416444000, 108.71833293698728],
       [127.36181209762924, 36.37558021918483, 109.19450472388417],
       [127.36181794429268, 36.37555905614752, 114.66461511794478],
       [127.36181085679601, 36.37557873703258, 119.07321369647980],
       [127.36181797732490, 36.37553502609868, 123.00033454969525],
       [127.36178979678664, 36.37560515056886, 125.98863668181002],
       [127.36181501972678, 36.37555127888364, 117.73945060092956],
       [127.36182473874761, 36.37553663470228, 115.55297516565770],
       [127.36184105904643, 36.37551934216022, 120.35611479729414],
       [127.36185289699890, 36.37546504371591, 110.97449938394129],
       [127.36184272550007, 36.37545985669341, 107.83380484674126],
       [127.36186553299355, 36.37544967979339, 112.02473439462483],
       [127.36183555497671, 36.37548347210205, 109.96630307193846],
       [127.36181895679154, 36.37554061827653, 113.70583954360336],
       [127.36182371530171, 36.37552306715955, 111.46371881943196],
       [127.36183286210472, 36.37547984886949, 109.75233426224440],
       [127.36183371512982, 36.37545707805634, 108.44717662036419],
       [127.36186207343997, 36.37537652901882, 109.54083653446287],
       [127.36187542349630, 36.37541064658758, 112.76454964652658],
       [127.36184653756843, 36.37548767481857, 112.25425757747144],
       [127.36183139735058, 36.37549061858464, 112.18484025262296],
       [127.36183540722455, 36.37544975783948, 115.39770955499262],
       [127.36186119314378, 36.37537673982576, 108.14664280135185],
       [127.36185406448845, 36.37541626636344, 105.63865309115499],
       [127.36186256680270, 36.37538333268452, 115.03327306080610],
       [127.36186212435101, 36.37540262529667, 113.96854285057634],
       [127.36188715121499, 36.37539701205313, 108.95656880550086],
       [127.36187446047627, 36.37540894702933, 101.69221522100270],
       [127.36186728841815, 36.37537863341064, 101.87947435677052],
       [127.36185477272674, 36.37541569586137, 107.19509269576520],
       [127.36187617556227, 36.37533843539091, 106.78143586032093],
       [127.36187717678477, 36.37536381256979, 102.00168984197080],
       [127.36187920780525, 36.37537064236633, 106.64402083959430],
       [127.36186020827166, 36.37545087908262, 116.94003962818533],
       [127.36185619596435, 36.37545113038495, 115.56327697820961],
       [127.36186575767215, 36.37542561056496, 110.99745636899024],
       [127.36182719454607, 36.37545035963238, 108.07916373666376],
       [127.36187417527360, 36.37540389630575, 100.29774524737149],
       [127.36188297639474, 36.37538248493767, 99.73116209171712],
       [127.36187897662521, 36.37535397896296, 101.87419995386153],
       [127.36185793007724, 36.37536199316539, 106.98865901771933],
       [127.36184967427239, 36.37539467930090, 109.47491191700101],
       [127.36185009421948, 36.37539427620190, 111.86967109516263],
       [127.36183631705937, 36.37543517162836, 112.58104042056948],
       [127.36185936102994, 36.37542611545161, 105.28288031928241],
       [127.36188287135883, 36.37538380486752, 96.41130742989480],
       [127.36191894246824, 36.37530788581263, 93.60030271857977],
       [127.36187624290926, 36.37539334961714, 106.09000437706709],
       [127.36186766241720, 36.37538445692822, 105.76032313983887],
       [127.36187405555631, 36.37533993608001, 101.03119055461138],
       [127.36189298142034, 36.37537612147467, 94.74540184438229],
       [127.36186188678482, 36.37543159326898, 88.19369551166892],
       [127.36189367411284, 36.37534000593229, 89.84004466887563],
       [127.36187701273077, 36.37543009785580, 97.83454084396362],
       [127.36188426036075, 36.37543428603549, 104.51637848932296],
       [127.36187300768083, 36.37542810638149, 99.26327804476023],
       [127.36190449441558, 36.37538539597487, 92.71675971895456],
       [127.36192016791853, 36.37535854606985, 86.77287625335157],
       [127.36189939238909, 36.37539043185759, 96.54408874921501],
       [127.36193425183625, 36.37532758263286, 85.83668383490294],
       [127.36190772838246, 36.37537518049147, 93.27598911244422],
       [127.36189921455380, 36.37538307776045, 90.20717239286751],
       [127.36191924982079, 36.37539703496928, 92.64811011124402],
       [127.36192679572132, 36.37542267500193, 94.86259752698243],
       [127.36191801987373, 36.37540721899630, 96.20345155429095],
       [127.36191843613352, 36.37544703773715, 86.40548677835613],
       [127.36192585843348, 36.37539270845133, 86.00950438342988],
       [127.36192012619254, 36.37540603808828, 89.15189706627280],
       [127.36190376944427, 36.37543454658734, 91.38399087078869],
       [127.36189791599659, 36.37537443459646, 96.96883485559374],
       [127.36194113814473, 36.37531976303632, 89.98773542884737],
       [127.36191645262164, 36.37540359540667, 96.11181339714676],
       [127.36191171952555, 36.37539969046556, 97.44269125442952],
       [127.36190117192885, 36.37544826140775, 92.55448453407735],
       [127.36191549312430, 36.37548524379583, 91.24682097043842],
       [127.36190016505121, 36.37551176277720, 97.13000197149813],
       [127.36190376346649, 36.37548644267921, 96.08708041626960],
       [127.36189652689822, 36.37551433279507, 96.96103154215962],
       [127.36191408329488, 36.37549284731313, 93.54847157746553],
       [127.36189159700116, 36.37549765638188, 98.97354865446687],
       [127.36187191912721, 36.37554337623955, 108.58345659729093],
       [127.36189933350451, 36.37545799197239, 101.72196013946086],
       [127.36193466215566, 36.37545368602463, 91.90318755153567],
       [127.36192103216729, 36.37547113846778, 96.14468114729971],
       [127.36192408074643, 36.37544477076516, 100.11614718940109],
       [127.36189702574876, 36.37548828887561, 103.95900426618755],
       [127.36188574964970, 36.37551024721945, 102.70963957253844],
       [127.36189622348432, 36.37550700858819, 101.12429833412170],
       [127.36192210498362, 36.37549458862423, 101.30260641966015],
       [127.36193048580265, 36.37549503914772, 92.30143522471189],
       [127.36193832309526, 36.37547813418814, 87.71960576158017],
       [127.36194302875599, 36.37544892491795, 86.39041251037270],
       [127.36197487713042, 36.37538311849493, 82.24133403599262],
       [127.36195630129116, 36.37545966863072, 88.47149328701198],
       [127.36192210920900, 36.37552024941509, 92.31133008375764],
       [127.36191292875547, 36.37553387026930, 98.52245168946683],
       [127.36189925127903, 36.37547540009567, 94.96908089425415],
       [127.36193110687594, 36.37544340178320, 93.15178686473519],
       [127.36192368235008, 36.37551334305585, 100.27603870630264],
       [127.36192352260838, 36.37549451059468, 95.07756195031106],
       [127.36188438872027, 36.37553683400963, 105.72452452965081],
       [127.36191219181596, 36.37549916660411, 101.94297509826720],
       [127.36194815257905, 36.37545156093132, 92.08671424351633],
       [127.36195858328253, 36.37546579929048, 92.58043576870114],
       [127.36192346293031, 36.37553054078002, 94.14115654025227],
       [127.36191012238692, 36.37552743926323, 100.23014362994581],
       [127.36188436275123, 36.37551432491239, 101.12760190479457],
       [127.36189526598159, 36.37552166272776, 95.10882785543799],
       [127.36191246896082, 36.37549614598179, 95.01089368946850],
       [127.36191713821439, 36.37554041537499, 93.74886487796903],
       [127.36188894932555, 36.37551075843842, 91.59790278039873],
       [127.36189954053955, 36.37548242086054, 100.37485567666590],
       [127.36192048733415, 36.37544969957418, 97.83334673754871],
       [127.36189769096586, 36.37554365998218, 101.11750189401209],
       [127.36187919202963, 36.37553003936704, 88.71527475491166],
       [127.36188108647035, 36.37555438529394, 87.90983500145376],
       [127.36189707372428, 36.37551242846614, 90.51194562576711],
       [127.36186884107984, 36.37557961895943, 102.33827045746148],
       [127.36186802306159, 36.37560290825370, 109.49111211299896],
       [127.36187003214279, 36.37555055655181, 103.89555334486067],
       [127.36184503425257, 36.37557459596626, 113.26184990629554],
       [127.36185390162599, 36.37559550476517, 109.44657749682665],
       [127.36185014401215, 36.37559209749913, 110.48432928044349],
       [127.36186539005985, 36.37552811515749, 108.18052646238357],
       [127.36187330295222, 36.37554036603343, 101.11832489352673],
       [127.36183835420726, 36.37559824026033, 105.42955133412033],
       [127.36185578753070, 36.37559090425211, 103.79851275309920],
       [127.36185567362135, 36.37556338769731, 108.74288434721529],
       [127.36184936906795, 36.37555345387140, 107.06603604461998],
       [127.36185938961373, 36.37552661100496, 103.76863216701895],
       [127.36184612234780, 36.37551927481231, 102.90609449148178],
       [127.36183185452988, 36.37552526566732, 103.62256369553506],
       [127.36183584032251, 36.37558215739659, 101.42758323252201],
       [127.36182693051600, 36.37562991224546, 104.18041120562702],
       [127.36183913646767, 36.37561709349147, 105.47717825509608],
       [127.36183238727193, 36.37561582722689, 107.34595862869173],
       [127.36183094382137, 36.37558142464674, 105.35610891878605],
       [127.36184840040987, 36.37552080196183, 102.12934155296534],
       [127.36186454398282, 36.37550111264251, 95.86865048389882],
       [127.36182909594282, 36.37554172745135, 101.03821847680956],
       [127.36186034183946, 36.37556403376333, 99.97950215823948],
       [127.36185080040839, 36.37556885456286, 107.09680972807109],
       [127.36180763596100, 36.37564932822703, 106.65343382768333],
       [127.36185041988945, 36.37555228680231, 101.05047720391303],
       [127.36184838142377, 36.37555781356720, 97.97167248092592],
       [127.36182511080941, 36.37551544292200, 107.19394572358578],
       [127.36184787823618, 36.37552474966768, 104.27684732805938],
       [127.36186291968443, 36.37557136375762, 103.91431444510818],
       [127.36186272205150, 36.37555744575034, 104.37589388620108],
       [127.36189556436004, 36.37548139947091, 96.03521859087050],
       [127.36185691339736, 36.37556061023633, 101.96517312433571],
       [127.36183991783247, 36.37555341281012, 103.74242884572595],
       [127.36186190326579, 36.37556979853546, 96.33143544755876],
       [127.36185630200886, 36.37557491027106, 97.92671121377498],
       [127.36186258888006, 36.37550490064106, 98.00054979790002],
       [127.36187485248510, 36.37552936574858, 92.79102414753288],
       [127.36188987931085, 36.37550824957971, 99.10006933752447],
       [127.36187980117258, 36.37551504689616, 100.06301510240883],
       [127.36186154571972, 36.37555085868335, 101.40713121648878],
       [127.36185918978646, 36.37556315333553, 107.70605994109064],
       [127.36188552025270, 36.37553867577581, 101.44842527899891],
       [127.36186503936817, 36.37558339301509, 106.57513056136668],
       [127.36186797212329, 36.37557927512808, 109.70848481450230],
       [127.36189992213563, 36.37552583793790, 100.68521762266755],
       [127.36187338800094, 36.37554612140582, 103.50420846696943],
       [127.36186345050257, 36.37561374485815, 107.04983799904585],
       [127.36188503342812, 36.37558666439948, 97.47910977900028],
       [127.36188752161692, 36.37554552164558, 96.91307966783643],
       [127.36186977899959, 36.37558740753109, 100.85626562964171],
       [127.36185415808153, 36.37563116931337, 107.23450931906700],
       [127.36188929774943, 36.37553968420654, 101.73328289948404],
       [127.36189964075575, 36.37554624589308, 94.77345718163997],
       [127.36188301616122, 36.37555331236293, 95.41420596372336],
       [127.36186303973859, 36.37561473033672, 106.44815798942000],
       [127.36186502317496, 36.37557413026145, 107.95426464639604],
       [127.36186049887854, 36.37561484077798, 107.16607087850571],
       [127.36188444258244, 36.37562507025073, 104.57124305609614],
       [127.36188567990645, 36.37559880832175, 99.56174887716770],
       [127.36189008646791, 36.37560833894089, 103.80176784656942],
       [127.36190884071617, 36.37556521015616, 102.11082644294947],
       [127.36192532041464, 36.37551012443790, 104.34173940867186],
       [127.36189534718787, 36.37557199147150, 106.73079624306411],
       [127.36190593675670, 36.37557493055692, 100.55157143995166],
       [127.36190635483921, 36.37557460856463, 104.58583534695208],
       [127.36189091954493, 36.37554812875840, 106.41908327490091],
       [127.36191499558402, 36.37557323875314, 103.40923542715609],
       [127.36186515269034, 36.37561639078455, 110.74526051897556],
       [127.36188214820817, 36.37557905461124, 109.65458236820996],
       [127.36185905366288, 36.37559425478283, 108.35374390520155],
       [127.36188873985556, 36.37558207349442, 100.13878685515374],
       [127.36188231089439, 36.37560949363984, 106.95183201320469],
       [127.36190021018751, 36.37557647982254, 105.23956988565624],
       [127.36194728436281, 36.37550852072263, 93.35026251990348],
       [127.36194988807614, 36.37547509971633, 93.60190182924271],
       [127.36193995881514, 36.37548075592499, 97.41490825172514],
       [127.36189401580825, 36.37551932393760, 103.81430506147444],
       [127.36187419376728, 36.37553476023448, 96.46102549880743],
       [127.36187488074653, 36.37557943879310, 97.74719130527228],
       [127.36191428206040, 36.37551994147572, 105.16608118731529],
       [127.36194247554249, 36.37552222735424, 111.63618985377252],
       [127.36191995457389, 36.37548117656473, 100.79320736974478],
       [127.36193811213772, 36.37547009747576, 100.08445331268013],
       [127.36195727434402, 36.37540952391203, 98.14130911231041],
       [127.36194713875847, 36.37541735707321, 91.98526173643768],
       [127.36193925222078, 36.37544757254017, 101.58542168326676],
       [127.36189091274653, 36.37551283813008, 110.56649765372276],
       [127.36188906760883, 36.37553051449398, 103.36674892250448],
       [127.36190517327603, 36.37555719503656, 107.36139789968729],
       [127.36190547116728, 36.37555554894870, 103.47868145443499],
       [127.36189074694620, 36.37560510736787, 104.15438564494252],
       [127.36191115128230, 36.37558065429518, 110.58974774368107],
       [127.36190530510065, 36.37555660168661, 110.43609341140836],
       [127.36190737338745, 36.37549079277312, 110.84788914769888],
       [127.36189943331087, 36.37552302115804, 107.14745545107871],
       [127.36192894565677, 36.37550510403525, 97.94293761812150],
       [127.36190785205142, 36.37550071870560, 102.42546388413757],
       [127.36188032510657, 36.37558137571244, 109.68303429707885],
       [127.36188486576964, 36.37559778629612, 99.91296884138137],
       [127.36189694941066, 36.37560723189842, 103.01098297443241],
       [127.36188856158502, 36.37558092415536, 106.71741334162652],
       [127.36187853832779, 36.37556177743276, 108.56741266604513],
       [127.36187491991271, 36.37561750058541, 104.94263174105436],
       [127.36186975379606, 36.37562734955104, 101.67342677619308],
       [127.36186989862586, 36.37557509004823, 101.98395832534879],
       [127.36189655423624, 36.37552922122708, 97.18478298280388],
       [127.36190333701806, 36.37550123981154, 89.25903451163322],
       [127.36195804157259, 36.37539533960060, 96.13547819014639],
       [127.36198140732097, 36.37532012462735, 86.79426339827478],
       [127.36197008658662, 36.37528305648664, 83.41121799498796],
       [127.36195778435795, 36.37533630546190, 94.04274971690029],
       [127.36194579193139, 36.37538269816024, 101.35488983988762],
       [127.36194384241422, 36.37544219738736, 94.74006297066808],
       [127.36191687836445, 36.37546111145024, 100.72585807368159],
       [127.36189915667305, 36.37545356640210, 103.24518702831119],
       [127.36189190442386, 36.37546138111723, 103.32050610054284],
       [127.36189205523495, 36.37543890986116, 106.98550407867879],
       [127.36191741817852, 36.37539844605021, 104.65945977997035],
       [127.36193252964237, 36.37534046936954, 92.40799036342651],
       [127.36190924625140, 36.37542563224073, 99.06366095319390],
       [127.36194005991193, 36.37534200146286, 103.44446275103837],
       [127.36191410772966, 36.37538504926133, 103.03960980847478],
       [127.36189582649791, 36.37541063286863, 106.98345503956079],
       [127.36187197327017, 36.37544454539723, 99.05124955344945],
       [127.36189014505885, 36.37546465552913, 104.42293049674481],
       [127.36194811564586, 36.37534190003467, 95.67703677341342],
       [127.36191982074951, 36.37540429202449, 98.80297772958875],
       [127.36192432062158, 36.37538127326548, 91.02149367984384],
       [127.36191518139340, 36.37541466988583, 94.16132622119039],
       [127.36190850303670, 36.37541245676282, 91.86395311448723],
       [127.36187075588140, 36.37547535996319, 104.83319974690676],
       [127.36186855984619, 36.37549446169700, 104.05556403286755],
       [127.36190041891388, 36.37544589272436, 94.09386689681560],
       [127.36191743946071, 36.37544332147922, 94.05540778487921],
       [127.36190893012760, 36.37547416013298, 98.71260136924684],
       [127.36194525968480, 36.37538200042809, 92.84866164810956],
       [127.36194083421204, 36.37538761578851, 89.75720996130258],
       [127.36193320964863, 36.37532977210834, 85.38351662084460],
       [127.36188890812593, 36.37542961941388, 100.85259853489697],
       [127.36192762893177, 36.37539952052619, 90.81940181460232],
       [127.36191706881230, 36.37542081403863, 94.27629974763840],
       [127.36191247625925, 36.37540887942045, 96.16248949151486],
       [127.36189517663752, 36.37542426759511, 98.66675740946084],
       [127.36188746411912, 36.37543260842366, 102.20015112776309],
       [127.36190503394019, 36.37547235121920, 113.61110867187381],
       [127.36188713779440, 36.37543421312204, 111.38615998718888],
       [127.36186783414303, 36.37551090360211, 105.18347401358187],
       [127.36184570365008, 36.37555867303542, 102.65152750257403],
       [127.36184695183445, 36.37552581285792, 103.12053423468024],
       [127.36188212432765, 36.37549136972951, 97.46428598370403],
       [127.36189352280631, 36.37551250332117, 102.43019756209105],
       [127.36188569704579, 36.37552609264006, 97.10307368636131],
       [127.36190016260043, 36.37545984713537, 91.38403751142323],
       [127.36191369622459, 36.37540017474948, 95.08593603596091],
       [127.36188733750618, 36.37545966065061, 94.68428317643702],
       [127.36187233649089, 36.37547574755174, 94.15821957960725],
       [127.36186597640335, 36.37546747249841, 97.73783071339130],
       [127.36189873196012, 36.37545661584616, 96.27702801674604],
       [127.36189461718887, 36.37541027711200, 93.69596947077662],
       [127.36190444925025, 36.37542956449002, 88.63471779134125],
       [127.36191851244554, 36.37544590426435, 90.10174056887627],
       [127.36190107421321, 36.37553377446591, 98.65160909574479],
       [127.36186762819007, 36.37559405473316, 103.03806580882519],
       [127.36191137697558, 36.37549701095855, 88.25092316046357],
       [127.36188734319917, 36.37555202079968, 94.83437144663185],
       [127.36184148441248, 36.37561791309461, 101.61407150328159],
       [127.36184831174715, 36.37560136628781, 101.65227692667395],
       [127.36185189313075, 36.37560236773518, 102.40146327111870],
       [127.36185592875539, 36.37561525082005, 104.39672398567200],
       [127.36187072674117, 36.37558692053305, 103.39630580134690],
       [127.36186484573695, 36.37557757250968, 98.72828652802855],
       [127.36184770721367, 36.37559719269892, 101.60958027094603],
       [127.36186505225197, 36.37555309705503, 93.81372371502221],
       [127.36185909213829, 36.37557735884216, 98.37905298266560],
       [127.36188317442213, 36.37555434744535, 104.75536709465086],
       [127.36186195836022, 36.37557551261023, 105.97184122260660],
       [127.36185264429395, 36.37565801357658, 105.87238091696054],
       [127.36186942052075, 36.37562177666550, 109.08710207417607],
       [127.36188882935873, 36.37556930891743, 105.52563350461423],
       [127.36185905736559, 36.37561030813912, 109.43772150762379],
       [127.36185660547181, 36.37560004175327, 105.12157093919814],
       [127.36184239404461, 36.37561828733067, 102.79488069750369],
       [127.36181620927779, 36.37559234425710, 112.87821578513831],
       [127.36180461713030, 36.37564476911226, 121.35072190780193],
       [127.36184657031099, 36.37564649321775, 108.41177404206246],
       [127.36186427526241, 36.37563172032031, 108.78158244770020],
       [127.36184234505777, 36.37565242910351, 108.39019469544291],
       [127.36187455547379, 36.37557500411188, 102.83599129505455],
       [127.36187421812882, 36.37559537576429, 100.09384122118354],
       [127.36187653352479, 36.37555767538683, 109.64708743989468],
       [127.36187995430716, 36.37559604879848, 106.48433249164373],
       [127.36189960864571, 36.37554593776611, 111.15966934617609],
       [127.36190956604301, 36.37548175215983, 99.53801307920367],
       [127.36190083229805, 36.37553155416219, 100.24096623156220],
       [127.36191473068328, 36.37555547761245, 97.42259671911597],
       [127.36189695763660, 36.37553020921221, 102.16745334956795],
       [127.36188538080653, 36.37556155781813, 99.60346091073006],
       [127.36185545325058, 36.37559913527405, 104.31267520412803],
       [127.36186445427731, 36.37565269503315, 96.88488343823701],
       [127.36185834532785, 36.37567620312261, 96.24079423677176],
       [127.36185989214918, 36.37568146455693, 108.56380497291684],
       [127.36188698066933, 36.37561339251116, 107.26407977752388],
       [127.36187863657742, 36.37557736953877, 104.64423705078661],
       [127.36191806936122, 36.37554821123914, 97.30762696266174],
       [127.36189638075405, 36.37556441320819, 104.51845199149102],
       [127.36191767959041, 36.37552180815677, 107.35986196249723],
       [127.36193012743502, 36.37550088315610, 100.91310834232718],
       [127.36193147238717, 36.37548337656826, 103.89205936063081],
       [127.36189502319324, 36.37554160750377, 105.74205971136689],
       [127.36192218141724, 36.37547748007004, 96.69861287344247],
       [127.36194428894504, 36.37545933099453, 94.14109715539962],
       [127.36192643162254, 36.37554645377740, 107.80376732163131],
       [127.36192060855693, 36.37548625891525, 97.66478717327118],
       [127.36193706950490, 36.37545916585996, 99.17324033472687],
       [127.36191017142893, 36.37549574635300, 99.10643107071519],
       [127.36191202086636, 36.37547362646939, 100.41672100219876],
       [127.36192469483576, 36.37545068165068, 93.82788763754070],
       [127.36193829392406, 36.37547835405491, 97.70177419856191],
       [127.36194939711697, 36.37542426155559, 95.19207114446908],
       [127.36197282888466, 36.37534791142216, 89.52589416876435],
       [127.36193442924875, 36.37541708321396, 92.97131999116391],
       [127.36193216037694, 36.37543985298634, 89.14483638480306],
       [127.36192985476848, 36.37547071374598, 93.09349662717432],
       [127.36196863539578, 36.37538160208453, 88.30589354783297],
       [127.36196390361964, 36.37534562207770, 89.84402983449399],
       [127.36194557228714, 36.37538346971641, 92.73869182821363],
       [127.36194355256177, 36.37549764539429, 90.61031598132104],
       [127.36195555781414, 36.37536431687376, 87.38155834190547],
       [127.36196581245338, 36.37532277652973, 91.53980439901352],
       [127.36193735256249, 36.37544269694523, 95.43868840765208],
       [127.36194283964684, 36.37544442731451, 100.01394327729940],
       [127.36192152271785, 36.37553035449358, 103.70874659810215],
       [127.36189380580525, 36.37545843471259, 102.49549902789295],
       [127.36192088160240, 36.37539206180924, 95.97990542277694],
       [127.36194517610417, 36.37539687466155, 94.79247160721570],
       [127.36191620845953, 36.37544628195178, 99.84447834454477],
       [127.36190452821941, 36.37546691156876, 94.82670667767525],
       [127.36190837229881, 36.37548445969152, 101.43504022341222],
       [127.36190856984749, 36.37546101775245, 99.16367439739406],
       [127.36192822084296, 36.37546894584109, 102.38633080665022],
       [127.36192952509720, 36.37540604498475, 99.20074581261724],
       [127.36194565484135, 36.37540979569043, 96.62897881306708],
       [127.36192465058429, 36.37544225508880, 97.12699819821864],
       [127.36191865984621, 36.37538588654810, 89.17087451834232],
       [127.36193862407995, 36.37535014711269, 83.87663036864251],
       [127.36195180320109, 36.37530368885940, 79.65051883552223],
       [127.36193076261883, 36.37529364814323, 90.44051854684949],
       [127.36191920292492, 36.37532215013625, 102.49927668832242],
       [127.36192010585174, 36.37528950333432, 99.46605795528740],
       [127.36189645357437, 36.37533471885230, 99.99215886462480],
       [127.36191702018684, 36.37525513631036, 94.36236504931003],
       [127.36192511251649, 36.37536047450747, 106.59614860266447],
       [127.36194047123790, 36.37533313834305, 99.28224926814437],
       [127.36194331115884, 36.37531842605026, 95.62606357503682],
       [127.36193833262755, 36.37529305837644, 85.69882814586163],
       [127.36194472084495, 36.37528946985621, 85.99637306667864],
       [127.36194344810424, 36.37533523645669, 90.07292276807129],
       [127.36194107884504, 36.37525253593116, 82.44268473424017],
       [127.36194266767512, 36.37520360192666, 83.52358328178525],
       [127.36196148530411, 36.37522689750685, 86.17222804669291],
       [127.36196123578462, 36.37526699495341, 92.25748588424176],
       [127.36197322556161, 36.37526843994168, 87.59505888354033],
       [127.36193493437747, 36.37530587496501, 88.52887243032455],
       [127.36190292417052, 36.37536886082658, 94.46449980791658],
       [127.36194627595225, 36.37531558866568, 89.35100090317428],
       [127.36192745532711, 36.37537864000009, 93.10408961493522],
       [127.36198591159564, 36.37520539920548, 77.71480034105480],
       [127.36196744846511, 36.37524844756605, 78.65594354271889],
       [127.36192859044446, 36.37537987427473, 88.16736866906285],
       [127.36194136378769, 36.37539901040254, 83.30215546675026],
       [127.36198277534237, 36.37528403549294, 68.16372583154589],
       [127.36197470489959, 36.37531944938893, 67.78062710817903],
       [127.36198975412125, 36.37530212761655, 71.69815076142550],
       [127.36192091220890, 36.37545579993790, 82.79353633895516],
       [127.36195205801138, 36.37538405470139, 84.80242015421391],
       [127.36196232944313, 36.37532012432322, 83.68238870985806],
       [127.36196420675505, 36.37537917810605, 78.55444979760796],
       [127.36192786715758, 36.37546740379117, 84.15490781981498],
       [127.36196674244817, 36.37540028606166, 74.96972383093089],
       [127.36194857467672, 36.37533064089455, 71.26469928491861],
       [127.36195819465300, 36.37533583785729, 75.77278363052756],
       [127.36199571253289, 36.37530257071749, 72.42248981539160],
       [127.36198040021014, 36.37534072158903, 84.15002800710499],
       [127.36197629496435, 36.37531160800474, 84.45732417795807],
       [127.36195599688349, 36.37533781968569, 79.81274554226547],
       [127.36196248658386, 36.37534510738030, 78.47639591991901],
       [127.36191560789122, 36.37539439688689, 82.30977518297732],
       [127.36194922746895, 36.37532890892165, 78.77393020968884],
       [127.36192928562987, 36.37540896157419, 80.84106287267059],
       [127.36195194041879, 36.37530816054868, 78.77957165520638],
       [127.36194544685223, 36.37533824819837, 84.59935540519655],
       [127.36194591520723, 36.37537059126515, 89.58646259084344],
       [127.36189651384558, 36.37543503609516, 91.65521916002035],
       [127.36190118986944, 36.37540523984600, 82.69380805641413],
       [127.36191187530042, 36.37538424396352, 79.15916117653251],
       [127.36189457130125, 36.37536038513748, 72.35652100201696],
       [127.36194398514884, 36.37527937276415, 70.23151446692646],
       [127.36190944390913, 36.37535048298239, 79.08200058899820],
       [127.36187365912340, 36.37548555582097, 92.94904541689903],
       [127.36188242565080, 36.37546158349083, 86.47759085893631],
       [127.36187125313984, 36.37545370321276, 89.74716212041676],
       [127.36187105236962, 36.37546951128805, 82.35595757048577],
       [127.36187106063588, 36.37546421618374, 78.83338470384479],
       [127.36188216010557, 36.37547446339356, 81.58981201797724],
       [127.36186680188099, 36.37557908458999, 88.24529229011387],
       [127.36189528266848, 36.37547137227637, 90.69766433630139],
       [127.36193094006681, 36.37534420641232, 76.73438473604620],
       [127.36188843619658, 36.37544689123637, 86.23191551864147],
       [127.36188124628831, 36.37538463404475, 75.23328761756420],
       [127.36186139536811, 36.37542978635228, 79.81463420577347],
       [127.36187666780462, 36.37540744687702, 78.27151721436530],
       [127.36193700340760, 36.37535233677453, 74.25685912743211],
       [127.36190192352178, 36.37546549817457, 81.74797366280109],
       [127.36183811432184, 36.37555224034331, 96.05338814202696],
       [127.36184087909754, 36.37557054722691, 96.33874252345413],
       [127.36184321091912, 36.37551943019416, 88.13428075239062],
       [127.36186340445971, 36.37547633169842, 86.84639247041196],
       [127.36187579768476, 36.37542190387957, 79.25543857086450],
       [127.36187382314438, 36.37541948966683, 76.33044135663658],
       [127.36188442104789, 36.37542474774965, 73.52992085739970],
       [127.36186387580614, 36.37547135421423, 77.29241284169257],
       [127.36181783115114, 36.37551287449936, 81.17860736045986],
       [127.36187410843807, 36.37542486346113, 80.88336600456387],
       [127.36188211978894, 36.37541775435265, 90.82097103912383],
       [127.36188624226571, 36.37540046980987, 90.45373011194170],
       [127.36187128307729, 36.37545051812693, 91.89909579232335],
       [127.36186339258319, 36.37544087242978, 91.70809976663440],
       [127.36185666466845, 36.37551457004605, 88.30109708942473],
       [127.36189157535263, 36.37540663089985, 76.93047359492630],
       [127.36190213783277, 36.37537084947457, 75.72335785161704],
       [127.36188521056386, 36.37541801667347, 81.32523814681917],
       [127.36189395061704, 36.37532354012280, 83.14952423330396],
       [127.36188695538696, 36.37535920264485, 86.55356869846582],
       [127.36186824374867, 36.37547323170231, 89.23647352866828],
       [127.36187829922909, 36.37545935641015, 81.77602796349674],
       [127.36182717303286, 36.37551356896419, 94.74997564870864],
       [127.36182889872586, 36.37552177358260, 89.81611268036067],
       [127.36185028520573, 36.37554262677026, 88.07632129266858],
       [127.36187503138648, 36.37542518773949, 84.82129615359008],
       [127.36187490032356, 36.37544401034193, 81.80833614431322],
       [127.36184471017246, 36.37550189888719, 95.10804316774011],
       [127.36183538683080, 36.37552863472810, 89.98731098696589],
       [127.36187710921425, 36.37541624958926, 83.75092733278871],
       [127.36184200688177, 36.37546031545381, 85.89783954899758],
       [127.36182448824320, 36.37547430163401, 97.26024207286537],
       [127.36179562248871, 36.37550324304252, 93.12268342077732],
       [127.36183719052332, 36.37550407593594, 90.04813813511282],
       [127.36185810406070, 36.37552922722024, 90.97257882170379],
       [127.36189334880333, 36.37542688496109, 87.68315642513335],
       [127.36186288592167, 36.37545484763468, 93.70609761867672],
       [127.36186319862958, 36.37543425874431, 90.65595022588968],
       [127.36183461781329, 36.37542221251351, 85.85307334642857],
       [127.36186178731521, 36.37543391323337, 88.20635507255793],
       [127.36183323441149, 36.37549215872703, 93.86069750599563],
       [127.36187957354939, 36.37542707234284, 89.13257940951735],
       [127.36187101726212, 36.37544085198625, 87.21916174888611],
       [127.36186576663417, 36.37548080688256, 93.58542388118804],
       [127.36190067858497, 36.37532277507165, 79.16383712738752],
       [127.36182242781034, 36.37542641025089, 94.12959889043123],
       [127.36184131281887, 36.37550178420691, 97.28106056805700],
       [127.36185514795056, 36.37550764527033, 90.48019469343126],
       [127.36183155514075, 36.37548087779884, 83.57438023388386],
       [127.36183623926972, 36.37548310556782, 88.45677116047591],
       [127.36184834072675, 36.37544462210052, 90.47668764088303],
       [127.36185886190887, 36.37548083512272, 92.40623123012483],
       [127.36184607735056, 36.37546466454208, 93.83089028764516],
       [127.36184079706462, 36.37548059168362, 101.32415271550417],
       [127.36186023333217, 36.37550412712505, 92.91551689617336],
       [127.36186169480891, 36.37541908886368, 95.55720271263272],
       [127.36182760410253, 36.37546820895525, 96.74520478118211],
       [127.36186882789922, 36.37542133223327, 96.23114071600139],
       [127.36183990292724, 36.37543099129439, 98.02446930389851],
       [127.36187966241701, 36.37536501867321, 92.68412241153419],
       [127.36189426160051, 36.37542655579757, 88.72044045012444],
       [127.36186062113349, 36.37553719613413, 100.43205709382892],
       [127.36181931358252, 36.37554438355809, 107.69552196003497],
       [127.36183900178834, 36.37546176545589, 97.13162486162037],
       [127.36184652389481, 36.37545971602971, 93.05092097353190],
       [127.36185996734548, 36.37549736933724, 99.53400921542197],
       [127.36187754956606, 36.37544474618542, 96.35346869379282],
       [127.36182597590113, 36.37553462143151, 120.35216266848147],
       [127.36181983242960, 36.37557893803280, 114.20914112776518],
       [127.36186345031558, 36.37553041724092, 100.43372855149209],
       [127.36185106599771, 36.37559607924096, 104.69617098383605],
       [127.36187014766675, 36.37546108842457, 100.23442371189594],
       [127.36184794458629, 36.37549600897543, 100.33840210922062],
       [127.36184316317065, 36.37551765140122, 101.11628157366067],
       [127.36188450554157, 36.37542404977883, 91.43644465319812],
       [127.36185761566892, 36.37553757199891, 102.13319160416722],
       [127.36188242220543, 36.37545429554808, 103.41189101431519],
       [127.36185456626399, 36.37550441777435, 109.08602392766625],
       [127.36181085555340, 36.37557249011385, 111.55813642591238],
       [127.36180016728359, 36.37564707339022, 114.69747128989547],
       [127.36185033342197, 36.37556718614312, 103.03132534492761],
       [127.36187818190295, 36.37553666453952, 105.81120506953448],
       [127.36187903308220, 36.37550359693823, 110.05992067698389],
       [127.36182497483090, 36.37551797892266, 115.57119641453028],
       [127.36183862307627, 36.37554794090619, 105.97448813635856],
       [127.36184885989715, 36.37550678316247, 107.12135763838887],
       [127.36182580712361, 36.37553012897533, 109.71012943517417],
       [127.36188350111067, 36.37545795449029, 107.07135475147516],
       [127.36185829237493, 36.37554717894425, 104.88411114364862],
       [127.36189844936010, 36.37546675666772, 104.47813346423209],
       [127.36186871009002, 36.37548651036107, 109.05551310069859],
       [127.36187192914096, 36.37556481183238, 110.49846682697535],
       [127.36189859870643, 36.37548215340685, 106.12720371782780],
       [127.36184431331411, 36.37558766516285, 122.59193764161319],
       [127.36186057169525, 36.37555011520466, 117.14485619682819],
       [127.36189012289972, 36.37546456104993, 105.30047958437353],
       [127.36182368116677, 36.37556117747344, 106.72901822533458],
       [127.36183526514414, 36.37555441006688, 109.18170523829758],
       [127.36188329440520, 36.37546705238903, 97.78145992755890],
       [127.36185990473118, 36.37554304052490, 107.06873725168407],
       [127.36189781688034, 36.37550093267509, 103.41941883321851],
       [127.36188025009133, 36.37551287232694, 106.14598000794649],
       [127.36184681075638, 36.37557668540705, 112.56850447785109],
       [127.36187381650568, 36.37554229832728, 105.18140799552202],
       [127.36185985738173, 36.37557999923617, 102.06887983810157],
       [127.36186573938028, 36.37557019494791, 102.85826324392110],
       [127.36187408748056, 36.37553808709667, 103.11095923092216],
       [127.36188960154279, 36.37547142890622, 100.74837412871420],
       [127.36189003818264, 36.37550599288083, 100.54794879164547],
       [127.36185529026673, 36.37561358813509, 106.85425971914083],
       [127.36189995023361, 36.37547110754426, 98.21476146765053],
       [127.36193670103576, 36.37539567035760, 88.87972705997527],
       [127.36193456738279, 36.37547812986492, 92.04359430447221],
       [127.36188530782947, 36.37555368405568, 102.47433909121901],
       [127.36190086924717, 36.37552975937263, 103.88677400443703],
       [127.36187144583701, 36.37557927215718, 108.04848045483232],
       [127.36183853893245, 36.37560729824364, 105.53232762962580],
       [127.36184211116100, 36.37556584623726, 102.42888355348259],
       [127.36183634967563, 36.37560241720681, 106.36965158767998],
       [127.36184267525326, 36.37558247467813, 99.27028640173376],
       [127.36185116352792, 36.37552989598430, 96.23184141702950],
       [127.36189347057817, 36.37535999339000, 96.27943334728479],
       [127.36188489676320, 36.37540793030978, 93.06213470734656],
       [127.36184487737995, 36.37554588131398, 98.58339077141136],
       [127.36184463636286, 36.37554695218498, 99.17181950341910],
       [127.36182480943832, 36.37559089024192, 107.36262214183807],
       [127.36182710358146, 36.37562609777624, 108.60779999662191],
       [127.36183901671731, 36.37554943581890, 108.30776119697839],
       [127.36183883878194, 36.37556085166298, 109.65614803321660],
       [127.36185820463653, 36.37546515719234, 95.96927987970412],
       [127.36187393380891, 36.37550152591431, 96.46055576950312],
       [127.36191275315821, 36.37543225973340, 93.47683751396835],
       [127.36188943390633, 36.37546536960527, 96.61898334324360],
       [127.36190499062413, 36.37546770787917, 95.62114866822958],
       [127.36186350753019, 36.37557827246007, 99.58184446021914],
       [127.36187095889905, 36.37551437392165, 94.02823130320758],
       [127.36188487236191, 36.37550589111879, 88.99695602618158],
       [127.36190349559227, 36.37545243650098, 90.34364584367722],
       [127.36190293053623, 36.37539858462348, 87.29104821104556],
       [127.36184934954034, 36.37553943606798, 95.46510207187384],
       [127.36183611509345, 36.37556893107467, 87.19533007591963],
       [127.36181801282069, 36.37553796130724, 98.62519778590649],
       [127.36181525899548, 36.37561432423482, 102.29750507976860],
       [127.36181087862748, 36.37557156800467, 95.77461279742420],
       [127.36187165381826, 36.37548458542464, 86.80470880214125],
       [127.36186494192074, 36.37546540920415, 88.38628841377795],
       [127.36182628142576, 36.37553446166246, 95.31866522971541],
       [127.36183779966608, 36.37553892474082, 102.25779458973557],
       [127.36184737594766, 36.37554821580309, 99.10796593502164],
       [127.36178736563245, 36.37562927238929, 108.24269884265959],
       [127.36180957835188, 36.37555658814807, 100.32581946160644],
       [127.36183429812861, 36.37554526079459, 105.26290868874639],
       [127.36188078401952, 36.37542220521006, 90.22753334045410],
       [127.36187852429674, 36.37538182883146, 90.08619351126254],
       [127.36183080396779, 36.37550791400569, 92.29739681538194],
       [127.36181751995832, 36.37550997527963, 94.70724796131253],
       [127.36182676717294, 36.37550664352509, 92.25069405045360],
       [127.36183006709655, 36.37549232388315, 95.36140207108110],
       [127.36178581113998, 36.37558029074139, 106.54629695322365],
       [127.36180150002366, 36.37550753799131, 101.36447673477232],
       [127.36182853551206, 36.37551575549814, 99.08683134987950],
       [127.36182469244662, 36.37555721231733, 109.07772160507739],
       [127.36180463418081, 36.37554680742360, 106.48678700160235],
       [127.36183864065823, 36.37543379344142, 91.26645174436271],
       [127.36183526105144, 36.37546933731718, 102.99207039736211],
       [127.36181105174595, 36.37550582409253, 103.72975340019912],
       [127.36182781752689, 36.37553242106618, 106.77728383801877],
       [127.36181526647462, 36.37556697666961, 109.37616915535182],
       [127.36178827198069, 36.37557737600808, 109.41849090438336],
       [127.36186390539787, 36.37538981312616, 86.07817713264376],
       [127.36184858430254, 36.37543411027487, 88.84489621873945],
       [127.36181897467154, 36.37552579907165, 95.54949324857444],
       [127.36177199801797, 36.37560202498893, 90.98423985764384],
       [127.36180095171730, 36.37553418703904, 93.80543744284660],
       [127.36185428820356, 36.37543244993100, 89.39278805255890],
       [127.36184130630356, 36.37542906477722, 87.60831873118877],
       [127.36182554793739, 36.37556043318114, 90.49220389965922],
       [127.36179646654830, 36.37559878515532, 92.43860566429794],
       [127.36179407582786, 36.37563947008079, 104.96915009897202],
       [127.36184160391727, 36.37556933149868, 90.50126913469285],
       [127.36184581998413, 36.37555169713112, 80.40852126665413],
       [127.36181626387746, 36.37559880922912, 80.16218429803848],
       [127.36183312836954, 36.37552878185931, 84.08068611565977],
       [127.36181609697468, 36.37552998623921, 88.74030572362244],
       [127.36182993664004, 36.37554325991649, 90.96491838432848],
       [127.36187342281507, 36.37546103122256, 92.38743597362190],
       [127.36187932453295, 36.37548107125490, 89.64673981815577],
       [127.36187706977853, 36.37542396801874, 81.39605897385627],
       [127.36179878283276, 36.37556189403092, 91.02318082749844],
       [127.36178958462339, 36.37561702014870, 94.80714494735003],
       [127.36183270496456, 36.37560275874696, 96.91661052778363],
       [127.36186202209750, 36.37550953758981, 95.08921603951603],
       [127.36186959742427, 36.37546714665753, 91.91328012291342],
       [127.36187769566533, 36.37539810784459, 78.09259811788797],
       [127.36185761802048, 36.37543748892634, 94.91592586599290],
       [127.36188059010360, 36.37541602600162, 100.81282109022141],
       [127.36190014041316, 36.37537723398380, 85.03217346221209],
       [127.36188250244903, 36.37550671220351, 90.03171966224909],
       [127.36189460771608, 36.37547819795989, 87.46924659982324],
       [127.36188981212307, 36.37542330682791, 79.14812321867794],
       [127.36192903513059, 36.37536405004366, 76.75331790745258],
       [127.36189480108608, 36.37545685701341, 89.85529526602477],
       [127.36188164972803, 36.37546891146911, 99.25380976218730],
       [127.36188273591377, 36.37551545947075, 108.27826256118715],
       [127.36190985032242, 36.37544465993329, 93.11899782437831],
       [127.36194221412347, 36.37541108292751, 96.59291390515864],
       [127.36196650106038, 36.37536607637014, 97.48285401426256],
       [127.36191160682969, 36.37542662906967, 95.03341841325164],
       [127.36189455016235, 36.37549339480213, 90.37533817812800],
       [127.36190344870923, 36.37546665093826, 101.45167732052505],
       [127.36191397271458, 36.37550571543856, 102.17329249531031],
       [127.36192686029713, 36.37550957860867, 91.97624504100531],
       [127.36191766559784, 36.37554143438952, 97.15259444434196],
       [127.36195949649931, 36.37547372912151, 93.79440267104656],
       [127.36188221869982, 36.37555248972786, 104.87835807632655],
       [127.36190005896600, 36.37551510425217, 107.56910955440253],
       [127.36193134312988, 36.37549271779744, 103.34996737819165],
       [127.36195096558616, 36.37550044900698, 100.84372870065272],
       [127.36194797966102, 36.37546157461031, 97.60774048697203],
       [127.36193715572303, 36.37547233835045, 99.18158804532140],
       [127.36195199571665, 36.37546745451532, 97.66230441723019],
       [127.36196304505133, 36.37541179515925, 98.75759267620742],
       [127.36197954058412, 36.37542609488143, 94.02919967286289],
       [127.36191433880199, 36.37552015945754, 106.89059548452497],
       [127.36191809453258, 36.37550189881669, 102.61344966664910],
       [127.36198057713773, 36.37533844086598, 98.26963568106294],
       [127.36196889454605, 36.37541481937839, 95.66139290388674],
       [127.36193288282264, 36.37549632597059, 105.53079185076058],
       [127.36188949893778, 36.37563592625576, 115.08816056232899],
       [127.36191327690713, 36.37550747216119, 113.02239944506437],
       [127.36190316403824, 36.37558747551205, 122.74566898122430],
       [127.36196844216374, 36.37548358918178, 110.73762211017311],
       [127.36197468305147, 36.37542658077669, 105.54604203347117],
       [127.36196638550460, 36.37542186748555, 107.38593756966293],
       [127.36196560724875, 36.37538725760872, 99.35228636395186],
       [127.36195187662618, 36.37540852458381, 98.38023227173835],
       [127.36192225109460, 36.37544721701025, 103.38434504624456],
       [127.36193143460859, 36.37538345000841, 106.03010344319046],
       [127.36195732632777, 36.37536562277188, 99.18009244836867],
       [127.36202928002733, 36.37529031667194, 91.19030769076198],
       [127.36197305030940, 36.37539811292202, 93.68323044758290],
       [127.36199136997743, 36.37535782274943, 91.41807809006423],
       [127.36195696818571, 36.37543134206354, 107.56289209332317],
       [127.36193074075881, 36.37551128642659, 110.88827491272241],
       [127.36191518206105, 36.37548743808421, 102.82723493408412],
       [127.36193649842832, 36.37545123268698, 105.72023704089224],
       [127.36194043398258, 36.37539977658720, 104.69308587070554],
       [127.36193960473025, 36.37543340899298, 99.69087084569037],
       [127.36191932271966, 36.37553636072830, 104.26447887532413],
       [127.36194034566438, 36.37550456599229, 105.06591373123229],
       [127.36195719654224, 36.37547187840548, 104.44441917166114],
       [127.36195415913130, 36.37546353906625, 104.84884799830616],
       [127.36194681469976, 36.37543266142456, 112.81533679924905],
       [127.36197336188506, 36.37534928667132, 102.58304141089320],
       [127.36198484068754, 36.37532562407972, 95.85295716952533],
       [127.36194794266540, 36.37538339300128, 95.31342169828713],
       [127.36194072640014, 36.37545052974775, 104.70780943613499],
       [127.36198457972013, 36.37533725061589, 95.96306929178536],
       [127.36197809023966, 36.37539114936502, 99.43116840720177],
       [127.36192724004971, 36.37547473617381, 101.07402765564620],
       [127.36189359828290, 36.37551296264954, 96.94013572577387],
       [127.36191399242010, 36.37547178730437, 100.48084097076207],
       [127.36192675506339, 36.37548976170476, 105.13381847459823],
       [127.36191226529583, 36.37548456658532, 105.47530006524175],
       [127.36195547042132, 36.37543564795217, 96.44693667907268],
       [127.36192185826060, 36.37549964688512, 97.34473250247538],
       [127.36197656491181, 36.37534886297772, 88.59328512195498],
       [127.36196707907040, 36.37539282104544, 92.60767868813127],
       [127.36193494147081, 36.37543582569277, 89.54531766846776],
       [127.36192236277766, 36.37550530145837, 96.64270050451159],
       [127.36190270756431, 36.37558108481507, 101.34555082023144],
       [127.36188585316530, 36.37560588803364, 98.81290757283568],
       [127.36193359793329, 36.37551206585754, 96.16019188985229],
       [127.36184429795208, 36.37565974119966, 112.95314732007682],
       [127.36188113010307, 36.37561167226728, 109.44124310836196],
       [127.36188948353505, 36.37561649582463, 106.30887920502573],
       [127.36196556660170, 36.37545246920727, 91.23303558398038],
       [127.36192355798579, 36.37550924203958, 91.28467151150107],
       [127.36189746229674, 36.37555554669049, 93.95752918161452],
       [127.36185974547364, 36.37558915671517, 94.71357856784016],
       [127.36192758231294, 36.37548224666751, 84.62702289596200],
       [127.36190319212213, 36.37550396355854, 89.03153748903424],
       [127.36195577781514, 36.37547876684918, 83.23742898087949],
       [127.36193252793637, 36.37557663780998, 89.18375826906413],
       [127.36189036081706, 36.37562599304204, 95.56502082105726],
       [127.36183707762635, 36.37570095691044, 107.10506471060216],
       [127.36186644149056, 36.37565342249358, 98.03510545846075],
       [127.36186124148638, 36.37572187289462, 94.41914926934987],
       [127.36185930221397, 36.37573410392721, 102.80035779904574],
       [127.36185203667208, 36.37572982663475, 98.68753997050226],
       [127.36184722364791, 36.37569861522164, 90.21116802655160],
       [127.36184979015690, 36.37565414104188, 91.75978325493634],
       [127.36189439339097, 36.37555037420371, 90.67507193610072],
       [127.36194703315728, 36.37548952382525, 81.15446988400072],
       [127.36191340500666, 36.37551972874848, 85.76588682830334],
       [127.36187973218138, 36.37559049803246, 92.44007037021220],
       [127.36188298923311, 36.37559294767261, 86.23627060372382],
       [127.36186216317186, 36.37560778116691, 92.04101634584367],
       [127.36190283302524, 36.37551542700830, 83.14090139325708],
       [127.36187581778091, 36.37565952800735, 87.51721308752894],
       [127.36190399667103, 36.37555770601670, 88.59558076225221],
       [127.36190194253842, 36.37553928070510, 90.26855596341193],
       [127.36190311153989, 36.37552713426479, 87.04317424446344],
       [127.36187900731804, 36.37553687887611, 88.54284993745387],
       [127.36187797586159, 36.37556470413161, 92.89567479211837],
       [127.36190782674701, 36.37553013039185, 89.00031136535108],
       [127.36192589531063, 36.37546793593617, 87.78575709462166],
       [127.36187535751239, 36.37556723726793, 94.62309094332159],
       [127.36183878380042, 36.37562829845953, 97.31433896627277],
       [127.36187438269255, 36.37554988403829, 86.33846523705870],
       [127.36192062336296, 36.37548449392160, 80.21817717701197],
       [127.36196976249489, 36.37539809475837, 69.86673330981284],
       [127.36191105396038, 36.37552401896510, 85.46069331932813],
       [127.36189088687193, 36.37555602175053, 84.39952867943794],
       [127.36191578433092, 36.37554486098411, 78.20569318905473],
       [127.36192111618747, 36.37549975377419, 74.96412642206997],
       [127.36193590026163, 36.37548477662736, 82.17737135477364],
       [127.36195351075028, 36.37544932177571, 75.63812108058482],
       [127.36194651231324, 36.37544703837451, 75.05852198135108],
       [127.36195062973236, 36.37549467024035, 77.06556603778154],
       [127.36189803665779, 36.37562503986263, 84.77701799757779],
       [127.36189734352722, 36.37556879042799, 81.70312532782555],
       [127.36189760065943, 36.37560199696138, 86.32719980552793],
       [127.36192179390117, 36.37554641932979, 81.36001728568226],
       [127.36191321435444, 36.37554746285355, 83.02770662773401],
       [127.36192619626165, 36.37547733696179, 72.76922439038754],
       [127.36190241218925, 36.37556090825370, 82.82196378894150],
       [127.36191594485437, 36.37553097605395, 74.37636686768383],
       [127.36192518512621, 36.37549476120532, 79.33239930495620],
       [127.36193670472716, 36.37547400967683, 80.24721346143633],
       [127.36194752357741, 36.37545091896118, 75.65763962920755],
       [127.36191472951811, 36.37548647169772, 79.46498648449779],
       [127.36192364481192, 36.37544555899145, 84.76409459859133],
       [127.36192942458818, 36.37546241626128, 83.09203801676631],
       [127.36194789653335, 36.37544661005923, 75.40189464110881],
       [127.36188697767436, 36.37557792977118, 93.04344081226736],
       [127.36190598997771, 36.37552813080502, 91.87674426659942],
       [127.36195644512352, 36.37546198106975, 80.76095127034932],
       [127.36196808634759, 36.37540817860251, 74.97466355655342],
       [127.36197654435043, 36.37535994640434, 74.97298412118107],
       [127.36191884868477, 36.37547648978652, 87.92731780558825],
       [127.36194866100097, 36.37545855086095, 81.89128928724676],
       [127.36194929771968, 36.37549563948080, 81.93709045369178],
       [127.36193924203532, 36.37552952765207, 83.71059964969754],
       [127.36191161330709, 36.37551773167168, 94.64791533071548],
       [127.36190004427978, 36.37557976652197, 87.75558261480182],
       [127.36193167807214, 36.37551506876994, 79.99829695746303],
       [127.36194679743414, 36.37539104194937, 72.69445836823434],
       [127.36196015980947, 36.37542199669745, 81.06380038056523],
       [127.36197056462032, 36.37540895970938, 88.83906519692391],
       [127.36196219676901, 36.37545645069998, 84.61986465752125],
       [127.36189539793014, 36.37556102052831, 88.47283056937158],
       [127.36193890424799, 36.37548447887554, 79.61119794379920],
       [127.36189610663257, 36.37557829625657, 80.31417355686426],
       [127.36185236244610, 36.37570145075678, 89.89400202967227],
       [127.36189386800054, 36.37561599586904, 89.76894875895232],
       [127.36188650774315, 36.37566879581929, 102.26453523058444],
       [127.36191368007556, 36.37559648284543, 94.23347441293299],
       [127.36187924249091, 36.37567829718424, 91.46352617535740],
       [127.36188204223716, 36.37562421213777, 89.33051869925112],
       [127.36188299263905, 36.37563565539699, 90.12913751229644],
       [127.36186925966760, 36.37563981502820, 92.52082940563560],
       [127.36190333517747, 36.37557237192600, 85.75220083817840],
       [127.36189061139827, 36.37564416758065, 97.40374014992267],
       [127.36194257830716, 36.37561844286957, 89.51565272547305],
       [127.36189733144602, 36.37568458621396, 86.92159765679389],
       [127.36185834814131, 36.37570608674731, 84.52673726622015],
       [127.36189329725751, 36.37560016107290, 90.28223898820579],
       [127.36194504732342, 36.37542763617247, 76.47244992852211],
       [127.36191682519100, 36.37553863134939, 81.72562985401601],
       [127.36194435545420, 36.37555700266715, 83.30462737288326],
       [127.36197180740031, 36.37546782796312, 83.09033617656678],
       [127.36194600697912, 36.37549909261269, 88.56128229666501],
       [127.36191794866123, 36.37559868242825, 90.30120348650962],
       [127.36190597667556, 36.37556859532558, 91.68632082641125],
       [127.36192146763210, 36.37549206197971, 84.74839773774147],
       [127.36196696872639, 36.37544896275280, 83.64220498315990],
       [127.36193196126209, 36.37555349844423, 85.26497947145253],
       [127.36194950420069, 36.37552912352085, 79.21299280598760],
       [127.36195423372867, 36.37551135095934, 78.37989759352058],
       [127.36193909285294, 36.37550598606054, 83.20494076982141],
       [127.36190339211528, 36.37558952881616, 89.94066717009991],
       [127.36191864460568, 36.37559372226584, 88.65286249760538],
       [127.36189930801228, 36.37560827340653, 97.61968251224607],
       [127.36185859204718, 36.37563821400419, 100.30564774014056],
       [127.36190308453233, 36.37553709441281, 93.11047570873052],
       [127.36186069782192, 36.37563338603930, 97.90271998941898],
       [127.36191095696927, 36.37554634206997, 88.22652913164347],
       [127.36189469892271, 36.37551242703847, 89.38610540237278],
       [127.36189632482031, 36.37556512525924, 86.03064781520516],
       [127.36190687245158, 36.37550634905892, 87.13833066727966],
       [127.36189722187117, 36.37556262548870, 95.54437822196633],
       [127.36188518017698, 36.37553688994350, 104.05912294331938],
       [127.36188042994455, 36.37561726782456, 99.95275303255767],
       [127.36186871872131, 36.37561594236924, 96.13619179278612],
       [127.36189863564377, 36.37558123697651, 95.49021161068231],
       [127.36187584619165, 36.37560348707773, 92.25516674388200],
       [127.36195637930874, 36.37546786068179, 84.96017520967871],
       [127.36187294500168, 36.37557513749559, 100.11318869236857],
       [127.36178585625881, 36.37576402493700, 113.88912991248071],
       [127.36181706861301, 36.37571559196363, 105.29290988668799],
       [127.36183847852092, 36.37568943599730, 105.33110843505710],
       [127.36184737757010, 36.37563337706429, 101.57482184655964],
       [127.36181869455461, 36.37569822534852, 112.22379439882934],
       [127.36188027084742, 36.37558141027892, 99.23411166667938],
       [127.36188950856683, 36.37552598059131, 93.89200316555798],
       [127.36194044389821, 36.37538297931015, 89.00680587813258],
       [127.36193817236116, 36.37539534706467, 93.68361295573413],
       [127.36192328693869, 36.37547376535523, 97.67864413000643],
       [127.36186248513718, 36.37558445623124, 100.49330880027264],
       [127.36185396124651, 36.37562027285251, 107.58824295550585],
       [127.36187501377131, 36.37562324178764, 101.56694130692631],
       [127.36184718973465, 36.37563771879845, 110.76354929059744],
       [127.36184456447189, 36.37564466287095, 109.28730547521263],
       [127.36183731602043, 36.37562557678157, 102.28542861156166],
       [127.36186360976808, 36.37558193610169, 102.01070627104491],
       [127.36185691335335, 36.37560881751011, 99.77517030760646],
       [127.36183368143627, 36.37563729227671, 99.43645507656038],
       [127.36181269078156, 36.37567606207649, 109.84531615953892],
       [127.36186953035680, 36.37557643569990, 104.31562314741313],
       [127.36187719187325, 36.37549667244684, 91.48184678051621],
       [127.36181412848099, 36.37562111580656, 100.50568770058453],
       [127.36182150760506, 36.37562018361679, 98.69123577140272],
       [127.36182037281323, 36.37565005526245, 104.08807832095772],
       [127.36183926687941, 36.37562507665308, 97.70903853885829],
       [127.36182020265966, 36.37570193668653, 96.45044077187777],
       [127.36178447920010, 36.37578426819982, 104.51835287082940],
       [127.36180765008582, 36.37572164835083, 102.71807141695172],
       [127.36178505809812, 36.37573023560584, 110.73401164449751],
       [127.36184763206620, 36.37555326314233, 92.66760110203177],
       [127.36183608905382, 36.37558616326008, 95.94084283430129],
       [127.36180776108345, 36.37563548600898, 102.34652732778341],
       [127.36181878146056, 36.37561837397498, 94.60843214020133],
       [127.36181670615562, 36.37560328016881, 103.33077591750771],
       [127.36187760476996, 36.37547700702142, 94.22535785473883],
       [127.36186625566761, 36.37554478032861, 95.87906336411834],
       [127.36183694785714, 36.37560842787211, 98.76878009084612],
       [127.36183087685032, 36.37563703262774, 98.49721729569137],
       [127.36175584867370, 36.37577011689640, 109.90652330499142],
       [127.36177044274605, 36.37569453566328, 103.04394198115915],
       [127.36178514189240, 36.37567155851048, 95.39197453018278],
       [127.36183124640286, 36.37563387494885, 87.84393472969532],
       [127.36185046779745, 36.37553961889693, 92.28213368728757],
       [127.36181555990994, 36.37561296708952, 97.00764078460634],
       [127.36173725459913, 36.37582428663133, 111.41204944718629],
       [127.36179127151553, 36.37571499867915, 105.74537671916187],
       [127.36178232344326, 36.37574555306146, 95.36710433010012],
       [127.36177458361314, 36.37575024015143, 95.34417600743473],
       [127.36180470777623, 36.37565560210539, 91.68279564101249],
       [127.36180523191322, 36.37558604709086, 95.09454146679491],
       [127.36183976004607, 36.37557740510840, 92.11976830940694],
       [127.36181168640415, 36.37571184540390, 98.12161301914603],
       [127.36179745170509, 36.37568758544274, 88.79709315299988],
       [127.36179222684601, 36.37574501784008, 92.11318511795253],
       [127.36177586061982, 36.37576574049012, 102.28002564981580],
       [127.36179923183836, 36.37566457143269, 92.97275889012963],
       [127.36182687750346, 36.37561298548127, 89.82485062256455],
       [127.36182908813416, 36.37554645631423, 89.76930635329336],
       [127.36180967766924, 36.37557827746762, 95.38723332341760],
       [127.36181654522630, 36.37560612023798, 92.50519724376500],
       [127.36184365464507, 36.37565572064742, 91.34536839090288],
       [127.36184446633131, 36.37566549941104, 92.22453309409320],
       [127.36179618787260, 36.37571670078795, 89.39456007629633],
       [127.36182037021835, 36.37559281170821, 85.81516500096768],
       [127.36183817351801, 36.37548538300767, 84.43055274989456],
       [127.36185475110535, 36.37548623485124, 75.72858424577862],
       [127.36186526972077, 36.37550024155087, 77.10252682492137],
       [127.36185430949361, 36.37554549462833, 76.49021182209253],
       [127.36187500142270, 36.37549411126937, 73.12688586860895],
       [127.36189579645396, 36.37549581902510, 80.45850960630924],
       [127.36183377080637, 36.37556986633798, 82.33272911887616],
       [127.36180562619720, 36.37558925462078, 78.33607984706759],
       [127.36186037576576, 36.37557683159999, 74.13023925386369],
       [127.36185611479034, 36.37549604268466, 83.74194493424147],
       [127.36189462377779, 36.37543463206801, 74.72945420350879],
       [127.36188892895882, 36.37547535540697, 75.98514807783067],
       [127.36182181634713, 36.37562286235519, 78.48903934378177],
       [127.36178860836816, 36.37568174899683, 82.33841750584543],
       [127.36185952482774, 36.37556468837376, 75.46754656080157],
       [127.36181763847684, 36.37560613670579, 81.85959446802735],
       [127.36184892988886, 36.37555975740360, 75.90314483921975],
       [127.36180314501595, 36.37563129132871, 85.57152446731925],
       [127.36180620619476, 36.37558097885261, 70.60285545140505],
       [127.36180486277787, 36.37557532329412, 75.78741862718016],
       [127.36177642032246, 36.37563000758696, 91.10462663695216],
       [127.36181920638103, 36.37556669369487, 80.84964927937835],
       [127.36181389612622, 36.37551148100037, 69.65295206196606],
       [127.36178107236385, 36.37558357830246, 74.03306432534009],
       [127.36175891982717, 36.37566694858534, 89.44343244098127],
       [127.36175171681391, 36.37565543036252, 93.88852847181261],
       [127.36177738131906, 36.37560715018495, 87.88893338385969],
       [127.36177465483557, 36.37562625368895, 83.19842532277107],
       [127.36173299692310, 36.37566962106009, 94.32601494248956],
       [127.36178022849634, 36.37551200699006, 90.31315908022225],
       [127.36173523617413, 36.37568100489843, 95.58017554134130],
       [127.36173863117959, 36.37561900162881, 85.30672722682357],
       [127.36170089100573, 36.37567092348517, 97.75175625272095],
       [127.36175904663398, 36.37561162864242, 83.23832243680954],
       [127.36172296073072, 36.37566601254722, 86.68509414140135],
       [127.36179045694779, 36.37548863579566, 70.04957823827863],
       [127.36178556027295, 36.37554579878528, 83.60625296086073],
       [127.36179657517255, 36.37552128488495, 81.86753257643431],
       [127.36177320608461, 36.37555409680635, 85.30623616091907],
       [127.36177340620996, 36.37556554632913, 97.63871150277555],
       [127.36179352564984, 36.37545559830694, 92.48471232410520],
       [127.36180277506693, 36.37546860841650, 85.14383360277861],
       [127.36178086707952, 36.37547337316895, 85.67351842205971],
       [127.36177731795931, 36.37552701448665, 96.92507465183735],
       [127.36179189726035, 36.37546455305313, 93.99093102663755],
       [127.36181740159047, 36.37540846505070, 91.52535705920309],
       [127.36183218806735, 36.37544167009461, 86.96941972244531],
       [127.36181301285515, 36.37549153803167, 87.32296549342573],
       [127.36184794304195, 36.37527237711690, 82.85866343043745],
       [127.36184146505397, 36.37536137133194, 87.87844984885305],
       [127.36182469399795, 36.37536747316214, 86.74611477181315],
       [127.36184254772199, 36.37537161161840, 91.76514592766762],
       [127.36180364550503, 36.37546065361408, 98.08031957782805],
       [127.36187545227322, 36.37531369443552, 86.67849937733263],
       [127.36190358405483, 36.37530321892987, 79.15807482227683],
       [127.36187868192411, 36.37534566213478, 82.20911128912121],
       [127.36187789194888, 36.37534041530218, 90.67459422629327],
       [127.36186934306369, 36.37528339497452, 86.00366034917533],
       [127.36187359317940, 36.37528949368905, 80.35937564168125],
       [127.36185509432916, 36.37531431624333, 87.52351111453027],
       [127.36185448521648, 36.37532978967021, 94.32695614360273],
       [127.36187785882073, 36.37528212496429, 94.23690004181117],
       [127.36180570892905, 36.37541409303421, 95.45395314414054],
       [127.36184043471955, 36.37534550875831, 90.75292969774455],
       [127.36184016768310, 36.37535903218459, 92.69548664707690],
       [127.36182604232647, 36.37539476930921, 92.40830609668046],
       [127.36185190395545, 36.37535455293193, 87.70334849972278],
       [127.36189503824693, 36.37530604755595, 84.79265231639147],
       [127.36188653516895, 36.37521691353327, 75.49946017842740],
       [127.36189342186050, 36.37519746450602, 78.18207487557083],
       [127.36188939947849, 36.37530107158520, 88.59237894974649],
       [127.36190077608315, 36.37532341877227, 85.19490816630423],
       [127.36191073261864, 36.37527422457079, 79.68054945860058],
       [127.36194551905729, 36.37517354919677, 67.47151146456599],
       [127.36191767382026, 36.37521624891178, 77.73992585297674],
       [127.36190060190994, 36.37522396703246, 74.85459931939840],
       [127.36188377997814, 36.37525787144003, 81.85159024130553],
       [127.36188294131519, 36.37524894548137, 77.03261380363256],
       [127.36189974341328, 36.37525327238271, 68.07665793690830],
       [127.36188574441535, 36.37526838480009, 70.11312842834741],
       [127.36191860527320, 36.37524140667627, 74.21018138807267],
       [127.36190482771860, 36.37528510919916, 81.63819249719381],
       [127.36189330574490, 36.37533266808138, 84.80463944934309],
       [127.36185051969170, 36.37543491303176, 91.82546751294285],
       [127.36185417587487, 36.37537480583244, 86.01490438543260],
       [127.36182849148588, 36.37537662342458, 87.59288225416094],
       [127.36187013772059, 36.37526372618914, 81.85765394382179],
       [127.36188854881895, 36.37526094128248, 84.69600840285420],
       [127.36193472194910, 36.37510025807268, 68.44640793837607],
       [127.36192906048991, 36.37515020896551, 66.95061881747097],
       [127.36188853672091, 36.37530155364616, 85.49509970005602],
       [127.36188299084701, 36.37526690718686, 84.46930507197976],
       [127.36191409922516, 36.37516713060681, 78.72684423811734],
       [127.36189266439492, 36.37512062781391, 67.63808497413993],
       [127.36190593823217, 36.37514411298458, 67.91228222381324],
       [127.36193451915565, 36.37513266255321, 64.87522075138986],
       [127.36198658272133, 36.37508105145779, 63.16208470985293],
       [127.36191494029536, 36.37518515698083, 68.81650894973427],
       [127.36190957415903, 36.37519762916341, 70.52594106085598],
       [127.36193679559449, 36.37514218874484, 67.45832562539726],
       [127.36194590032268, 36.37514072427694, 66.65889614541084],
       [127.36193169273653, 36.37518404025444, 62.78558405861259],
       [127.36191874950363, 36.37509777275564, 59.56973030418158],
       [127.36188632556329, 36.37520070338602, 71.09148180764169],
       [127.36194597655468, 36.37514056042856, 56.94070854317397],
       [127.36193502963708, 36.37512671118292, 65.38096707873046],
       [127.36196142134465, 36.37509370300470, 59.77996576391160],
       [127.36200167278686, 36.37507399387577, 55.01611457299441],
       [127.36193766086849, 36.37517164842192, 56.96037877351046],
       [127.36194288696794, 36.37514420265823, 51.38575257919729],
       [127.36193275923875, 36.37513669495048, 50.33391206339002],
       [127.36196066393445, 36.37519402441713, 51.00344427581877],
       [127.36194128639289, 36.37521592743596, 57.90713022276759],
       [127.36196298119746, 36.37509062518573, 51.63548132311553],
       [127.36196115022364, 36.37513194758036, 57.37095394078642],
       [127.36199395815608, 36.37500226448387, 40.01915177423507],
       [127.36195597338475, 36.37516316892081, 50.74196909554303],
       [127.36195334507858, 36.37517251149695, 45.25697494205087],
       [127.36198506386691, 36.37508833800771, 37.61434279847890],
       [127.36197933469742, 36.37512405910372, 47.65350786875933],
       [127.36194525793962, 36.37522919914225, 64.20696229301393],
       [127.36196045084900, 36.37520245109152, 60.16627652943134],
       [127.36199497703913, 36.37515721933983, 62.19779049232602],
       [127.36199144722268, 36.37508534798926, 48.13434856478125],
       [127.36197843366222, 36.37514029782452, 41.14607841894031],
       [127.36195720902074, 36.37513951610034, 53.77210718300194],
       [127.36195799996331, 36.37525507173476, 57.98994688130915],
       [127.36193990223911, 36.37526695419416, 61.81818305701017],
       [127.36194714055047, 36.37522093089559, 56.88584964442998],
       [127.36194368135055, 36.37523720776006, 56.60048750694841],
       [127.36194859662082, 36.37522342213276, 52.29651833511889],
       [127.36194980435498, 36.37519314296376, 54.35988148767501],
       [127.36193594171782, 36.37519684916050, 59.37783097662032],
       [127.36195486411903, 36.37518843433595, 57.54452555347234],
       [127.36195965143638, 36.37513747705743, 53.56106580328196],
       [127.36194100555602, 36.37517197331665, 54.12689779978245],
       [127.36197731993455, 36.37510564111630, 49.94566890690476],
       [127.36197960122138, 36.37515663447692, 57.86280653439462],
       [127.36196683932627, 36.37515201250342, 64.90518277790397],
       [127.36196018195383, 36.37525852563674, 64.15172793529928],
       [127.36195577240453, 36.37523827201198, 58.00527114048600],
       [127.36199826223468, 36.37515993452806, 49.91400329861790],
       [127.36200982654050, 36.37512436953749, 54.33583859540522],
       [127.36202065825351, 36.37513992653150, 52.10508983116597],
       [127.36203976373760, 36.37510311008528, 49.07550381589681],
       [127.36203829298603, 36.37515854754289, 53.28483424335718],
       [127.36203544711471, 36.37513796990221, 48.54956710152328],
       [127.36199721003800, 36.37520595846699, 49.37480866350234],
       [127.36198765758259, 36.37518611264710, 56.14022210799158],
       [127.36199217389685, 36.37524473602328, 56.17487997375429],
       [127.36201441509434, 36.37523645214785, 59.88051770441234],
       [127.36203886173023, 36.37517484591566, 50.88987888209522],
       [127.36201673599892, 36.37525334701834, 55.82113017421216],
       [127.36196786393018, 36.37533604870126, 66.69833480007946],
       [127.36198546835060, 36.37533754613219, 59.12020873185247],
       [127.36200483410333, 36.37536972188617, 63.49533190485090],
       [127.36199768689831, 36.37538906114651, 74.36340242438018],
       [127.36203226492412, 36.37523439461342, 60.40896040666848],
       [127.36205558536419, 36.37523852225452, 59.24549153354019],
       [127.36198978886694, 36.37534999180986, 60.26916230563074],
       [127.36201194486297, 36.37527910475503, 60.53452176135033],
       [127.36202778895597, 36.37525413447086, 63.00023689586669],
       [127.36199532852228, 36.37531405688617, 64.51266171783209],
       [127.36196961463162, 36.37534318332889, 69.59919398277998],
       [127.36203407160146, 36.37521008921625, 61.81104739475995],
       [127.36205151872835, 36.37521480634088, 62.84387173783034],
       [127.36200763876192, 36.37535985436887, 66.69094515312463],
       [127.36203053301763, 36.37528734268756, 64.80840577930212],
       [127.36199148167900, 36.37532131177998, 72.71174617763609],
       [127.36199773773130, 36.37531877146696, 74.78539448976517],
       [127.36195813742614, 36.37539589693996, 74.25161099527031],
       [127.36194595410619, 36.37547350902972, 79.14625016041100],
       [127.36201300392679, 36.37532039059995, 66.10142126865685],
       [127.36205260815947, 36.37521584935041, 62.43865837063640],
       [127.36195738964820, 36.37543985535590, 80.69949398934841],
       [127.36197888754477, 36.37531957844503, 69.47238774970174],
       [127.36200295092966, 36.37531130335494, 74.34754985477775],
       [127.36195126921372, 36.37542179459679, 74.54227929282933],
       [127.36197726118350, 36.37539056321243, 72.38810438569635],
       [127.36198747046920, 36.37540437277011, 86.44363959971815],
       [127.36198610888543, 36.37547248340802, 83.27958736661822],
       [127.36203465281098, 36.37532536364775, 70.23246067203581],
       [127.36200594275195, 36.37545343691128, 71.73831060063094],
       [127.36202860102470, 36.37536947380053, 68.03973366320133],
       [127.36201416453282, 36.37535483602016, 65.00217999704182],
       [127.36197573210836, 36.37540856039896, 69.08981128223240],
       [127.36196972541113, 36.37543047197619, 67.76967317610979],
       [127.36197696547158, 36.37540629027761, 66.35711887292564],
       [127.36195119999513, 36.37552115089368, 76.81574091874063],
       [127.36192296833670, 36.37560824025887, 81.03322614729404],
       [127.36193039745808, 36.37561968704954, 88.41410455480218],
       [127.36194659033443, 36.37557950880684, 84.25753345713019],
       [127.36196684265632, 36.37555400344428, 84.95522566698492],
       [127.36191410929111, 36.37558482671958, 87.14726402144879],
       [127.36191310632698, 36.37559860205034, 76.28588961716741],
       [127.36192165092326, 36.37565551371086, 79.94307517725974],
       [127.36194762992221, 36.37569659882131, 87.50964476633817],
       [127.36194679712641, 36.37571269797913, 91.45238146092743],
       [127.36192403898787, 36.37573177740725, 96.71926239971071],
       [127.36192689848407, 36.37572202726044, 93.50725812651217],
       [127.36193615898388, 36.37567654350217, 84.35253609810024],
       [127.36193035120017, 36.37569421929121, 87.63009806349874],
       [127.36192846337532, 36.37568787448637, 88.81992548517883],
       [127.36192101953141, 36.37569218346707, 96.12564203329384],
       [127.36195808175253, 36.37561294272439, 91.28971844725311],
       [127.36193463274702, 36.37559256714879, 86.30896036233753],
       [127.36193221859702, 36.37559159041254, 91.85353040322661],
       [127.36195088774276, 36.37561466419121, 82.06090646050870],
       [127.36194524371332, 36.37563587983852, 82.46458089724183],
       [127.36194361410581, 36.37570792011486, 90.63170920312405],
       [127.36193226690668, 36.37570438765218, 96.62407146394253],
       [127.36190671625205, 36.37569983685093, 96.03300029132515],
       [127.36195682889726, 36.37560910200982, 92.81661301478744],
       [127.36192347880997, 36.37566217767714, 94.39668577816337],
       [127.36190127893479, 36.37568985357041, 99.17188491206616],
       [127.36191245214975, 36.37573864990912, 97.54731614701450],
       [127.36193116337326, 36.37570076533362, 95.67061168607324],
       [127.36198068754936, 36.37559539358656, 80.70787683967501],
       [127.36195545824435, 36.37560773436159, 83.32968332059681],
       [127.36192229586385, 36.37565058250374, 87.51908831577748],
       [127.36191285856938, 36.37567367330557, 82.93163247685879],
       [127.36193583408713, 36.37566781357486, 79.11882657092065],
       [127.36194052617486, 36.37566472141867, 82.75509422458708],
       [127.36195062720954, 36.37566459350675, 82.28696082718670],
       [127.36195733011569, 36.37563908128385, 72.07421997375786],
       [127.36189819140762, 36.37566611017935, 84.52573634777218],
       [127.36191194253378, 36.37570815719137, 89.47272207029164],
       [127.36192843889917, 36.37564267786320, 93.69398562610149],
       [127.36192438935599, 36.37567541375536, 93.30408662371337],
       [127.36190038456890, 36.37572860561839, 96.96587604656816],
       [127.36194227691735, 36.37570849398214, 93.78864589426666],
       [127.36196219054798, 36.37567800731383, 84.26977471075952],
       [127.36196703884559, 36.37561880643536, 80.46589430607855],
       [127.36195104129533, 36.37562897304381, 83.87474150955677],
       [127.36198811749547, 36.37556846291863, 76.54248773865402],
       [127.36196108908287, 36.37557947888133, 78.61593194305897],
       [127.36192234940859, 36.37559062942633, 80.54588520340621],
       [127.36191855721734, 36.37560066294117, 85.13107726164162],
       [127.36193054420538, 36.37560924664614, 85.41438457928598],
       [127.36189181561456, 36.37571298520016, 92.83032220229506],
       [127.36192204573696, 36.37569554295234, 88.43193396832794],
       [127.36191411676396, 36.37564655854423, 88.21474578697234],
       [127.36194106103365, 36.37560001859310, 89.61429670918733],
       [127.36193209830155, 36.37548643812234, 82.98706472385675],
       [127.36192265767856, 36.37556384672528, 91.18089134059846],
       [127.36192508989414, 36.37556759740314, 89.66413102392107],
       [127.36193443652787, 36.37557959406920, 88.21130367461592],
       [127.36194630372300, 36.37555567186100, 80.65494275745004],
       [127.36195813539567, 36.37539773594136, 69.35381017997861],
       [127.36190864860322, 36.37551127411626, 78.08667462691665],
       [127.36195843304709, 36.37541595917463, 71.20743701886386],
       [127.36197616467481, 36.37535978643059, 71.30955397244543],
       [127.36193094597937, 36.37538249499094, 81.33769947662950],
       [127.36198509990679, 36.37539902700409, 72.06055705808103],
       [127.36197526667888, 36.37539329253496, 73.40624746214598],
       [127.36194574123773, 36.37540244267454, 72.57019401434809],
       [127.36192918544637, 36.37544415403784, 74.62517829146236],
       [127.36191814762256, 36.37540784653001, 75.57537568826228],
       [127.36195548716870, 36.37533094515734, 64.25034175813198],
       [127.36194918784494, 36.37533096890988, 67.16099094785750],
       [127.36193704804478, 36.37535851303483, 67.52305473014712],
       [127.36197203880735, 36.37527683762139, 65.94751595053822],
       [127.36197082974613, 36.37531233151189, 73.41604807879776],
       [127.36200924210333, 36.37524539640935, 73.69676232989877],
       [127.36199304743378, 36.37520841022241, 65.96165459044278],
       [127.36203773062998, 36.37518256057140, 61.03580121137202],
       [127.36204289763590, 36.37511578847370, 49.56290980521590],
       [127.36196227903508, 36.37531874378025, 67.78741513472050],
       [127.36199456341512, 36.37526548271772, 61.39729030244052],
       [127.36201522536412, 36.37523833009738, 65.57662626076490],
       [127.36194901902850, 36.37533777310662, 72.76879325415939],
       [127.36193945612469, 36.37529466134774, 80.68131568189710],
       [127.36197321161482, 36.37516278979560, 61.56800781749189],
       [127.36193765927437, 36.37536121112618, 76.02349828369915],
       [127.36195017256401, 36.37522851304033, 66.61704276967794],
       [127.36198031186126, 36.37524019888625, 71.36645639408380],
       [127.36199566624688, 36.37524188577770, 77.48623084370047],
       [127.36200193943954, 36.37519468700230, 68.19065127894282],
       [127.36198002805705, 36.37515200895299, 50.29714262112975],
       [127.36197707284258, 36.37516902668530, 63.71429411508143],
       [127.36196379804360, 36.37517730065769, 74.50049459654838],
       [127.36199193494623, 36.37514566057586, 70.56102663371712],
       [127.36200098723313, 36.37524771768189, 71.34365437831730],
       [127.36201441824375, 36.37519306420444, 76.24962223134935],
       [127.36198618770339, 36.37520630733978, 84.89036164246500],
       [127.36197456940029, 36.37515442830732, 77.73359790537506],
       [127.36195647986509, 36.37516384790965, 68.52160526160151],
       [127.36200854974867, 36.37509702748331, 64.72327689081430],
       [127.36202670455604, 36.37505951226504, 68.75635196734220],
       [127.36200656499214, 36.37507876969907, 63.57245204132050],
       [127.36194646676444, 36.37523075974612, 77.32082106266171],
       [127.36195088972373, 36.37516889506435, 86.42415596265346],
       [127.36200268021230, 36.37506710619306, 68.49339953158051],
       [127.36201198448704, 36.37505543990417, 67.16022653505206],
       [127.36201005506970, 36.37508028559113, 78.50616626814008],
       [127.36193832597191, 36.37521061414152, 84.56009584106505],
       [127.36190315714501, 36.37525395993365, 82.94970355369151],
       [127.36196279955072, 36.37513381882364, 67.37234534230083],
       [127.36199261401583, 36.37510334364099, 64.75725308991969],
       [127.36202189112363, 36.37505949817444, 67.01760218478739],
       [127.36198396647229, 36.37513176282457, 82.28717040829360],
       [127.36194015026393, 36.37524288129853, 87.91149333398789],
       [127.36198122838564, 36.37518360034625, 78.50110305193812],
       [127.36198457276889, 36.37517251500289, 77.65486615523696],
       [127.36196222810656, 36.37524023917110, 76.00501424260437],
       [127.36193547900052, 36.37528776472503, 87.68531162291765],
       [127.36194952737439, 36.37521402758559, 83.67022033594549],
       [127.36200926387951, 36.37509783923303, 66.90873761754483],
       [127.36192998716433, 36.37523240276581, 76.27936324663460],
       [127.36188665902878, 36.37526274403901, 84.33927697781473],
       [127.36196418203455, 36.37511684501920, 71.52271594107151],
       [127.36198346209855, 36.37513749294419, 71.97597208060324],
       [127.36195468930597, 36.37518598120376, 73.43556708004326],
       [127.36192201291166, 36.37525682855654, 79.81108808051795],
       [127.36197552626008, 36.37511756985067, 70.36027722898871],
       [127.36197796704438, 36.37515005024058, 66.65156845655292],
       [127.36197987729179, 36.37513121442373, 62.00576682202518],
       [127.36199574843948, 36.37516302093728, 68.19116124976426],
       [127.36198987213972, 36.37516971450361, 70.24679339490831],
       [127.36198395968476, 36.37516217575979, 75.41470770444721],
       [127.36202216458817, 36.37510744995328, 67.10374574735761],
       [127.36195713377580, 36.37516508798401, 72.66898376960307],
       [127.36198545067383, 36.37512129469992, 66.02785829547793],
       [127.36200495577538, 36.37509700288823, 63.95455156639218],
       [127.36193320578998, 36.37523682479429, 79.97466855496168],
       [127.36194816824295, 36.37517814635040, 82.44779723882675],
       [127.36193654897563, 36.37524405561853, 84.23498641513288],
       [127.36188972074012, 36.37535197603833, 90.19363254401833],
       [127.36195740036500, 36.37524432061969, 74.52172308973968],
       [127.36196037267587, 36.37526750048602, 78.90751854982227],
       [127.36193722174727, 36.37515853841530, 78.36268189828843],
       [127.36189243741984, 36.37529086006332, 98.34954076353461],
       [127.36191201961635, 36.37527371838829, 85.57801225036383],
       [127.36193620296889, 36.37516372587089, 75.39655575435609],
       [127.36189449732247, 36.37522139087681, 86.35584873426706],
       [127.36189305548906, 36.37521399083663, 82.85552953090519],
       [127.36192828680494, 36.37516203997394, 78.59326427057385],
       [127.36192261104397, 36.37517876152909, 75.67597424890846],
       [127.36194996025883, 36.37520996315747, 77.25818298384547],
       [127.36195885071481, 36.37521749798442, 75.10998636856675],
       [127.36196704568060, 36.37514461424996, 70.80004568397999],
       [127.36198033734640, 36.37513224404521, 81.81349878199399],
       [127.36194315388181, 36.37525666541009, 96.17703960742801],
       [127.36192249544277, 36.37535136788052, 93.86786570027471],
       [127.36190660135672, 36.37531061021441, 95.49885054118931],
       [127.36189688118212, 36.37534870232513, 97.39533018972725],
       [127.36197603290127, 36.37516500324239, 74.38759575970471],
       [127.36198249255376, 36.37515007218702, 76.75554423313588],
       [127.36193999062637, 36.37520947944341, 76.75512222666293],
       [127.36190329529992, 36.37528789901803, 80.95639918185771],
       [127.36195885458476, 36.37524791149364, 76.90694172307849],
       [127.36197328568345, 36.37519883868494, 76.15438397228718],
       [127.36197601638786, 36.37520031617429, 78.32283940725029],
       [127.36195896966993, 36.37531488236220, 87.80208710767329],
       [127.36191154002165, 36.37539940279445, 92.29791518114507],
       [127.36189132542482, 36.37544811597384, 87.01861765142530],
       [127.36192216520730, 36.37536736079806, 80.86291065253317],
       [127.36192121362298, 36.37539067368512, 86.09130884706974],
       [127.36192048941874, 36.37540432592225, 84.74959500040859],
       [127.36193750596253, 36.37539410290314, 86.91447310708463],
       [127.36195734023977, 36.37531260757367, 76.79864129144698],
       [127.36197989074161, 36.37526833762406, 80.11047559231520],
       [127.36190975720305, 36.37546212867901, 94.87581539712846],
       [127.36186280285632, 36.37556325351133, 107.53104622475803],
       [127.36190869257598, 36.37545804808730, 99.55112878512591],
       [127.36193029231499, 36.37540718556136, 96.07984064798802],
       [127.36189900226121, 36.37546804023874, 95.90532393753529],
       [127.36192351300984, 36.37539656420556, 94.87605539429933],
       [127.36190902823544, 36.37540382480920, 91.51132913399488],
       [127.36188358177446, 36.37542898119295, 92.43319971766323],
       [127.36189022300553, 36.37550424926604, 100.52356656547636],
       [127.36191407410679, 36.37546267455239, 104.02630229573697],
       [127.36193398487056, 36.37541569115518, 100.85762200783938],
       [127.36190896689956, 36.37543578463513, 99.40106227528304],
       [127.36186206123698, 36.37551431738653, 100.97921273857355],
       [127.36183899601973, 36.37556292594472, 114.19656844064593],
       [127.36186602531237, 36.37554982438934, 112.38526017963886],
       [127.36189773567909, 36.37552210078191, 111.73458340112120],
       [127.36186572768315, 36.37549858795285, 114.96669056639075],
       [127.36187821258132, 36.37545890485960, 109.28809269890189],
       [127.36189544963244, 36.37543379197905, 104.58603398129344],
       [127.36189757535952, 36.37541788577978, 95.06131088174880],
       [127.36192664195765, 36.37537696801632, 96.75474277324975],
       [127.36186433367622, 36.37556212433387, 115.60775689594448],
       [127.36189222114790, 36.37556300971039, 116.65345663577318],
       [127.36183258326679, 36.37564500854010, 119.81418528407812],
       [127.36187849843509, 36.37553776325859, 106.34713326394558],
       [127.36182448327932, 36.37560715862075, 122.01556132640690],
       [127.36180747529920, 36.37568492558170, 128.41329044010490],
       [127.36188339790358, 36.37556925909568, 109.81955421809107],
       [127.36191129206973, 36.37548987151496, 103.12007770221680],
       [127.36184534206434, 36.37557257184527, 111.25473772175610],
       [127.36184139814628, 36.37559003887105, 111.49743584915996],
       [127.36184738626784, 36.37560380612523, 108.34449878986925],
       [127.36184811222805, 36.37562031117576, 111.52275083214045],
       [127.36181464050856, 36.37566989747538, 116.00284857861698],
       [127.36183768486238, 36.37558331855196, 112.21998203452677],
       [127.36185014027679, 36.37558694297299, 108.96645932458341],
       [127.36191205783275, 36.37555399547911, 102.62188575789332],
       [127.36189504029566, 36.37552652717743, 103.59590543061495],
       [127.36184143367186, 36.37557320133268, 102.89070960786194],
       [127.36179263618146, 36.37568039693416, 113.09708799235523],
       [127.36186382607460, 36.37559970244738, 108.39412264060229],
       [127.36190415627100, 36.37551068386160, 97.52494668215513],
       [127.36191375347099, 36.37549957888099, 93.18405619170517],
       [127.36191645259100, 36.37551572783266, 99.82662693224847],
       [127.36190077986605, 36.37557734624041, 108.89153454266489],
       [127.36188113112365, 36.37559667538126, 106.81033281516284],
       [127.36189320851591, 36.37558409380581, 108.37265021633357],
       [127.36186430069669, 36.37556196716611, 105.16585118696094],
       [127.36191512958187, 36.37547448432611, 94.96579765435308],
       [127.36186789598302, 36.37556815269098, 105.97539514023811],
       [127.36184985882667, 36.37561712463235, 117.49639525078237],
       [127.36185895093112, 36.37559437305937, 109.60304026771337],
       [127.36186855980836, 36.37563363317366, 110.90482647810131],
       [127.36186870496475, 36.37557763950345, 99.72611066978425],
       [127.36189185521948, 36.37552798360497, 98.00541148521006],
       [127.36196626323292, 36.37539766999982, 88.55628353450447],
       [127.36198126113372, 36.37534547628126, 89.06105560064316],
       [127.36192670817971, 36.37537440614804, 84.90045272558928],
       [127.36189008596024, 36.37545666538431, 91.65847857482731],
       [127.36184397962549, 36.37556284292175, 98.25000180024654],
       [127.36188527082693, 36.37552327228131, 92.91634726431221],
       [127.36185573718420, 36.37554757714427, 89.41348342876881],
       [127.36188010261522, 36.37548471551214, 92.45676382910460],
       [127.36191472327633, 36.37543475921759, 85.53126497194171],
       [127.36190575150320, 36.37545934641632, 84.05869449395686],
       [127.36189752859745, 36.37546153752294, 80.75970504432917],
       [127.36191256542742, 36.37547390359403, 82.18201012723148],
       [127.36190088996761, 36.37551108290284, 88.52783326152712],
       [127.36191923738265, 36.37546130723897, 86.90836577303708],
       [127.36186579075223, 36.37557319451052, 92.03398136142641],
       [127.36185944522943, 36.37551866606869, 86.94271675869823],
       [127.36188116652458, 36.37546097465407, 88.93443355150521],
       [127.36192334134584, 36.37538610440423, 88.92701463121921],
       [127.36197387183717, 36.37536098796497, 85.49049741122872],
       [127.36187088210768, 36.37544846106512, 88.87481059134007],
       [127.36187786680253, 36.37539519465022, 79.17690409533679],
       [127.36189921872104, 36.37537197077918, 72.09428788349032],
       [127.36188899749830, 36.37539625555838, 75.58868170157075],
       [127.36189294026666, 36.37541980743254, 81.79396422579885],
       [127.36190808630809, 36.37547226357290, 86.60363307315856],
       [127.36192917940342, 36.37544570552842, 78.77693676296622],
       [127.36188460785424, 36.37547411207056, 87.93530189432204],
       [127.36188272233456, 36.37552279899381, 89.29646127205342],
       [127.36188684589123, 36.37544690263929, 83.15847779810429],
       [127.36182555388824, 36.37553645057921, 99.36501119658351],
       [127.36188504406412, 36.37544316417129, 90.53553246520460],
       [127.36187363967215, 36.37540051935043, 82.84651662874967],
       [127.36190160522278, 36.37535305953156, 78.33830836415291],
       [127.36188532250894, 36.37541569516019, 84.40919143054634],
       [127.36186608331583, 36.37539642811612, 88.64010728895664],
       [127.36186442578348, 36.37543831409711, 81.55961108673364],
       [127.36191406082195, 36.37535595286360, 72.51200693286955],
       [127.36192529428831, 36.37530312653437, 78.46790747717023],
       [127.36195513789484, 36.37535067860117, 76.84060571808368],
       [127.36192191976842, 36.37544997265315, 87.56395584903657],
       [127.36192704509668, 36.37541063180621, 81.35138987563550],
       [127.36192967792580, 36.37539544578578, 80.40434393472970],
       [127.36193376242043, 36.37542563755187, 85.00149088259786],
       [127.36189864529980, 36.37552935301337, 92.19934102240950],
       [127.36187547761614, 36.37553364111857, 90.32050184253603],
       [127.36183244867806, 36.37560754968590, 96.82546329591423],
       [127.36184506260660, 36.37557808394092, 93.45014529395849],
       [127.36188413672488, 36.37549927369903, 85.17475735023618],
       [127.36191846123754, 36.37541868192802, 78.38179766386747],
       [127.36192162921850, 36.37543551039765, 80.26692336518317],
       [127.36195669338332, 36.37540919211417, 74.58617444522679],
       [127.36184910181146, 36.37560643657019, 88.66644762456417],
       [127.36182524235170, 36.37568915764466, 105.42187133338302],
       [127.36188062676241, 36.37561566103438, 96.43436918128282],
       [127.36188431999597, 36.37553986632128, 92.41983757261187],
       [127.36187263423403, 36.37552499000756, 89.47499081026763],
       [127.36185574116129, 36.37557072394464, 96.26702199038118],
       [127.36183312990991, 36.37558337841200, 99.97646014112979],
       [127.36188413263224, 36.37545784642430, 85.25847753696144],
       [127.36181599655828, 36.37559424074399, 90.04233182873577],
       [127.36186427345994, 36.37551395635995, 90.81259870715439],
       [127.36189442917664, 36.37545021475636, 83.39776693750173],
       [127.36189949614791, 36.37542463108999, 85.68817578721792],
       [127.36182767238169, 36.37561937519814, 97.12248620204628],
       [127.36182304554292, 36.37564894368203, 100.70071824453771],
       [127.36182660422652, 36.37570742368043, 107.81800661701709],
       [127.36181263139038, 36.37566540810289, 95.89405207522213],
       [127.36187677867856, 36.37556679391528, 92.75572402775288],
       [127.36191086869364, 36.37545194575286, 82.80714801233262],
       [127.36186520993058, 36.37553316392070, 89.50158012751490],
       [127.36187068477500, 36.37554250767972, 93.44584735948592],
       [127.36182548298825, 36.37563702465250, 108.54923538491130],
       [127.36178178557694, 36.37573756994426, 112.61845642141998],
       [127.36173095351791, 36.37578647140807, 110.56287867389619],
       [127.36180369265226, 36.37567937217641, 93.78497864399105],
       [127.36188087501918, 36.37547387028378, 78.33267424069345],
       [127.36190570500291, 36.37546006685796, 82.68178048916161],
       [127.36186180209248, 36.37549074438477, 82.54118955414742],
       [127.36182946817820, 36.37549870492577, 84.71294218208641],
       [127.36185519357733, 36.37549331619052, 84.85607613436878],
       [127.36182924506652, 36.37561726067327, 99.74980877898633],
       [127.36184347867579, 36.37561770035698, 97.59476089105010],
       [127.36187782357514, 36.37550603084063, 91.50458441767842],
       [127.36185054242378, 36.37558482397873, 93.50530753564090],
       [127.36187432853237, 36.37549901018497, 87.82443028315902],
       [127.36191031169886, 36.37540005946843, 71.51102122850716],
       [127.36184437800085, 36.37552235137976, 79.41436980757862],
       [127.36179158688714, 36.37561679941881, 92.67872977629304],
       [127.36184353939721, 36.37547250467104, 81.68376276083291],
       [127.36185081167241, 36.37550457691714, 76.06365985609591],
       [127.36181296574352, 36.37556348588584, 88.05509555153549],
       [127.36187696238601, 36.37542406888033, 72.70888400170952],
       [127.36184202337013, 36.37541084065890, 75.97105661965907],
       [127.36186188035620, 36.37541374896794, 65.69749883841723],
       [127.36186207234016, 36.37539325769542, 77.17587925866246],
       [127.36188382055393, 36.37538713368217, 74.57005993742496],
       [127.36183747764073, 36.37554805381773, 87.23506438266486],
       [127.36184076718325, 36.37554343908369, 86.82018974702805],
       [127.36188234879045, 36.37551050497976, 91.96115908399224],
       [127.36188196186821, 36.37547764336809, 82.00790724810213],
       [127.36184394123612, 36.37546659949140, 78.05424799211323],
       [127.36186686131913, 36.37530675143027, 64.44906427338719],
       [127.36184497586517, 36.37546314720189, 81.81774106901139],
       [127.36184256943100, 36.37548460398763, 85.82458954397589],
       [127.36184641889814, 36.37555488219591, 74.19250058569014],
       [127.36183436917699, 36.37562974250742, 89.85760420188308],
       [127.36182833639054, 36.37554407498524, 92.10559348016977],
       [127.36188585355694, 36.37541247410861, 73.11719381716102],
       [127.36184374393223, 36.37544014982740, 75.09171963110566],
       [127.36187376692246, 36.37531871593578, 71.16925462614745],
       [127.36186173447742, 36.37542398668909, 82.79581768810749],
       [127.36191510957408, 36.37534231214653, 70.97851628437638],
       [127.36188531592163, 36.37543489802405, 68.69763564318419],
       [127.36190424007570, 36.37534072931548, 65.18588245753199],
       [127.36188019335670, 36.37539351275836, 73.44955870043486],
       [127.36190195965774, 36.37538322103172, 76.33803397044539],
       [127.36186008076480, 36.37544465543887, 75.65434560365975],
       [127.36185338137882, 36.37551221211841, 83.76803233008832],
       [127.36189095684459, 36.37543811814341, 86.60357006266713],
       [127.36188118902092, 36.37547555601505, 86.16972175799310],
       [127.36193947286763, 36.37536195212805, 75.65239050704986],
       [127.36189563219770, 36.37541447136550, 83.99097361788154],
       [127.36183490476411, 36.37542842433275, 84.31536415219307],
       [127.36182704404645, 36.37546256339598, 91.58350592385978],
       [127.36191802025564, 36.37531156367902, 76.10286240652204],
       [127.36190027187658, 36.37536556871686, 84.98397835716605],
       [127.36184813472508, 36.37544612851224, 87.84712108131498],
       [127.36186255204768, 36.37544331453910, 86.27992586046457],
       [127.36190567287318, 36.37531656805667, 73.20992893632501],
       [127.36191945961833, 36.37531079910369, 73.28937275521457],
       [127.36183377053149, 36.37546075522497, 92.57179600745440],
       [127.36184301338497, 36.37546725254279, 92.37399787269533],
       [127.36185744370272, 36.37543260222343, 95.07547069992870],
       [127.36190566188016, 36.37538454154882, 82.91214906796813],
       [127.36188552841156, 36.37541689978782, 85.16391596291214],
       [127.36185377591617, 36.37544596371404, 91.36452939826995],
       [127.36179550104647, 36.37556857331482, 97.70342994201928],
       [127.36188025212456, 36.37544190066735, 90.82268234901130],
       [127.36187094857534, 36.37545058567226, 87.69620045181364],
       [127.36186708967853, 36.37538309562320, 79.23594020400196],
       [127.36190407706157, 36.37535971100969, 84.13279631361365],
       [127.36187010026910, 36.37539109195757, 89.51003117673099],
       [127.36184381210072, 36.37546239790681, 92.48800569027662],
       [127.36181112961224, 36.37559800733356, 101.53250102978200],
       [127.36181838234374, 36.37560213401488, 100.70230875350535],
       [127.36184200188922, 36.37559882823324, 93.16708897799253],
       [127.36182470348467, 36.37558311021373, 96.32116101961583],
       [127.36194206974878, 36.37532951215327, 74.08864407707006],
       [127.36192646567956, 36.37539965012843, 87.36414813622832],
       [127.36191727535039, 36.37537899845210, 88.21480515971780],
       [127.36185441675622, 36.37545389745870, 96.68631199933589],
       [127.36189601544559, 36.37543436639970, 94.65127087663859],
       [127.36183364764673, 36.37561313769280, 99.40764846839011],
       [127.36180141624207, 36.37565546886449, 103.71418232377619],
       [127.36180435937901, 36.37564652998421, 107.02155164442956],
       [127.36184284038717, 36.37554118398499, 103.02091130800545],
       [127.36189309868183, 36.37543299051733, 94.20151476003230],
       [127.36181797479070, 36.37554296564089, 108.26398713234812],
       [127.36180237616628, 36.37561349542714, 113.78729695826769],
       [127.36181174860954, 36.37559100194540, 115.52170854806900],
       [127.36183627937386, 36.37555761141095, 111.31856598705053],
       [127.36187830330083, 36.37546768132511, 98.78805964440107],
       [127.36191293434251, 36.37538126375363, 93.68072921689600],
       [127.36185707279840, 36.37550330697607, 107.21434723492712],
       [127.36181978014091, 36.37554064899560, 112.32206766773015],
       [127.36183106511679, 36.37547760381261, 98.11000304762274],
       [127.36179369734496, 36.37558056002680, 101.46459731739014],
       [127.36184753471291, 36.37550040212104, 100.24317958299071],
       [127.36183439424785, 36.37557822208883, 102.36662698164582],
       [127.36184569450076, 36.37550434541721, 97.71665367763489],
       [127.36183821288084, 36.37555748277011, 104.94982170592993],
       [127.36183436219498, 36.37556171848712, 98.75266075134277],
       [127.36181675252531, 36.37560103402902, 113.34439453482628],
       [127.36185245723291, 36.37552529603762, 111.97299980744720],
       [127.36182156534129, 36.37558319643257, 111.46321979351342],
       [127.36174900769899, 36.37573010265239, 121.62219334580004],
       [127.36175186407453, 36.37571140356432, 120.29179898928851],
       [127.36179464505359, 36.37564290693276, 112.16716365981847],
       [127.36175954101994, 36.37563805878018, 117.62488804943860],
       [127.36184559893564, 36.37556276801831, 102.22711438126862],
       [127.36182769093074, 36.37565688090627, 104.70591891277581],
       [127.36180631312607, 36.37566927102203, 112.10392601508647],
       [127.36179875271969, 36.37568630951696, 113.09910116903484],
       [127.36180532839158, 36.37564692527389, 105.81445321906358],
       [127.36174331577698, 36.37573661344791, 111.99326586071402],
       [127.36187178883169, 36.37555828097923, 94.70214687380940],
       [127.36185547978725, 36.37559829804695, 108.65308605879545],
       [127.36176639257131, 36.37574704242964, 123.28601444046944],
       [127.36177799782963, 36.37572436184650, 116.23263838514686],
       [127.36188025988393, 36.37551906107626, 103.28242370765656],
       [127.36188473521690, 36.37546361614394, 97.74229906778783],
       [127.36179996463893, 36.37563390326837, 108.24020588863641],
       [127.36181096555016, 36.37560938123796, 110.90000277291983],
       [127.36182340331702, 36.37553773053543, 101.95040485728532],
       [127.36179330264599, 36.37561900899108, 104.51603715866804],
       [127.36184332242257, 36.37555592072092, 105.52181635331362],
       [127.36181626886120, 36.37559588867182, 113.81233168113977],
       [127.36184989410056, 36.37541709083872, 96.38279408682138],
       [127.36183916356654, 36.37549951326347, 101.35264734271914],
       [127.36186022598038, 36.37546323386849, 97.85973046813160],
       [127.36183195358487, 36.37550658396557, 98.64532343950123],
       [127.36178198779503, 36.37562195731990, 117.36877843830734],
       [127.36176488941972, 36.37562756494837, 115.19543754775077],
       [127.36179212290961, 36.37558879866300, 112.26835642568767],
       [127.36179772646791, 36.37562854405389, 115.14891323912889],
       [127.36179766590649, 36.37557251482124, 114.08822178188711],
       [127.36181666783069, 36.37549525423960, 107.92292954120785],
       [127.36188913506612, 36.37537664177086, 97.21482438500971],
       [127.36197246278407, 36.37521622876872, 78.69452712312341],
       [127.36191524997531, 36.37528170851061, 85.73434036504477],
       [127.36181609572698, 36.37552344955893, 106.28097330871969],
       [127.36190176694421, 36.37534513919213, 96.28315238654613],
       [127.36183173911571, 36.37556996444194, 103.53260983992368],
       [127.36184026528652, 36.37550542794295, 94.27767074387521],
       [127.36177375637992, 36.37568713340838, 105.15279734786600],
       [127.36185086657551, 36.37547809547927, 91.36128700524569],
       [127.36184396809968, 36.37549993572769, 88.71606445312500],
       [127.36189289819855, 36.37534826969981, 80.93951845169067],
       [127.36188361242105, 36.37542842446478, 93.79596157092601],
       [127.36180344782306, 36.37558965785307, 99.31042042933404],
       [127.36185523776119, 36.37551316318235, 95.57289135362953],
       [127.36191036456179, 36.37544670916632, 93.86959860567003],
       [127.36189423520642, 36.37546932384826, 93.34354084637016],
       [127.36188237505401, 36.37545097746600, 87.05309451930225],
       [127.36178344831828, 36.37558605268541, 103.18331372644752],
       [127.36182559789619, 36.37551361535000, 97.69356283731759],
       [127.36187970211670, 36.37543161530824, 93.37169947102666],
       [127.36187692814880, 36.37550499212881, 86.08569648209959],
       [127.36189716215860, 36.37543255901714, 84.31486558541656],
       [127.36184060452432, 36.37544316313438, 88.45667766500264],
       [127.36184029235889, 36.37547707447619, 86.55402986332774],
       [127.36185222921674, 36.37544778029236, 90.00768386945128],
       [127.36185592238370, 36.37544943691871, 92.94191185198724],
       [127.36181957753642, 36.37553050372004, 99.94642763212323],
       [127.36183686585585, 36.37554080236909, 94.24203572794795],
       [127.36189667444319, 36.37542556473833, 86.75623613037169],
       [127.36178464561392, 36.37561855602390, 98.25605373457074],
       [127.36185255363313, 36.37548508940618, 86.19533174298704],
       [127.36178262033535, 36.37563577529530, 101.31145837623626],
       [127.36182691607848, 36.37554572215731, 96.92780977394432],
       [127.36181382416208, 36.37558407510493, 106.40419825725257],
       [127.36179736296044, 36.37559354549586, 112.40045072697103],
       [127.36186936677663, 36.37543488561620, 88.75236239936203],
       [127.36184984734886, 36.37548897700624, 86.65917898062617],
       [127.36180252216204, 36.37554160347408, 99.03226227685809],
       [127.36182417388504, 36.37549294464781, 93.74940760526806],
       [127.36176417833040, 36.37562133285240, 111.51235112734139],
       [127.36177557654467, 36.37564971237526, 114.11339946184307],
       [127.36184336541545, 36.37549105913729, 104.06999462656677],
       [127.36184190897845, 36.37559978087403, 105.42056599166244],
       [127.36178947158557, 36.37566414976077, 105.30008767545223],
       [127.36177786693113, 36.37566984199319, 107.52642074320465],
       [127.36176172725094, 36.37568290574890, 105.93993705045432],
       [127.36178090352593, 36.37563718800773, 109.07473634555936],
       [127.36175366749512, 36.37558435869998, 97.50921442825347],
       [127.36181533159001, 36.37551068290653, 89.30362701602280],
       [127.36177983935808, 36.37562223563420, 102.84591359924525],
       [127.36174705390427, 36.37567901890220, 114.31056438945234],
       [127.36175926082574, 36.37560736331486, 103.17800025735050],
       [127.36181121087655, 36.37555970122815, 97.62095238454640],
       [127.36184722186543, 36.37547090380969, 83.53802669700235],
       [127.36184220427381, 36.37547095091170, 87.23156164027750],
       [127.36174710018170, 36.37567191442933, 105.45715280249715],
       [127.36173008980562, 36.37568081805565, 110.97275207471102],
       [127.36174594006391, 36.37564354562415, 107.96021992340684],
       [127.36180367934423, 36.37556244141559, 99.09123921208084],
       [127.36173224793343, 36.37565155232961, 107.99458085745573],
       [127.36173483792005, 36.37571345249331, 113.25489308778197],
       [127.36175981577858, 36.37564024631975, 103.65083954669535],
       [127.36171092548264, 36.37576863206274, 112.60118579585105],
       [127.36170116199287, 36.37577428963907, 111.78429280873388],
       [127.36177545683071, 36.37562631569111, 106.14778427407146],
       [127.36182580192089, 36.37551908438381, 88.23746101558208],
       [127.36175578428100, 36.37559653465365, 92.74026573449373],
       [127.36174108952964, 36.37556379021472, 90.94662219565362],
       [127.36176978140485, 36.37560978056920, 94.04411483742297],
       [127.36180371776193, 36.37556211997443, 89.14032088033855],
       [127.36175290630602, 36.37568064017125, 99.41915037203580],
       [127.36179057785488, 36.37565179041942, 94.72003144491464],
       [127.36173242049647, 36.37576883145525, 106.62620224617422],
       [127.36179878631731, 36.37557293197367, 94.73761610686779],
       [127.36181612413567, 36.37549980780011, 90.38736994564533],
       [127.36181278579764, 36.37548486302160, 87.65318949148059],
       [127.36179736272378, 36.37546439604448, 85.23937728255987],
       [127.36184187763418, 36.37536777549934, 72.67860560864210],
       [127.36186634723697, 36.37532885174492, 69.33635230083019],
       [127.36181951442587, 36.37549382628339, 84.18828454054892],
       [127.36180114601132, 36.37544884065322, 81.31489261146635],
       [127.36179869449755, 36.37541453249980, 75.07244851626456],
       [127.36186044146986, 36.37530880776715, 71.57404031697661],
       [127.36179835523409, 36.37546380175787, 84.82770312391222],
       [127.36175631249024, 36.37551132709731, 87.28024835977703],
       [127.36185612143483, 36.37531994431863, 70.53224576637149],
       [127.36184658306398, 36.37526364923080, 69.57849178463221],
       [127.36188061094829, 36.37529454788194, 70.93208505399525],
       [127.36191090121766, 36.37518914663515, 67.06145735178143],
       [127.36183146746657, 36.37530314447130, 82.93249395489693],
       [127.36183301995582, 36.37525410951461, 80.77186011895537],
       [127.36184519182164, 36.37525495227381, 75.52017107233405],
       [127.36187416016730, 36.37525247291900, 76.66459953412414],
       [127.36182453895661, 36.37534602201813, 83.73384038545191],
       [127.36184497162272, 36.37536488412454, 78.37170913442969],
       [127.36190511551847, 36.37519218964022, 60.11275090463459],
       [127.36193753784835, 36.37519999857327, 63.83490151260048],
       [127.36195881191901, 36.37519485663221, 59.68193809688091],
       [127.36188837967049, 36.37531526168983, 66.17523477412760],
       [127.36188020046379, 36.37533698800050, 63.98350988607854],
       [127.36183873474199, 36.37545137565256, 74.98043847177178],
       [127.36182194767065, 36.37542432231321, 80.66625622753054],
       [127.36187700570342, 36.37531564747710, 64.98637079726905],
       [127.36191644575278, 36.37529464471251, 55.00784815847874],
       [127.36196124164866, 36.37515760781008, 42.60855445172638],
       [127.36192969476917, 36.37532959443534, 63.45132627710700],
       [127.36188656374028, 36.37543280586427, 73.56845137197524],
       [127.36190023122312, 36.37535249326102, 60.08048211596906],
       [127.36188738225343, 36.37526387258173, 57.03835340309888],
       [127.36188657240544, 36.37535817462297, 59.46136806719005],
       [127.36188862591315, 36.37537629719355, 62.31792670860887],
       [127.36192280075380, 36.37529887919969, 54.67500234860927],
       [127.36193499156629, 36.37527915330187, 71.07366365008056],
       [127.36198289984875, 36.37521006077349, 60.02323502674699],
       [127.36199433314059, 36.37523224332408, 57.05124402698129],
       [127.36197371376026, 36.37525442298157, 62.55368481110781],
       [127.36186552885259, 36.37542349858253, 75.05522619932890],
       [127.36186540875212, 36.37529915685555, 70.29137404263020],
       [127.36192893334461, 36.37520966521603, 61.96773858089000],
       [127.36191961003048, 36.37528023727383, 65.84450855292380],
       [127.36191034608588, 36.37537293188441, 79.84047806169838],
       [127.36192308157467, 36.37540880843563, 75.58628112543374],
       [127.36196168752815, 36.37528974097317, 62.31672954000533],
       [127.36197410399897, 36.37525993747609, 60.04586003534496],
       [127.36195800166152, 36.37529385748793, 67.00945481844246],
       [127.36194748355001, 36.37533577881226, 71.66162253543735],
       [127.36194843220822, 36.37534150034418, 71.78114786930382],
       [127.36193795271011, 36.37526108524741, 65.15754278004169],
       [127.36192736372610, 36.37525662082455, 68.45250620506704],
       [127.36197948311501, 36.37524184337185, 62.97617085184902],
       [127.36203579217892, 36.37516233561011, 49.19502661377192],
       [127.36200522898109, 36.37520833642051, 55.88133168406785],
       [127.36194448637191, 36.37533364170916, 76.32993381284177],
       [127.36190029525325, 36.37546842736097, 79.98149809613824],
       [127.36191222581247, 36.37540819465253, 80.49843971617520],
       [127.36195632004045, 36.37532211436581, 66.28355902060866],
       [127.36194284351369, 36.37530787763808, 62.21659862995148],
       [127.36198803541551, 36.37523358401175, 58.30537783540785],
       [127.36191277685350, 36.37537319845281, 70.13271959405392],
       [127.36191327377180, 36.37538479661895, 65.99946467392147],
       [127.36192386782616, 36.37537896726332, 68.55244168825448],
       [127.36191625519221, 36.37537848481028, 70.92142191622406],
       [127.36197195645281, 36.37531133219482, 70.99700052104890],
       [127.36193032377598, 36.37532040585990, 74.95520693622530],
       [127.36195400335399, 36.37525182876526, 62.43356988113374],
       [127.36194295194082, 36.37532114695120, 61.66182172205299],
       [127.36193332660876, 36.37535523803816, 68.23255891539156],
       [127.36195451200236, 36.37531756006717, 67.06492869649082],
       [127.36188513586825, 36.37541249323389, 76.97614355478436],
       [127.36191358046823, 36.37538143538779, 69.48819570336491],
       [127.36192881484587, 36.37536360887561, 72.20067850686610],
       [127.36192401267144, 36.37536778136873, 82.62291763722897],
       [127.36189229544753, 36.37537569408934, 88.67792888823897],
       [127.36186774406524, 36.37541624011447, 100.16905807889998],
       [127.36196098131330, 36.37520766090211, 81.77277536690235],
       [127.36196183995074, 36.37522540007476, 83.83564376272261],
       [127.36194598048287, 36.37531956083650, 80.45654438808560],
       [127.36196534241694, 36.37524091443522, 64.93312922120094],
       [127.36198558846289, 36.37513674940013, 62.42935059219599],
       [127.36198658363789, 36.37521514776085, 70.05104344617575],
       [127.36192678217498, 36.37533087790138, 79.87664083298296],
       [127.36198517453833, 36.37515509129936, 77.51537853106856],
       [127.36196531865855, 36.37525800102197, 88.93450212851167],
       [127.36196659730972, 36.37529450015611, 92.44007881451398],
       [127.36195886287257, 36.37530540306112, 88.20916705951095],
       [127.36190226943820, 36.37534766589958, 89.64594015944749],
       [127.36187558417757, 36.37543184593429, 97.05512441229075],
       [127.36186619097117, 36.37538789028963, 89.47611265536398],
       [127.36193139565084, 36.37526297014148, 75.23158632684499],
       [127.36196766336452, 36.37525926998133, 76.44519617501646],
       [127.36201230073338, 36.37516344007214, 80.86326517816633],
       [127.36198606369386, 36.37524842387495, 84.30390018690377],
       [127.36194355911516, 36.37535978123496, 94.50157760176808],
       [127.36191083463106, 36.37544793051107, 92.04627185966820],
       [127.36187881851255, 36.37549763263615, 85.30020598787814],
       [127.36182339017391, 36.37560992070490, 96.90923912171274],
       [127.36190041791231, 36.37546527808392, 80.27708132937551],
       [127.36193457265340, 36.37541967667735, 81.43125267047435],
       [127.36190727157394, 36.37543237960365, 85.87676084879786],
       [127.36187869340900, 36.37548965981814, 101.20188921876252],
       [127.36187542026929, 36.37548773498258, 93.00674365274608],
       [127.36189868542115, 36.37541263903275, 94.65943609550595],
       [127.36189149930618, 36.37546271873035, 90.97327163815498],
       [127.36188603789472, 36.37548136284322, 91.33182168845087],
       [127.36188161276034, 36.37553630739690, 94.24065226875246],
       [127.36184869466133, 36.37560740361400, 100.89590940531343],
       [127.36181949349540, 36.37564758506023, 106.82421289011836],
       [127.36183039217050, 36.37558590180358, 101.49334961175919],
       [127.36185112311564, 36.37547729804835, 100.18298593442887],
       [127.36185583775158, 36.37547856214201, 95.44613896869123],
       [127.36182871309276, 36.37551518310061, 100.45191238820553],
       [127.36183908763526, 36.37549324342842, 96.60335053317249],
       [127.36190195694175, 36.37539829279932, 90.41178118996322],
       [127.36188851375886, 36.37546901060231, 95.70337950065732],
       [127.36187507351740, 36.37548309016779, 99.37006401829422],
       [127.36178881486217, 36.37563556456205, 114.59338045679033],
       [127.36178837717824, 36.37567268911558, 109.26758076902479],
       [127.36181557725408, 36.37562257444566, 107.84288538061082],
       [127.36178040806372, 36.37573319445064, 110.74904875550419],
       [127.36179445323279, 36.37565182340903, 106.54483274463564],
       [127.36181255501590, 36.37557071305866, 98.86564278695732],
       [127.36183339280304, 36.37554206778832, 99.70934697426856],
       [127.36176110729637, 36.37570926992561, 112.43101934902370],
       [127.36178206493470, 36.37562633756922, 111.10971833765507],
       [127.36188057977506, 36.37548882859913, 101.67205641884357],
       [127.36183330780888, 36.37569717927625, 108.09425226412714],
       [127.36182839605453, 36.37567027107369, 101.03795485384762],
       [127.36178669761011, 36.37574994212666, 104.68717623688281],
       [127.36171401123924, 36.37591014974133, 117.97900461405516],
       [127.36175890141214, 36.37576471609017, 103.89426727592945],
       [127.36170567403104, 36.37582531385665, 108.60569681972265],
       [127.36172670593281, 36.37586159969505, 99.02755092922598],
       [127.36174329862126, 36.37578881151980, 103.68082176242024],
       [127.36174681783233, 36.37573735522977, 103.24894210696220],
       [127.36176847745166, 36.37570217248405, 106.06944883801043],
       [127.36179539944722, 36.37560857439043, 89.45844383258373],
       [127.36184112103577, 36.37555951598785, 82.52092675119638],
       [127.36180321473223, 36.37564016158238, 82.07176167704165],
       [127.36182415559469, 36.37562622066202, 80.41760281007737],
       [127.36178021948135, 36.37576053687125, 89.94999689050019],
       [127.36178516497239, 36.37573221126171, 95.13975649699569],
       [127.36179815904910, 36.37568334920658, 98.28948942385614],
       [127.36175007842219, 36.37581925072985, 115.30315475352108],
       [127.36170644954650, 36.37589595924992, 122.89282645005733],
       [127.36174962019494, 36.37581949187572, 105.78300250601023],
       [127.36178905336318, 36.37571780330933, 87.96152866445482],
       [127.36184351164950, 36.37557851620856, 75.84307454898953],
       [127.36172445862080, 36.37579666841564, 98.79063809383661],
       [127.36171039359525, 36.37574910529362, 99.83752125781029],
       [127.36179642477742, 36.37561145401668, 90.77700977120548],
       [127.36182281683136, 36.37563389630230, 89.89805428590626],
       [127.36188663564876, 36.37553084819781, 79.22078740876168],
       [127.36188322825541, 36.37545564959009, 81.31390833575279],
       [127.36183185357177, 36.37553161955474, 87.24273703247309],
       [127.36173967383442, 36.37575672012055, 110.46252694260329],
       [127.36176412349823, 36.37576818828552, 110.26271848473698],
       [127.36180799841762, 36.37566443394248, 102.29921164270490],
       [127.36190521138187, 36.37538072241883, 75.62274472136050],
       [127.36193238642876, 36.37534710239613, 73.17268011905253],
       [127.36185169418751, 36.37551928941646, 84.12594651430845],
       [127.36187551984591, 36.37544145296763, 78.81722587160766],
       [127.36183512358622, 36.37552613853695, 82.12280392367393],
       [127.36181739456032, 36.37558894573156, 95.61633766256273],
       [127.36183343101746, 36.37557076189574, 87.55638660211116],
       [127.36189413245575, 36.37545197900938, 75.19257428310812],
       [127.36186826160368, 36.37550731812979, 87.73138399887830],
       [127.36188911333291, 36.37545855930060, 87.44533485081047],
       [127.36189355392911, 36.37543320204801, 88.83471819665283],
       [127.36197750824144, 36.37527794516085, 75.27582945581526],
       [127.36193062593691, 36.37545879988536, 87.84558279905468],
       [127.36181795037368, 36.37565195314555, 100.62758100870997],
       [127.36180016402818, 36.37563117413914, 102.73197194468230],
       [127.36184236514357, 36.37557811198769, 98.92864508740604],
       [127.36183432290890, 36.37558589951059, 109.99082473106682],
       [127.36188550421616, 36.37552345538113, 92.19730221666396],
       [127.36190108047172, 36.37541785514406, 79.77560092136264],
       [127.36184908743228, 36.37547029506965, 90.71843910776079],
       [127.36183905946434, 36.37548217405433, 89.94610979594290],
       [127.36182909141502, 36.37553972452958, 94.84028236288577],
       [127.36174603381407, 36.37575016268043, 116.44192814920098],
       [127.36178595697334, 36.37568616916728, 104.07897944934666],
       [127.36179533212383, 36.37562890030878, 102.52418951969594],
       [127.36181165750472, 36.37563452752453, 100.60189104452729],
       [127.36183707541021, 36.37559091574818, 90.22421963606030],
       [127.36194669948145, 36.37538056406652, 76.96042098011822],
       [127.36184313125757, 36.37555130878097, 90.84707549400628],
       [127.36185040623766, 36.37551886159800, 84.59429009724408],
       [127.36184305362860, 36.37550015793342, 83.41946167312562],
       [127.36186009878128, 36.37548613719496, 84.29130074102432],
       [127.36186603838679, 36.37551081256220, 88.83069824986160],
       [127.36183734418302, 36.37556294827368, 91.32539338059723],
       [127.36180579238381, 36.37564809710699, 102.47674361802638],
       [127.36186385329378, 36.37546456593112, 90.63646166026592],
       [127.36181436092882, 36.37554886666403, 98.15480903908610],
       [127.36177803881490, 36.37566612461958, 105.55220479331911],
       [127.36181279285633, 36.37554471566725, 93.86616877093911],
       [127.36185785364826, 36.37548990338787, 90.27759615983814],
       [127.36182843473102, 36.37554354760682, 101.23794345557690],
       [127.36181107429297, 36.37561390556436, 98.60248165111989],
       [127.36178996656643, 36.37563752826420, 99.76327136904001],
       [127.36182205827386, 36.37561297974365, 93.83042942732573],
       [127.36182162053224, 36.37562704328835, 93.04914470389485],
       [127.36190241771125, 36.37545516174123, 81.80127147678286],
       [127.36186377878757, 36.37547621318015, 84.86111100483686],
       [127.36183272872564, 36.37555993149017, 88.76172810792923],
       [127.36188013547974, 36.37544106266017, 74.73415416013449],
       [127.36188703941765, 36.37549254483012, 77.85267987940460],
       [127.36183273782615, 36.37558492101461, 93.80339881777763],
       [127.36185277875681, 36.37556616255804, 85.71231296006590],
       [127.36178352376611, 36.37568178306675, 90.45215636212379],
       [127.36173823515209, 36.37572416958785, 100.67908549681306],
       [127.36177549401010, 36.37565589235081, 88.10387732647359],
       [127.36182536706593, 36.37558179613595, 81.40636148583144],
       [127.36182571325313, 36.37560541871446, 86.75885040964931],
       [127.36180889171300, 36.37565989107271, 90.01257070526481],
       [127.36181841561138, 36.37568178798311, 94.63124866411090],
       [127.36182898244974, 36.37562124784106, 76.89965925645083],
       [127.36179640936646, 36.37565398158814, 93.36822786834091],
       [127.36178006736731, 36.37565546773233, 93.87451492436230],
       [127.36179847617176, 36.37560305198615, 88.27367545850575],
       [127.36183923398156, 36.37546255506646, 71.36726641748101],
       [127.36185708776863, 36.37553168004142, 70.35538117121905],
       [127.36183035938937, 36.37563369010088, 88.42857004795223],
       [127.36185675109974, 36.37557685117074, 91.81922952923924],
       [127.36181046769771, 36.37562728974780, 97.79020400065929],
       [127.36179385195989, 36.37564431696365, 101.57233114447445],
       [127.36178330621074, 36.37565860304478, 102.22009907942265],
       [127.36180650236824, 36.37559863199603, 94.36867919564247],
       [127.36185195884211, 36.37547937702058, 81.23132091015577],
       [127.36177748186921, 36.37567518900111, 99.32796136289835],
       [127.36181349379872, 36.37559722874919, 93.33840591832995],
       [127.36184234423669, 36.37551833482493, 82.18343841936439],
       [127.36190091654063, 36.37536050850861, 79.63199122902006],
       [127.36194135026732, 36.37535135814809, 77.49467536155134],
       [127.36187372449294, 36.37549675519742, 84.35805794969201],
       [127.36182437033879, 36.37554351100007, 90.17705057654530],
       [127.36189604573482, 36.37539276558939, 82.06966555025429],
       [127.36201867284713, 36.37523169861663, 53.47319327481091],
       [127.36194293922506, 36.37537456608877, 65.45896141417325],
       [127.36189739539348, 36.37541504932508, 74.19656083267182],
       [127.36181863059092, 36.37559670777058, 97.22689693700522],
       [127.36180214581229, 36.37559061080243, 97.45208463631570],
       [127.36179820162562, 36.37563695213720, 101.96274267137051],
       [127.36187389864129, 36.37548318636749, 83.05837205238640],
       [127.36190719479411, 36.37543383191065, 79.53471080027521],
       [127.36195678211797, 36.37537026737646, 76.80850731022656],
       [127.36196697102042, 36.37530324423403, 64.52449403330684],
       [127.36197825311940, 36.37527771636065, 70.33214828278869],
       [127.36194319936830, 36.37534193538827, 75.29496499057859],
       [127.36194487691643, 36.37529036038877, 69.00556914228946],
       [127.36194259365990, 36.37528473200475, 65.21788945794106],
       [127.36191541291971, 36.37533548312023, 75.12046074680984],
       [127.36198634735210, 36.37518634718052, 58.95705590862781],
       [127.36193381074840, 36.37528901087816, 62.11632767133415],
       [127.36195910195273, 36.37525495757023, 60.74395224452019],
       [127.36199084920295, 36.37523121283497, 57.10592352692038],
       [127.36195292516196, 36.37533765408030, 75.49674940388650],
       [127.36193484505365, 36.37523740508760, 73.40545150358230],
       [127.36195764008156, 36.37522332018587, 61.91767240408808],
       [127.36199107169575, 36.37520688554877, 64.10162768140435],
       [127.36200403786211, 36.37521371265304, 64.95880965236574],
       [127.36199550930877, 36.37519870541302, 63.11446712724864],
       [127.36202133786169, 36.37505745663173, 48.98261777590960],
       [127.36198705030004, 36.37518182075483, 58.95363895781338],
       [127.36194763570128, 36.37524362005026, 59.69022613577545],
       [127.36196896065282, 36.37521248434680, 61.54673689324409],
       [127.36199368279543, 36.37517069837687, 58.79707525297999],
       [127.36198944222107, 36.37516746785044, 47.78742616530508],
       [127.36195470275254, 36.37524117288087, 59.28267571050674],
       [127.36194133514113, 36.37526914926400, 66.42818983178586],
       [127.36194289071184, 36.37527452480958, 72.51539761479944],
       [127.36184488223462, 36.37543642966282, 80.72870136890560],
       [127.36181636913443, 36.37539922304990, 75.38303481880575],
       [127.36194056557031, 36.37524255928376, 60.00061487965286],
       [127.36194476057409, 36.37529386664375, 68.32726087141782],
       [127.36193720751668, 36.37528470124717, 69.28688499890268],
       [127.36193602871110, 36.37520410989667, 64.06261237803847],
       [127.36189791104523, 36.37521228504215, 71.90297128632665],
       [127.36186073940610, 36.37530372514444, 71.05690465308726],
       [127.36192118212327, 36.37528236750766, 71.75971040502191],
       [127.36197623848032, 36.37509540616092, 51.71696030255407],
       [127.36200099410367, 36.37504659341339, 42.23784509766847],
       [127.36190303425568, 36.37524889538746, 62.50208644196391],
       [127.36184321362565, 36.37532512336075, 69.72087286971509],
       [127.36191040164709, 36.37528624793373, 62.08267399016768],
       [127.36193890910725, 36.37530587006578, 67.12405085656792],
       [127.36194278965520, 36.37523572011565, 56.09040911216289],
       [127.36190301537717, 36.37540155221472, 76.46880528330803],
       [127.36195419343923, 36.37522290919075, 58.32106633577496],
       [127.36194775088988, 36.37520833366644, 54.36466403957456],
       [127.36195286946503, 36.37523417938802, 55.03156566340476],
       [127.36198469684879, 36.37516270511553, 50.85826695058495],
       [127.36201125405177, 36.37516510466750, 53.30736330058426],
       [127.36198405866659, 36.37518093914855, 52.69574933405966],
       [127.36199999280637, 36.37511597794645, 49.99779310449958],
       [127.36198399897077, 36.37517004315343, 56.79812736529857],
       [127.36190409051369, 36.37536920804445, 79.41480266395956],
       [127.36192797507454, 36.37529382046827, 70.21827881690115],
       [127.36195628300811, 36.37518636523473, 62.09077193960547],
       [127.36198066741704, 36.37514292476578, 62.58828340284526],
       [127.36201234597331, 36.37508849250975, 51.91028269380331],
       [127.36201858266607, 36.37504551614151, 53.22917869687080],
       [127.36196421394276, 36.37521738737153, 60.02038223017007],
       [127.36193388192824, 36.37527147823263, 65.75103420391679],
       [127.36193293612362, 36.37530624958956, 65.07844481430948],
       [127.36191836887146, 36.37531597142060, 67.92268906440586],
       [127.36194773925429, 36.37530664542712, 72.26524806674570],
       [127.36202610215126, 36.37508217232182, 56.30548747070134],
       [127.36205509353232, 36.37497559814588, 40.96886792220175],
       [127.36202170498645, 36.37499476942626, 41.70456801727414],
       [127.36202033494222, 36.37497219132172, 40.99891512282193],
       [127.36199154584199, 36.37511768220884, 50.16471221577376],
       [127.36198693569285, 36.37512563629995, 54.75402979645878],
       [127.36196382677403, 36.37516055426779, 59.53279106877744],
       [127.36197561433575, 36.37512987843102, 63.17455083876848],
       [127.36199041931516, 36.37518392364256, 62.97893904615194],
       [127.36199040333257, 36.37515173109334, 63.22394220530987],
       [127.36200463686887, 36.37506824390343, 54.47735698148608],
       [127.36204436233457, 36.37504008241659, 52.89460601005703],
       [127.36201064017848, 36.37510528986331, 49.83115320932120],
       [127.36193209080923, 36.37522490208540, 65.49594741687179],
       [127.36195170842761, 36.37518373410543, 63.95741758402437],
       [127.36201911684040, 36.37512054035082, 53.04757639858872],
       [127.36203454816739, 36.37507183536599, 49.37298823799938],
       [127.36200186591009, 36.37509530957314, 49.73871263582259],
       [127.36202380563638, 36.37503783715410, 52.31322364881635],
       [127.36207931078555, 36.37497671635560, 46.73469837196171],
       [127.36205273719661, 36.37499550079686, 47.23787329066545],
       [127.36201761562600, 36.37497249454928, 42.63575571775436],
       [127.36201872669102, 36.37498939985767, 53.28134826757014],
       [127.36203866600093, 36.37505149894965, 54.23075920529664],
       [127.36198750865347, 36.37508507320817, 57.49056768417358],
       [127.36203050311561, 36.37504614880381, 46.65918435342610],
       [127.36194846861629, 36.37518032677227, 51.45282123517245],
       [127.36194646944267, 36.37525234718428, 58.89107911009341],
       [127.36201250101890, 36.37513584291078, 56.01133528165519],
       [127.36192857576314, 36.37523330633486, 61.92103176470846],
       [127.36190678677904, 36.37525917676362, 65.54389237705618],
       [127.36196361509219, 36.37514866253174, 63.00513604935259],
       [127.36193385727501, 36.37515557265098, 67.44959216751158],
       [127.36188555468597, 36.37529721627101, 76.34024329856038],
       [127.36189588740952, 36.37532953029855, 74.16074890457094],
       [127.36188693410386, 36.37529761842263, 75.60773825086653],
       [127.36192502348676, 36.37521558483790, 63.33260834403336],
       [127.36194071084957, 36.37526257214702, 67.76078833639622],
       [127.36188084658914, 36.37541523412743, 84.16406419966370],
       [127.36187090068472, 36.37543969695375, 83.54243014473468],
       [127.36186672054714, 36.37536336976659, 73.85068590659648],
       [127.36183797450707, 36.37545840470199, 87.52180729061365],
       [127.36186627663449, 36.37540029056358, 79.54940708074719],
       [127.36182132409365, 36.37553125596876, 102.64899604022503],
       [127.36186968553217, 36.37540821958751, 95.45594349596649],
       [127.36188669144093, 36.37534029658489, 83.64092277083546],
       [127.36193074436922, 36.37526700840744, 79.64300950244069],
       [127.36185779960516, 36.37542752166050, 87.77241352293640],
       [127.36184443128892, 36.37543053473216, 89.97228938527405],
       [127.36178165546589, 36.37555616931847, 100.54443182703108],
       [127.36178048265269, 36.37559384971956, 107.97257798630744],
       [127.36185672998215, 36.37548511529617, 97.21871953085065],
       [127.36180724543959, 36.37556143953242, 100.86650173831731],
       [127.36176263597271, 36.37563024447229, 107.68476819805801],
       [127.36174811472358, 36.37558809398082, 101.80515039153397],
       [127.36177023728314, 36.37557223136928, 104.57982873730361],
       [127.36186731408098, 36.37536605569299, 83.42090572696179],
       [127.36189060534065, 36.37541312043372, 95.07869305554777],
       [127.36184486651793, 36.37548947657555, 93.76132700033486],
       [127.36179004936979, 36.37564500934420, 114.72804037202150],
       [127.36176296712914, 36.37566840868230, 111.88414384704083],
       [127.36172766766720, 36.37573102067050, 117.52770007401705],
       [127.36178574513592, 36.37560527705370, 104.00743069592863],
       [127.36177756517866, 36.37560864801905, 111.54735225159675],
       [127.36175883863295, 36.37570012404417, 119.92477543279529],
       [127.36180730159484, 36.37561724185890, 110.68989781383425],
       [127.36186509913169, 36.37551922152142, 100.35102604329586],
       [127.36185260407416, 36.37547506206596, 94.46098260581493],
       [127.36185831025558, 36.37551173455430, 100.71976875327528],
       [127.36183927067709, 36.37558383080790, 101.57681754231453],
       [127.36178501566377, 36.37568714887460, 109.45051230490208],
       [127.36186656136690, 36.37544165464179, 103.18494007922709],
       [127.36186458439583, 36.37539588347538, 96.01806129049510],
       [127.36180426709861, 36.37556678731690, 112.35940713528544],
       [127.36176223711138, 36.37573026796080, 123.94323288649321],
       [127.36180289646286, 36.37559065358271, 109.50725833233446],
       [127.36184535788701, 36.37560096214966, 107.48840819299221],
       [127.36184394737997, 36.37556592402861, 102.33508051466197],
       [127.36181905893783, 36.37558042518258, 107.42901346739382],
       [127.36176952925192, 36.37566757280864, 112.50266314111650],
       [127.36182458614388, 36.37550913380095, 107.03615273535252],
       [127.36188262673852, 36.37548448104280, 103.02262933924794],
       [127.36185623363922, 36.37551549365407, 109.79993985965848],
       [127.36184939139025, 36.37555458805841, 104.83062438201159],
       [127.36182582787836, 36.37556030860103, 106.84813799150288],
       [127.36185595681124, 36.37549194125219, 101.79055306594819],
       [127.36183095293107, 36.37554619527730, 109.63270103186369],
       [127.36181656084686, 36.37561307085954, 113.83725791051984],
       [127.36183559221800, 36.37564229003509, 116.18691490497440],
       [127.36182337801391, 36.37564360154023, 109.74315660446882],
       [127.36178006853457, 36.37568105773362, 124.06124709732831],
       [127.36175433829627, 36.37569120250681, 127.56606445275247],
       [127.36170113835627, 36.37572539456427, 127.70766289532185],
       [127.36178399317244, 36.37559584045272, 107.34362694341689],
       [127.36181604074493, 36.37558284467483, 109.40777905285358],
       [127.36180100778738, 36.37559557817244, 108.05734984297305],
       [127.36178731569041, 36.37559748264295, 105.79054414946586],
       [127.36185753292166, 36.37551174726399, 100.05288424715400],
       [127.36188820684595, 36.37541837655305, 95.53877736162394],
       [127.36182091603291, 36.37549865319677, 98.86650794185698],
       [127.36182009275031, 36.37552831834564, 107.24410100746900],
       [127.36186036006124, 36.37548918362347, 101.46903700102121],
       [127.36176228875165, 36.37562561839469, 116.55856161937118],
       [127.36178614011905, 36.37559353496089, 110.36714948341250],
       [127.36181883305096, 36.37557348058168, 114.52185826282948],
       [127.36184206564519, 36.37549747063395, 102.45961234718561],
       [127.36186924224297, 36.37537128624883, 94.79893222451210],
       [127.36177565515875, 36.37551269130221, 102.79126525670290],
       [127.36186880906448, 36.37537161508581, 94.46138774044812],
       [127.36179703978283, 36.37547852171211, 114.46046741865575],
       [127.36173463655092, 36.37558577549876, 108.69532172475010],
       [127.36177558093709, 36.37558236341864, 112.69932466559112],
       [127.36180131088368, 36.37558827444186, 121.12348937708884],
       [127.36185260827460, 36.37548646336830, 115.45306299533695],
       [127.36185950194347, 36.37539404588710, 103.87173587828875],
       [127.36183405587360, 36.37546165092682, 102.29892307519913],
       [127.36182641052920, 36.37543987429126, 98.66862763278186],
       [127.36189035975033, 36.37531145026015, 93.95641831029207],
       [127.36178304054651, 36.37546514047366, 113.72863694094121],
       [127.36183651625664, 36.37539708234244, 107.95854432880878],
       [127.36190864136577, 36.37531103961918, 92.40571614168584],
       [127.36192456456972, 36.37528995075202, 88.08573653362691],
       [127.36186796679159, 36.37536120270210, 101.93076810892671],
       [127.36183444651047, 36.37546277067987, 122.53258198220283],
       [127.36181208526320, 36.37547988244539, 118.12621085997671],
       [127.36171710085772, 36.37566883177315, 120.54143946617842],
       [127.36168694444173, 36.37570956199190, 122.30092431418598],
       [127.36180369353930, 36.37559032523558, 111.18840481899679],
       [127.36179913434604, 36.37553842963680, 109.64044104143977],
       [127.36184741016672, 36.37543626501408, 102.56166869588196],
       [127.36182936736408, 36.37550482571398, 107.36814373824745],
       [127.36179209632900, 36.37553779008306, 106.02854392305017],
       [127.36183474371207, 36.37541071191843, 94.63663747627288],
       [127.36187523734215, 36.37537043322054, 101.40439422894269],
       [127.36183601565257, 36.37541813013341, 101.21884625218809],
       [127.36188340626647, 36.37540505156599, 105.66845496278256],
       [127.36182165876640, 36.37548310668842, 102.60262875165790],
       [127.36182687240132, 36.37555003490753, 109.64682979136705],
       [127.36179756979298, 36.37562498165043, 113.96488127019256],
       [127.36184947907783, 36.37546659567859, 98.51331029552966],
       [127.36183740607088, 36.37544253332061, 98.21615057345480],
       [127.36189847470285, 36.37530225265078, 86.59390668664128],
       [127.36184314747425, 36.37541998745208, 93.24013493303210],
       [127.36183531838130, 36.37544365713797, 91.38732919190079],
       [127.36185664617332, 36.37532528247157, 91.90136622171849],
       [127.36185919877735, 36.37531443892313, 87.08588020410389],
       [127.36177855516597, 36.37551422826385, 100.26712958887219],
       [127.36185853160539, 36.37535595675315, 90.81952646747231],
       [127.36179139813495, 36.37547765383037, 102.85972135141492],
       [127.36177166127848, 36.37554018621121, 108.33510040771216],
       [127.36177972533659, 36.37549557343163, 101.63528574164957],
       [127.36185567352990, 36.37530349621073, 90.71858190093189],
       [127.36189108108232, 36.37524364544600, 88.52915981039405],
       [127.36183756617883, 36.37538368504462, 99.64211281202734],
       [127.36191278137525, 36.37529854276744, 91.53467180952430],
       [127.36184943963580, 36.37533941448365, 91.98581689223647],
       [127.36178891221151, 36.37545074890413, 106.56865470111370],
       [127.36178444409020, 36.37541563419177, 109.11258114036173],
       [127.36175050870683, 36.37544331886562, 110.19690917711705],
       [127.36177208470909, 36.37540678300572, 97.44660177920014],
       [127.36172119210207, 36.37553492034623, 100.95262328628451],
       [127.36183369633969, 36.37536839174673, 81.42035858053714],
       [127.36189513722289, 36.37526835125485, 70.59362568799406],
       [127.36183771844860, 36.37538312563136, 81.60777983255684],
       [127.36180145930437, 36.37542039312670, 84.34250425547361],
       [127.36184987337677, 36.37535016992772, 83.60716750193387],
       [127.36187220053694, 36.37526300403463, 77.31593011692166],
       [127.36189336360731, 36.37525395508159, 80.61638105940074],
       [127.36185764266695, 36.37534214703603, 85.53172804322094],
       [127.36192572699589, 36.37526087969434, 80.73701480310410],
       [127.36187121387603, 36.37537978627827, 81.66983832139522],
       [127.36186939933006, 36.37532738675458, 81.39878517575562],
       [127.36181926498170, 36.37541523294858, 91.40272711683065],
       [127.36174589309583, 36.37558212471104, 105.35844651982188],
       [127.36178966112550, 36.37552857343358, 96.76306304801255],
       [127.36176295621260, 36.37549974336571, 98.10846060514450],
       [127.36173315270682, 36.37557074920583, 109.87679544463754],
       [127.36174130166729, 36.37555106723829, 110.35952272918075],
       [127.36180492487038, 36.37552210574631, 101.73954729177058],
       [127.36187956772814, 36.37536514510434, 86.10029150918126],
       [127.36187214399527, 36.37533309079948, 79.82796602137387],
       [127.36185720336874, 36.37537350269400, 80.29964078497142],
       [127.36197767423204, 36.37521216211089, 72.11546542309225],
       [127.36189890828717, 36.37530242720322, 69.35242376476526],
       [127.36186511480267, 36.37534870158512, 77.09835300687701],
       [127.36185146627604, 36.37536445539156, 79.51692592911422],
       [127.36186136854623, 36.37538825882803, 82.25676697120070],
       [127.36183809854850, 36.37545206875343, 86.02644934691489],
       [127.36187285285638, 36.37540926778517, 81.71806737687439],
       [127.36192921864472, 36.37530089499978, 77.44681671913713],
       [127.36189148828632, 36.37534195791785, 71.95752197038382],
       [127.36196869147129, 36.37519363508656, 64.88363061659038],
       [127.36188157920452, 36.37535824662589, 82.16857502795756],
       [127.36185766740668, 36.37540116138749, 83.14093202073127],
       [127.36180498727157, 36.37550792503704, 95.24315403215587],
       [127.36186615530436, 36.37536904568761, 79.64206168055534],
       [127.36194040301658, 36.37526218194967, 73.37794940359890],
       [127.36190109432802, 36.37538008957659, 76.66988335829228],
       [127.36180555251568, 36.37554256452265, 91.30576054472476],
       [127.36186709085622, 36.37534306437322, 77.95639633852988],
       [127.36184956490597, 36.37535879825528, 77.35479362308979],
       [127.36182053603648, 36.37545978231042, 86.93998045194894],
       [127.36185683296787, 36.37536773012375, 79.72582081798464],
       [127.36195984141513, 36.37526977146572, 66.13562438637018],
       [127.36192865118578, 36.37535495499562, 69.88958678487688],
       [127.36185345587677, 36.37545043899492, 82.11378767248243],
       [127.36190422212641, 36.37533149226461, 65.97421960905194],
       [127.36190712155100, 36.37532225086279, 75.76239425130188],
       [127.36183217898068, 36.37543392256035, 88.68903355021030],
       [127.36182305523860, 36.37553348256003, 92.50878229178488],
       [127.36187986324688, 36.37540910161453, 79.68544207885861],
       [127.36186805920663, 36.37541224397494, 76.21603314206004],
       [127.36190195291715, 36.37531547626906, 72.02962381858379],
       [127.36188219047845, 36.37538944878422, 82.05650542397052],
       [127.36191002668996, 36.37537530601548, 79.62328997254372],
       [127.36188579007407, 36.37539525918061, 79.49505523964763],
       [127.36186907904357, 36.37544971021659, 71.44224508665502],
       [127.36181559200880, 36.37546690468849, 77.53459717798978],
       [127.36184842969779, 36.37542314950906, 77.79700758401304],
       [127.36186783084845, 36.37541228413278, 86.55890332628042],
       [127.36191748629626, 36.37534945764043, 74.90063941571862],
       [127.36188400655155, 36.37542085739069, 84.40587512403727],
       [127.36184222261636, 36.37545654928759, 92.80292415618896],
       [127.36182695864501, 36.37553061682274, 94.21248928550631],
       [127.36187388788666, 36.37550224553615, 93.19641228020191],
       [127.36190914555277, 36.37545319091355, 88.32068423554301],
       [127.36187431106652, 36.37552081732403, 94.46664383914322],
       [127.36182655494333, 36.37556163615632, 94.93835785426199],
       [127.36184029795962, 36.37550650602156, 91.51452991180122],
       [127.36187096632068, 36.37542507458829, 83.56624046061188],
       [127.36183564935038, 36.37546251525090, 87.96519372612238],
       [127.36177996730706, 36.37556610379457, 96.29347302950919],
       [127.36169960142988, 36.37573172226166, 102.47001537680626],
       [127.36175671244136, 36.37565121001136, 104.98685155063868],
       [127.36189177829981, 36.37542851748098, 90.11050677578896],
       [127.36194199254481, 36.37532839321467, 78.49213350377977],
       [127.36193595601807, 36.37539698478253, 80.18624293711036],
       [127.36180663511425, 36.37563828796462, 101.21479867771268],
       [127.36178620914758, 36.37562883199479, 105.01952690165490],
       [127.36195388921627, 36.37531318880251, 76.55255336407572],
       [127.36190199650258, 36.37533345647339, 76.73534241598099],
       [127.36186241081796, 36.37542490028529, 89.14935771469027],
       [127.36186094999684, 36.37544274618880, 92.91858878079802],
       [127.36191765957011, 36.37537605250395, 76.21523891855031],
       [127.36192047283677, 36.37540215088402, 72.64487458672374],
       [127.36185479534097, 36.37551563216653, 90.73672331310809],
       [127.36179536488483, 36.37561678716586, 101.70947082154453],
       [127.36188047578746, 36.37538382643609, 82.07773682288826],
       [127.36193312911401, 36.37531060359395, 73.32414899487048],
       [127.36195556469637, 36.37525652944096, 76.69230946898460],
       [127.36197853572011, 36.37524143668210, 74.12490375991911],
       [127.36190831867624, 36.37540516147185, 82.66493379324675],
       [127.36195534183213, 36.37526041418894, 72.26294860709459],
       [127.36190312072628, 36.37537935260387, 78.86683997791260],
       [127.36192156460886, 36.37536598890333, 85.34914728906006],
       [127.36191529856956, 36.37536819427485, 86.87925999797881],
       [127.36191642778105, 36.37536419135957, 83.43256287928671],
       [127.36193869729131, 36.37530359250305, 80.14678714051843],
       [127.36202605730384, 36.37519255091352, 77.61493941210210],
       [127.36202287850024, 36.37518608459801, 75.55334043130279],
       [127.36201298513073, 36.37517019090345, 70.73880856670439],
       [127.36194226901480, 36.37526609959625, 87.13272727467120],
       [127.36183916309531, 36.37547318931898, 106.16527494788170],
       [127.36191012492074, 36.37545435924648, 92.59532131534070],
       [127.36203021126659, 36.37518934070985, 72.49397141393274],
       [127.36200468916961, 36.37518918449616, 67.75803042855114],
       [127.36213936383777, 36.37501208487990, 48.17773941531777],
       [127.36201710490683, 36.37522239106494, 70.37557316198945],
       [127.36197722852498, 36.37531212584461, 85.14976810757071],
       [127.36193389767787, 36.37543422516980, 90.17005334887654],
       [127.36189376068778, 36.37547899547863, 94.46993628423661],
       [127.36198129203912, 36.37526557906445, 77.81502840202302],
       [127.36200207705080, 36.37521175223718, 71.78368511144072],
       [127.36199151725140, 36.37523493477190, 74.09352201502770],
       [127.36197868728721, 36.37524124956208, 74.03568009100854],
       [127.36198801758603, 36.37525227483162, 75.76779178716242],
       [127.36192490188010, 36.37536369500570, 91.16045559011400],
       [127.36195665787304, 36.37531066194285, 80.37897069193423],
       [127.36198663605099, 36.37528232986195, 77.88616271503270],
       [127.36197017048912, 36.37532171360195, 83.06778363045305],
       [127.36193351074515, 36.37535850853159, 78.54965133499354],
       [127.36193332288019, 36.37534177419609, 81.96170410886407],
       [127.36191031355514, 36.37537769296816, 81.98387064225972],
       [127.36193778458255, 36.37533735503381, 76.51098082028329],
       [127.36201241199343, 36.37527544897190, 73.67275470867753],
       [127.36196673360396, 36.37530489321962, 80.56650037225336],
       [127.36197077374075, 36.37528768152107, 74.73469816427678],
       [127.36198534037744, 36.37530191867410, 73.04645888414234],
       [127.36194996705993, 36.37534982946660, 73.65336492750794],
       [127.36194457450542, 36.37528038343245, 72.39254087302834],
       [127.36193094499433, 36.37534222352360, 79.08451556507498],
       [127.36197448991817, 36.37531856242437, 78.90179522614926],
       [127.36191730067868, 36.37540240142955, 90.69245875347406],
       [127.36190962272646, 36.37544020096077, 92.97160574235022],
       [127.36185305168270, 36.37547030144800, 94.96933416277170],
       [127.36195210181972, 36.37530227730403, 74.52033853530884],
       [127.36193441979808, 36.37536119479149, 85.23410540167242],
       [127.36189293109017, 36.37546706676380, 100.63389414828271],
       [127.36189309325401, 36.37546480340975, 95.70778050646186],
       [127.36192472995329, 36.37540355516758, 87.22758108004928],
       [127.36200351488191, 36.37522758300784, 76.72601358033717],
       [127.36207927550068, 36.37510124628089, 65.42116134893149],
       [127.36208728089404, 36.37509445621982, 61.94531688280404],
       [127.36205657237410, 36.37518621282234, 69.84967119712383],
       [127.36204593337577, 36.37526014867021, 72.02782021276653],
       [127.36206625683933, 36.37526084656125, 75.94572033453733],
       [127.36202227338447, 36.37533205760143, 79.23637641966343],
       [127.36197768204369, 36.37536163191036, 82.83341180160642],
       [127.36200349240313, 36.37531894603337, 84.73611516039819],
       [127.36204597775274, 36.37521355412152, 75.40014640893787],
       [127.36197486257527, 36.37535592056555, 83.54754986427724],
       [127.36201580242775, 36.37526649395938, 69.08167607523501],
       [127.36196351719357, 36.37540444149877, 87.99300088733435],
       [127.36196528464305, 36.37536628026535, 81.34006430301815],
       [127.36195150927944, 36.37541825594425, 84.51938516367227],
       [127.36193965138915, 36.37548130538522, 90.75085748173296],
       [127.36194701737608, 36.37551218904179, 88.96784599870443],
       [127.36204117541006, 36.37527978963325, 81.40948769170791],
       [127.36203591135391, 36.37525607221990, 78.36515488382429],
       [127.36199631034269, 36.37535224005148, 84.52950402535498],
       [127.36198040030841, 36.37540321223782, 89.31311247311532],
       [127.36195148212188, 36.37541225722662, 97.92026183009148],
       [127.36194992000431, 36.37539281494519, 95.10653751622885],
       [127.36195284697921, 36.37540143970497, 98.99985545501113],
       [127.36204266229349, 36.37522838927449, 85.61096647661179],
       [127.36193806845776, 36.37540703807022, 92.33597260247916],
       [127.36194849807497, 36.37538749492081, 87.48300098627806],
       [127.36184093500161, 36.37567978754561, 107.02385329548270],
       [127.36190270417755, 36.37555662787246, 104.14293436426669],
       [127.36199484425673, 36.37536830234478, 81.44335294608027],
       [127.36206247853178, 36.37519582126517, 69.58761222660542],
       [127.36193056803577, 36.37543970384011, 97.28967872448266],
       [127.36191501515636, 36.37550744219200, 106.37699767295271],
       [127.36196159568733, 36.37545391891862, 92.71653307881206],
       [127.36196899559602, 36.37536412760220, 90.02701467182487],
       [127.36201982790304, 36.37532453889942, 85.81463754270226],
       [127.36198106132711, 36.37535886333251, 92.98411493189633],
       [127.36194886161844, 36.37547659098237, 100.06524696573615],
       [127.36194905328989, 36.37548743738950, 97.12388154584914],
       [127.36189530430438, 36.37553923576014, 104.52077477704734],
       [127.36189125818184, 36.37553219213014, 99.90962841641158],
       [127.36185849087379, 36.37559213157911, 100.60014990624040],
       [127.36190008912685, 36.37553783297208, 93.17590328585356],
       [127.36194665821164, 36.37544517521508, 89.57528426125646],
       [127.36190799242129, 36.37555666607786, 99.74885936453938],
       [127.36196138678670, 36.37538256586140, 89.22862915042788],
       [127.36195545043296, 36.37542886025958, 80.64604936074466],
       [127.36198684912043, 36.37538625307631, 75.24760103225708],
       [127.36196511919327, 36.37538491380759, 85.08639186900109],
       [127.36191587546821, 36.37551628450378, 94.91825076472014],
       [127.36186431927892, 36.37556190344738, 99.17587118875235],
       [127.36184862488217, 36.37560442333110, 102.92738529201597],
       [127.36182280408205, 36.37555812400745, 94.49359071440995],
       [127.36183116779294, 36.37558462220703, 101.59155142679811],
       [127.36164292035033, 36.37605836497210, 78.69555416144431],
       [127.36177450756124, 36.37599895775114, 55.01531884167343],
       [127.36188239164679, 36.37595738009932, 1.76592293009162],
       [127.36212303737945, 36.37555450321543, -35.55256009940058],
       [127.36242330140644, 36.37506653722819, -88.91582068335265],
       [127.36275788023954, 36.37451651616883, -125.26014905143529],
       [127.36299175754088, 36.37415056787039, -174.09349637012929],
       [127.36323680622392, 36.37368525957791, -225.74260964430869],
       [127.36364709863498, 36.37283695391004, -280.48271571006626],
       [127.36409166431602, 36.37187691250747, -318.97090716008097],
       [127.36447098663122, 36.37116282708578, -365.63353019207716],
       [127.36477993866967, 36.37054825552729, -414.72486736439168],
       [127.36517773304200, 36.36968028661451, -461.72300108615309],
       [127.36534808166256, 36.36942670305679, -506.67505178879946],
       [127.36549848912384, 36.36916139621294, -550.24223543610424],
       [127.36566139395546, 36.36892782629224, -568.33518743608147],
       [127.36594164915083, 36.36827861153489, -572.47791747376323],
       [127.36579309763336, 36.36848716167004, -609.06044187676162],
       [127.36597528960635, 36.36800596702057, -636.75624802336097],
       [127.36600200410271, 36.36801440279843, -679.66261996421963],
       [127.36629715553093, 36.36752068804822, -720.75232115760446],
       [127.36669182210863, 36.36686922596246, -751.70571277942508],
       [127.36687129132348, 36.36658840794119, -799.23583670798689],
       [127.36715705670173, 36.36619466126344, -823.58217152208090],
       [127.36732792194380, 36.36600854421115, -871.02607459574938]
       ]
   }
}
