{
  "type":  "Feature",
  "properties": {
       "name": "Locations generated by GNSS-SDR" 
   },
  "geometry": {
      "type": "MultiPoint",
      "coordinates": [
       [127.36194120534610, 36.37541457693947, 85.34914635401219],
       [127.36192062854172, 36.37542417462624, 86.29888966586441],
       [127.36189765353588, 36.37541019996682, 92.07845113705844],
       [127.36191440250334, 36.37541345648702, 86.56758024822921],
       [127.36194302095745, 36.37543262243697, 84.78261186089367],
       [127.36193475780834, 36.37542865903245, 90.57685530092567],
       [127.36192320707276, 36.37543000333822, 92.54063584841788],
       [127.36193245256167, 36.37541448084746, 88.89573612436652],
       [127.36192970500888, 36.37541592579615, 82.97668001241982],
       [127.36193090440003, 36.37541438945852, 86.32433617021888],
       [127.36193818643989, 36.37543755132737, 89.45065158233047],
       [127.36193317891895, 36.37542999503517, 85.24173644836992],
       [127.36193635254831, 36.37543181944477, 84.25020681042224],
       [127.36193366643610, 36.37542484132132, 85.96331878099591],
       [127.36191887479208, 36.37541368721311, 86.45015639159828],
       [127.36192652690333, 36.37540619255477, 87.15852675959468],
       [127.36192231855210, 36.37542524065831, 84.77106915321201],
       [127.36195695993612, 36.37542667891651, 80.55640528164804],
       [127.36194693091942, 36.37542526627443, 89.41117313411087],
       [127.36193770271761, 36.37544380225719, 91.21048380434513],
       [127.36192849841605, 36.37542787131306, 91.26494376827031],
       [127.36192189165220, 36.37540432330787, 86.16618440300226],
       [127.36191566608795, 36.37540134300652, 87.02043053694069],
       [127.36193096036178, 36.37541625767567, 85.74360209889710],
       [127.36193048328529, 36.37542952298305, 86.46430488396436],
       [127.36192042688407, 36.37541556879147, 85.93474944680929],
       [127.36192441245045, 36.37543168622957, 82.48126476351172],
       [127.36194276557806, 36.37542427813485, 85.52676417306066],
       [127.36193207387188, 36.37543316682100, 91.51046258397400],
       [127.36191973331145, 36.37542913930633, 85.46947051491588],
       [127.36191935249420, 36.37542299157777, 84.72716147731990],
       [127.36193451890014, 36.37541371714592, 89.76718275714666],
       [127.36193150484765, 36.37541273494439, 88.19442995358258],
       [127.36191053349617, 36.37541040213345, 86.71238351985812],
       [127.36192213908943, 36.37542069227060, 77.94514084793627],
       [127.36193261455318, 36.37541023459283, 84.06238264031708],
       [127.36193196921316, 36.37540490525181, 90.28857386391610],
       [127.36193320788736, 36.37541327325832, 90.90060291253030],
       [127.36191810227436, 36.37541901595025, 86.95124995894730],
       [127.36193164987608, 36.37540283511532, 85.94961241912097],
       [127.36193899096097, 36.37540741387817, 86.85284765344113],
       [127.36191836222713, 36.37537558169946, 85.64322688896209],
       [127.36192216483656, 36.37539561055936, 90.58172133658081],
       [127.36194380250751, 36.37541804829756, 91.88411981333047],
       [127.36191964250057, 36.37541587230022, 94.64621825143695],
       [127.36192945038145, 36.37542689706443, 88.00495507568121],
       [127.36192945078943, 36.37540303094748, 88.55253058299422],
       [127.36192638820744, 36.37538320881583, 92.13872845191509],
       [127.36192965126943, 36.37538972191245, 94.69207579642534],
       [127.36192906880252, 36.37536105349206, 97.43018250539899],
       [127.36191981417146, 36.37539062746548, 92.95749913807958],
       [127.36193517359102, 36.37540129648958, 91.85955099202693],
       [127.36191950868117, 36.37540076383270, 94.32680856343359],
       [127.36191891792181, 36.37540731323208, 84.89429369382560],
       [127.36190174822231, 36.37539554160809, 89.57813408039510],
       [127.36192536559075, 36.37540550493291, 88.79445060156286],
       [127.36190669498093, 36.37538579800582, 98.77288295701146],
       [127.36191144378199, 36.37539642959053, 97.64236365258694],
       [127.36192848783728, 36.37542682257003, 90.89458677545190],
       [127.36191362929745, 36.37543013402485, 88.98907697107643],
       [127.36190828699814, 36.37540870967873, 92.23672782257199],
       [127.36191068359243, 36.37537384338217, 97.22615524195135],
       [127.36191579552602, 36.37540047943797, 90.49606106150895],
       [127.36190428382648, 36.37542194428143, 92.81147854682058],
       [127.36191101779120, 36.37539328277562, 95.05640550050884],
       [127.36191401008162, 36.37540086995638, 93.59777775313705],
       [127.36190381634944, 36.37539719999756, 90.58168055117130],
       [127.36189088346754, 36.37540465458841, 88.89996304828674],
       [127.36189890711482, 36.37539804585168, 87.53941561374813],
       [127.36190160776019, 36.37538659315647, 98.28920873533934],
       [127.36189326985517, 36.37539647114261, 97.82876783609390],
       [127.36188960831335, 36.37540056258534, 88.31738160923123],
       [127.36189517137666, 36.37540689655183, 89.70797163061798],
       [127.36186961302943, 36.37540022915847, 100.93741879891604],
       [127.36187799456984, 36.37539564711091, 97.00730135198683],
       [127.36189759172943, 36.37538818647234, 98.01435702852905],
       [127.36190179903724, 36.37540887220207, 89.62435725051910],
       [127.36190030629571, 36.37540143483179, 91.17088607698679],
       [127.36187975147924, 36.37541431208535, 95.78192754369229],
       [127.36187000401475, 36.37540734509202, 99.87484190054238],
       [127.36188260257002, 36.37541139806216, 86.79008766077459],
       [127.36189178277314, 36.37539655829523, 90.25706237833947],
       [127.36187902417365, 36.37538118629049, 94.69647228531539],
       [127.36188554294031, 36.37541098851897, 96.36996174324304],
       [127.36187709197033, 36.37541503128836, 97.01601123157889],
       [127.36187100686411, 36.37540485315652, 92.49058231431991],
       [127.36186114713620, 36.37541807937480, 95.49130799621344],
       [127.36188078481140, 36.37544338951516, 90.20748537685722],
       [127.36187620181762, 36.37542047661864, 96.01796797849238],
       [127.36187581743395, 36.37540877656157, 95.10529693122953],
       [127.36189166114079, 36.37540581930909, 98.68553981836885],
       [127.36186376600133, 36.37538617674625, 100.30721940472722],
       [127.36186069971795, 36.37539402764075, 96.77219292242080],
       [127.36186194256612, 36.37540727483313, 98.89270105212927],
       [127.36186380358077, 36.37540329165952, 99.10823795944452],
       [127.36186460996811, 36.37538912015867, 103.45615738909692],
       [127.36188269298017, 36.37539738366332, 102.28075484558940],
       [127.36190760229505, 36.37542384630331, 98.14725434407592],
       [127.36187130418735, 36.37542548747641, 101.83354992698878],
       [127.36187867000194, 36.37542159388831, 105.96413264237344],
       [127.36187437013434, 36.37542438055275, 101.02940261084586],
       [127.36186723757061, 36.37541616216796, 99.35529978387058],
       [127.36187913940566, 36.37543357660171, 97.64121225196868],
       [127.36189360109009, 36.37542384156038, 93.57664486300200],
       [127.36189950199764, 36.37540153856016, 103.24106039293110],
       [127.36189756701016, 36.37541985217751, 104.31105454359204],
       [127.36189270832223, 36.37543829388943, 99.54061676468700],
       [127.36189224343713, 36.37544452673208, 96.44589400477707],
       [127.36190686874673, 36.37545360226411, 96.09925717487931],
       [127.36190883970822, 36.37544729674354, 92.16819748282433],
       [127.36191803473766, 36.37546383623680, 97.57623028475791],
       [127.36190470540366, 36.37545022706467, 107.04391333833337],
       [127.36191315059931, 36.37542803638522, 101.50150988716632],
       [127.36192242944325, 36.37543755351337, 95.13120214175433],
       [127.36188798688407, 36.37544922609156, 92.63313791435212],
       [127.36190154811933, 36.37542198204319, 93.17088953219354],
       [127.36191510620806, 36.37543401979770, 96.52758559398353],
       [127.36191362448537, 36.37542753301960, 92.19521414302289],
       [127.36190616388210, 36.37542451097135, 87.71048362366855],
       [127.36191623623769, 36.37544461671892, 95.35751678794622],
       [127.36192726700196, 36.37544421319779, 94.41083587147295],
       [127.36192060126264, 36.37545486782392, 93.02195055969059],
       [127.36192853997244, 36.37544615862262, 94.31725409440696],
       [127.36193793416943, 36.37544348573105, 86.68142658565193],
       [127.36192697631168, 36.37543957984361, 91.80917149409652],
       [127.36193120688853, 36.37544863931605, 98.07207873370498],
       [127.36194698114608, 36.37544619080720, 90.62578739412129],
       [127.36194562607685, 36.37543965630957, 90.51920744311064],
       [127.36193301367773, 36.37545689306489, 87.24013097491115],
       [127.36193082787509, 36.37544213890038, 90.86564555950463],
       [127.36191155946676, 36.37546773166809, 94.55603878106922],
       [127.36191479664627, 36.37546025942358, 86.01739386748523],
       [127.36192793015753, 36.37546095917916, 91.57311488315463],
       [127.36192120794405, 36.37545128059556, 99.08409570530057],
       [127.36194113713621, 36.37546012895580, 97.65531875658780],
       [127.36194312811344, 36.37544971125853, 93.23078284319490],
       [127.36192183699339, 36.37547070661157, 93.40212914533913],
       [127.36192192982483, 36.37544609993935, 97.83027802314609],
       [127.36193552676448, 36.37547285956327, 88.75952007994056],
       [127.36193250063342, 36.37547060244416, 84.81628345511854],
       [127.36193684554431, 36.37548580229819, 80.04398604854941],
       [127.36191934768146, 36.37549981876869, 88.85211009997874],
       [127.36189777785593, 36.37545962884776, 94.90497424826026],
       [127.36189790087258, 36.37545543974322, 88.43599783442914],
       [127.36192136133108, 36.37546149550182, 87.55643640458584],
       [127.36191948957554, 36.37543085941729, 89.54473532084376],
       [127.36192999376645, 36.37543035843329, 85.70909790322185],
       [127.36190848535539, 36.37545118917259, 88.06005044467747],
       [127.36189273168631, 36.37546265875308, 87.02782137785107],
       [127.36190554280208, 36.37546546458206, 79.82302549295127],
       [127.36190894884062, 36.37547059718125, 81.40705303847790],
       [127.36191427529820, 36.37548300886819, 91.64508573804051],
       [127.36191152613777, 36.37546063888687, 90.04838611930609],
       [127.36191855589463, 36.37547848821273, 87.57994417194277],
       [127.36191782508419, 36.37546053741045, 85.25003937259316],
       [127.36191674247775, 36.37546654342896, 82.35013249050826],
       [127.36192105628851, 36.37546334055457, 89.96126217674464],
       [127.36191425207448, 36.37545368683704, 93.03961915336549],
       [127.36193027185082, 36.37545964843268, 92.29759056959301],
       [127.36191949451076, 36.37545528810719, 89.90781889017671],
       [127.36193794757081, 36.37547612733256, 89.97077197022736],
       [127.36193394835868, 36.37547302556219, 81.78006700333208],
       [127.36193041137875, 36.37547630440141, 85.03098658099771],
       [127.36193002708367, 36.37546074606714, 81.87404692545533],
       [127.36194293787246, 36.37546277402447, 84.40826644934714],
       [127.36193383826027, 36.37548032433515, 85.02956838719547],
       [127.36192682101670, 36.37546023982733, 87.47189121972769],
       [127.36192387001019, 36.37546080421107, 84.56990718562156],
       [127.36190547727456, 36.37545252405624, 93.51451703161001],
       [127.36191384550843, 36.37546074004280, 94.15193030238152],
       [127.36191920425404, 36.37549123752987, 90.15945754572749],
       [127.36193020207543, 36.37546001754852, 91.04855939652771],
       [127.36192482749533, 36.37544974346280, 95.65622659120709],
       [127.36191122474628, 36.37544549994804, 95.85104476939887],
       [127.36190527226613, 36.37544787571294, 95.60121003165841],
       [127.36189888915257, 36.37544882932730, 99.54964038915932],
       [127.36190652246050, 36.37544477506720, 95.35143140982836],
       [127.36189030636316, 36.37543075908916, 94.91060082800686],
       [127.36190120783286, 36.37545627383353, 94.27493336051702],
       [127.36189793990941, 36.37543271411023, 97.69408074393868],
       [127.36191057500949, 36.37543870904412, 95.57828524336219],
       [127.36190584774035, 36.37544188217369, 99.13541266880929],
       [127.36191576039009, 36.37545698286184, 96.84683866612613],
       [127.36190969734079, 36.37542783213404, 102.46036996599287],
       [127.36190799374972, 36.37541632161842, 100.64619416650385],
       [127.36190817168955, 36.37541264745024, 97.41298701055348],
       [127.36190737246855, 36.37541514423630, 97.53636625502259],
       [127.36191615515901, 36.37542414075138, 99.70464535336941],
       [127.36190393898787, 36.37543751293410, 99.22263587825000],
       [127.36190830098911, 36.37543933253092, 95.63575485721231],
       [127.36191085796489, 36.37541509817152, 92.67840852215886],
       [127.36190080276874, 36.37542826332150, 105.26735931076109],
       [127.36191294920191, 36.37542264863747, 103.11338080186397],
       [127.36192070395578, 36.37540863650435, 88.91190523374826],
       [127.36190945092383, 36.37544986669489, 93.06842695455998],
       [127.36189518131238, 36.37543807223221, 101.89498405624181],
       [127.36190575482662, 36.37541851082962, 103.32513281144202],
       [127.36189795453238, 36.37541993036253, 96.23442003782839],
       [127.36190013012035, 36.37540408601874, 94.42770599294454],
       [127.36189456198703, 36.37539954203497, 106.19360646232963],
       [127.36187647311496, 36.37540626609395, 102.74337828811258],
       [127.36188785638899, 36.37541037542993, 91.19627223722637],
       [127.36187685406081, 36.37543626984869, 88.79156320448965],
       [127.36189181607401, 36.37541936667918, 92.00632802676409],
       [127.36188779213342, 36.37540705009193, 95.53423328232020],
       [127.36190238907626, 36.37540287936373, 95.56596753280610],
       [127.36188701011481, 36.37540042004371, 92.51810287497938],
       [127.36188399560885, 36.37539600687110, 96.94280282966793],
       [127.36191105890806, 36.37539466378566, 92.78664156049490],
       [127.36188800892600, 36.37540557813570, 94.33692886121571],
       [127.36188205848559, 36.37540164516172, 98.90927631314844],
       [127.36187653472155, 36.37541296023986, 101.70798809546977],
       [127.36188704064338, 36.37538120068116, 99.40493944287300],
       [127.36188261349727, 36.37538516418557, 99.49548920150846],
       [127.36189089084131, 36.37539318883629, 96.73843106813729],
       [127.36188447026690, 36.37539071026133, 97.68102585058659],
       [127.36186995669151, 36.37540271305894, 98.65728752780706],
       [127.36187039204418, 36.37538524525174, 97.79317874833941],
       [127.36188513188148, 36.37538718335724, 101.81054967176169],
       [127.36189745016668, 36.37540139753483, 99.56704156193882],
       [127.36187230691290, 36.37538505309199, 108.06149012688547],
       [127.36187091936236, 36.37538357964511, 100.40699727367610],
       [127.36187202993612, 36.37537170082371, 93.32781884539872],
       [127.36187248766507, 36.37536066815685, 94.33197071775794],
       [127.36188315498302, 36.37537759508183, 95.58080946933478],
       [127.36187017042076, 36.37537864189481, 96.48943543620408],
       [127.36188216234709, 36.37538846387312, 100.38768809661269],
       [127.36187602831318, 36.37540002463849, 94.29793775919825],
       [127.36187276741605, 36.37538255143959, 94.38204951118678],
       [127.36187524182513, 36.37537480804737, 99.51457436382771],
       [127.36186487379290, 36.37538805953761, 102.42622713092715],
       [127.36187149678472, 36.37536595149703, 92.82321861013770],
       [127.36185773744354, 36.37535986454158, 90.19811312668025],
       [127.36186680961194, 36.37538214142614, 90.08432434964925],
       [127.36188128814716, 36.37538038381937, 88.16687529906631],
       [127.36186808129105, 36.37539751381264, 93.40747659094632],
       [127.36188838873922, 36.37539559315081, 83.30542029533535],
       [127.36189348152436, 36.37541138539670, 84.44194265641272],
       [127.36191107097488, 36.37544251972189, 89.58324143942446],
       [127.36190518452740, 36.37540348091137, 86.12373111769557],
       [127.36188159580020, 36.37539689975898, 86.94167111162096],
       [127.36188896838776, 36.37537972892645, 91.72346754558384],
       [127.36190285575147, 36.37541498943985, 83.10890781600028],
       [127.36189323533178, 36.37542405730335, 74.54935276508331],
       [127.36193093849842, 36.37540195005172, 75.83719693776220],
       [127.36193312051778, 36.37540630338513, 79.62452138308436],
       [127.36191991131714, 36.37540839347423, 86.62367741391063],
       [127.36191783289118, 36.37539422208905, 84.00135574303567],
       [127.36189588261237, 36.37539696209966, 88.37191458139569],
       [127.36189197225671, 36.37540348680265, 86.60807503852993],
       [127.36188224227247, 36.37541622636429, 89.48960094619542],
       [127.36190398438008, 36.37542530311478, 85.73401360213757],
       [127.36189928317475, 36.37539944076877, 81.32312077283859],
       [127.36192325803115, 36.37540723853519, 80.08433744497597],
       [127.36191568892632, 36.37540693984882, 82.49445573892444],
       [127.36191795753139, 36.37539240724292, 80.00432893540710],
       [127.36192577095503, 36.37543789524965, 69.80425804946572],
       [127.36193800394703, 36.37542276149142, 70.98163780849427],
       [127.36191295090769, 36.37540686990739, 76.96458978764713],
       [127.36190946191660, 36.37542637842257, 85.37007648684084],
       [127.36191105904879, 36.37542311237079, 81.79947263095528],
       [127.36192505054279, 36.37541702524921, 79.61913461331278],
       [127.36192402973069, 36.37542784684791, 78.73565860837698],
       [127.36191773815951, 36.37542651489238, 85.66941646579653],
       [127.36190530883223, 36.37543947802014, 80.78561695292592],
       [127.36191435277181, 36.37540845628506, 84.30979789048433],
       [127.36191384327213, 36.37540434278290, 79.61274393182248],
       [127.36191824774812, 36.37538733994254, 87.05107777472585],
       [127.36192851741340, 36.37540536760017, 85.98003970738500],
       [127.36193288720226, 36.37542709114246, 79.19856858160347],
       [127.36191259784619, 36.37544368158255, 75.44572163932025],
       [127.36191578699999, 36.37545539331719, 71.79252207092941],
       [127.36192561527702, 36.37543120367268, 76.72172951139510],
       [127.36191662614360, 36.37543879051405, 86.76163472048938],
       [127.36192651730622, 36.37543088144830, 78.89921227283776],
       [127.36193352923506, 36.37541536002782, 82.36400469392538],
       [127.36192837225968, 36.37540835646818, 91.30851214006543],
       [127.36190991755552, 36.37543005683226, 91.09919751156121],
       [127.36191307414559, 36.37543160935666, 87.37294463161379],
       [127.36192298684436, 36.37542483938267, 90.51781359221786],
       [127.36192582901785, 36.37541694112654, 88.48787716124207],
       [127.36192002436114, 36.37540889202518, 79.02210129145533],
       [127.36193515243144, 36.37541827067691, 76.58971187751740],
       [127.36191835152653, 36.37539451724795, 79.50805059075356],
       [127.36191575844545, 36.37539925861841, 83.77586368098855],
       [127.36190463728221, 36.37540356895953, 86.50851854681969],
       [127.36190794778737, 36.37542336030038, 84.17039162479341],
       [127.36190747891939, 36.37540915585819, 86.40981427486986],
       [127.36191211348556, 36.37541746537775, 91.01966074761003],
       [127.36191138142294, 36.37540923510504, 90.60039535071701],
       [127.36189651590426, 36.37541198592285, 89.54283704701811],
       [127.36189599960187, 36.37540596601206, 88.20866479445249],
       [127.36190607909882, 36.37540730790786, 82.59850482456386],
       [127.36188475173665, 36.37541438504218, 93.28822663053870],
       [127.36187913635138, 36.37542123815582, 97.54724526405334],
       [127.36190117232775, 36.37542517351602, 93.05202121753246],
       [127.36189169026464, 36.37543036649068, 82.14278410933912],
       [127.36188291152730, 36.37544121816145, 90.14633998461068],
       [127.36188192758117, 36.37543967710635, 94.90543090831488],
       [127.36189944689143, 36.37542826927557, 89.03989169467241],
       [127.36190434888324, 36.37542974883737, 88.05357060208917],
       [127.36191295172166, 36.37542458963545, 90.87076493073255],
       [127.36189488715377, 36.37541534000849, 92.91162345185876],
       [127.36188821075869, 36.37542798196355, 92.81261517014354],
       [127.36190007689761, 36.37544377487857, 88.90296742785722],
       [127.36190931500278, 36.37543734819088, 94.20065405406058],
       [127.36188453307379, 36.37542748270634, 92.85148575808853],
       [127.36188631912661, 36.37542581803752, 94.69497864972800],
       [127.36187712669646, 36.37540706909359, 92.36067726556212],
       [127.36188248048273, 36.37542655803096, 87.08472633175552],
       [127.36188789736946, 36.37543955524736, 96.00291432812810],
       [127.36189161797097, 36.37542718345291, 95.16326553933322],
       [127.36188960210212, 36.37543440508080, 90.74892616551369],
       [127.36187860905335, 36.37543891073314, 90.12161978613585],
       [127.36188575945528, 36.37543197581647, 91.71105210669339],
       [127.36187257545286, 36.37545135664599, 90.06789219658822],
       [127.36188604553917, 36.37545717322947, 90.28857654519379],
       [127.36188893176291, 36.37546135348109, 95.28387176152319],
       [127.36189681148005, 36.37544258850522, 89.30680761858821],
       [127.36188125823946, 36.37543145768270, 89.73333798721433],
       [127.36187900584366, 36.37544093004711, 89.82049565855414],
       [127.36188697900248, 36.37543106858351, 93.49297985062003],
       [127.36189483506541, 36.37542602546608, 94.34522905573249],
       [127.36192224220194, 36.37542675957428, 92.58268843404949],
       [127.36191921014628, 36.37544190320534, 93.25737954583019],
       [127.36189596717126, 36.37545343182930, 86.00940399058163],
       [127.36189905496839, 36.37543685597760, 89.10341654159129],
       [127.36188965644537, 36.37544079255621, 95.28897657431662],
       [127.36188629756319, 36.37545398633429, 95.08807920943946],
       [127.36189846071071, 36.37542995636051, 89.19088357686996],
       [127.36189979404516, 36.37540454849918, 94.13147532008588],
       [127.36191231170613, 36.37541214875656, 93.71520079486072],
       [127.36191059185798, 36.37542780589563, 92.89246184937656],
       [127.36190145215296, 36.37544039048745, 98.57715582940727],
       [127.36189759279939, 36.37544363594222, 99.32065705209970],
       [127.36192615984702, 36.37541302853639, 95.33497174642980],
       [127.36192391473425, 36.37541557878696, 91.63667196966708],
       [127.36193928634755, 36.37542299478657, 94.37995568290353],
       [127.36194668087408, 36.37542278470998, 96.05740503221750],
       [127.36193066709650, 36.37544584696661, 93.04459410160780],
       [127.36193443372755, 36.37544534264140, 91.31911509204656],
       [127.36191195129359, 36.37542025508510, 92.51220081467181],
       [127.36191759893558, 36.37539381319163, 96.45605098735541],
       [127.36192003764084, 36.37542128159213, 98.60873770620674],
       [127.36193206728649, 36.37541936320235, 97.42940184473991],
       [127.36192748851569, 36.37543516440799, 99.42778765317053],
       [127.36194443366837, 36.37543925426905, 96.82716533541679],
       [127.36195630233827, 36.37544316186104, 96.18602196779102],
       [127.36193443741459, 36.37543561902035, 90.19854795932770],
       [127.36193322811154, 36.37544413886270, 88.45238488260657],
       [127.36194254807691, 36.37543665112423, 94.19205240067095],
       [127.36194406655956, 36.37543189212921, 93.52609343919903],
       [127.36194526939816, 36.37540815581871, 96.28315827809274],
       [127.36194620932103, 36.37542067022842, 96.05364210531116],
       [127.36195954733043, 36.37541505071123, 93.17458424996585],
       [127.36193981204741, 36.37542539214815, 91.00196432508528],
       [127.36194879263273, 36.37543585882700, 86.39102115947753],
       [127.36195123079547, 36.37543869745633, 84.21756509412080],
       [127.36194337449804, 36.37542484084765, 93.51780111156404],
       [127.36192699078143, 36.37541857359663, 87.04769549425691],
       [127.36193825274989, 36.37541839840669, 85.47102961223572],
       [127.36193289283533, 36.37540999397504, 85.97427805047482],
       [127.36194138640791, 36.37540226073846, 85.33517851214856],
       [127.36193752215827, 36.37539669789811, 82.18020806368440],
       [127.36194298683651, 36.37538773979703, 83.31984196323901],
       [127.36195115067596, 36.37540224628976, 82.93603377416730],
       [127.36194139802531, 36.37539749927907, 85.98888929374516],
       [127.36195481465217, 36.37541947264608, 91.54460192658007],
       [127.36193656435628, 36.37541303339374, 88.67057698871940],
       [127.36193081683673, 36.37541429325834, 82.07343542017043],
       [127.36193181168190, 36.37540967022212, 88.08879060298204],
       [127.36194238357412, 36.37541191422196, 88.45265930052847],
       [127.36193163952058, 36.37540884624882, 90.78084380738437],
       [127.36193975868817, 36.37537730033375, 88.64375481288880],
       [127.36192565911141, 36.37536409003253, 86.52278491389006],
       [127.36194444971413, 36.37537143670453, 87.29936620127410],
       [127.36194426569945, 36.37540136270237, 87.57359302323312],
       [127.36193849691186, 36.37540366877012, 85.16941970027983],
       [127.36193472178385, 36.37542502499743, 86.29387136921287],
       [127.36193330337926, 36.37538861556160, 83.22202812507749],
       [127.36193219110636, 36.37539670347502, 87.15974592324346],
       [127.36193647751745, 36.37540326953601, 83.16708327177912],
       [127.36193223496505, 36.37542601021737, 89.36246086284518],
       [127.36192579695776, 36.37539023909650, 86.08220267202705],
       [127.36193984792190, 36.37541641813063, 87.30679305177182],
       [127.36195046780480, 36.37538332985336, 87.11977587919682],
       [127.36193616696394, 36.37539382616816, 83.39204831328243],
       [127.36192706829432, 36.37538525166309, 88.17816673312336],
       [127.36194630767747, 36.37536625166976, 85.31388215720654],
       [127.36192174455503, 36.37536366233777, 86.05658942554146],
       [127.36192537590009, 36.37539429721217, 78.01732974499464],
       [127.36192303756035, 36.37540251050211, 82.21981272287667],
       [127.36191946657951, 36.37539001764766, 85.53995089884847],
       [127.36193036437280, 36.37538331005755, 81.98867637943476],
       [127.36194689785040, 36.37536095098484, 82.74851317331195],
       [127.36193102380591, 36.37537677324228, 81.73155239596963],
       [127.36194655970287, 36.37537369242706, 79.67408832907677],
       [127.36192427283305, 36.37537117663305, 76.21700412221253],
       [127.36191264819942, 36.37539104301147, 78.26110115274787],
       [127.36191318266141, 36.37538542759490, 76.66095801722258],
       [127.36191695212338, 36.37537241398103, 80.79688720684499],
       [127.36192113402755, 36.37537526152003, 83.23262922465801],
       [127.36192163903101, 36.37537342634435, 86.13762311730534],
       [127.36191665101818, 36.37536822543659, 81.55824675783515],
       [127.36190814025659, 36.37536042768889, 79.54374125041068],
       [127.36188954681057, 36.37536421709504, 78.91743793990463],
       [127.36189636285242, 36.37536946653954, 78.00932641793042],
       [127.36188760356431, 36.37536744031863, 83.01376096624881],
       [127.36190055170538, 36.37538071127688, 82.45359172020108],
       [127.36191034382811, 36.37538208637599, 85.89913753699511],
       [127.36190302580908, 36.37537038267907, 85.18384339008480],
       [127.36190549633750, 36.37535602881266, 86.53983173798770],
       [127.36189954306528, 36.37536916119270, 86.04596738796681],
       [127.36190976212670, 36.37536682599936, 84.82944084797055],
       [127.36190946154711, 36.37535309964493, 83.81691514607519],
       [127.36189434494646, 36.37534716696524, 84.23927731812000],
       [127.36190657143625, 36.37533672647186, 85.36319217085838],
       [127.36189107939245, 36.37533417893355, 85.89524729736149],
       [127.36189134956632, 36.37537793934541, 87.91460794955492],
       [127.36188530811235, 36.37538806404446, 88.32266697008163],
       [127.36189287878142, 36.37538266322864, 90.90165589004755],
       [127.36189315507659, 36.37536713456603, 95.00710486155003],
       [127.36190069177557, 36.37534646117942, 89.90653847344220],
       [127.36189600458441, 36.37536244080077, 86.03290184214711],
       [127.36188949758203, 36.37538205132434, 83.76987510081381],
       [127.36188411456361, 36.37538636376655, 79.61250543408096],
       [127.36187835117602, 36.37540212889893, 81.33619765844196],
       [127.36187518097915, 36.37538101931530, 86.40946779586375],
       [127.36187870198380, 36.37538006377694, 90.52066526096314],
       [127.36187373978306, 36.37536501137305, 93.35065520741045],
       [127.36186144304116, 36.37537134404508, 95.52512910030782],
       [127.36186973868861, 36.37539720628496, 95.40090156160295],
       [127.36187520142025, 36.37537989120850, 93.71901026181877],
       [127.36187493890031, 36.37538046127908, 97.24785982724279],
       [127.36188608617501, 36.37538204027999, 93.84138718899339],
       [127.36187680007812, 36.37539287405439, 96.78734999150038],
       [127.36185875195066, 36.37539466066944, 102.32457366399467],
       [127.36187570237242, 36.37536482670396, 100.54097254294902],
       [127.36187735157867, 36.37535390029695, 97.23410596139729],
       [127.36186711101358, 36.37537474305500, 94.58830474223942],
       [127.36186956780733, 36.37538546071548, 98.15464611351490],
       [127.36188024850514, 36.37537106986662, 93.29336528573185],
       [127.36189056435305, 36.37537801948064, 86.59517552517354],
       [127.36189444890790, 36.37538270732266, 89.74451332259923],
       [127.36188608632908, 36.37538289090993, 94.48951325286180],
       [127.36188776276779, 36.37539702457142, 94.60775883216411],
       [127.36188682695899, 36.37537571360124, 86.25491149630398],
       [127.36187306168614, 36.37541227204925, 86.03290177136660],
       [127.36188726100633, 36.37538168297518, 90.70301510300487],
       [127.36189572094467, 36.37535393918490, 91.93011154048145],
       [127.36190514322691, 36.37538182311597, 94.29958954080939],
       [127.36189693135091, 36.37538928932413, 96.97439953405410],
       [127.36191428866292, 36.37538128456511, 98.10784477461129],
       [127.36191575414674, 36.37538484763467, 96.00722541846335],
       [127.36188679599542, 36.37541000305981, 98.13225934375077],
       [127.36187028018466, 36.37540947110907, 97.73639349825680],
       [127.36186887167258, 36.37541585123876, 95.21942188404500],
       [127.36188997384646, 36.37541403156857, 101.80517187062651],
       [127.36189580350144, 36.37540526135233, 97.85673943348229],
       [127.36189108389185, 36.37542238695808, 93.55572780594230],
       [127.36191315096319, 36.37539898016148, 91.00524104665965],
       [127.36190150827534, 36.37541277158205, 91.49075245112181],
       [127.36190139136690, 36.37541963902946, 92.69490420818329],
       [127.36188737529675, 36.37540457963735, 93.21276340167969],
       [127.36189886690070, 36.37539832998321, 94.23079788405448],
       [127.36191437430662, 36.37541837891129, 90.43642701394856],
       [127.36191524479119, 36.37541570224286, 95.92023484408855],
       [127.36190043703066, 36.37544551140876, 91.15830951556563],
       [127.36190858236353, 36.37543559315018, 89.96391944680363],
       [127.36189968659829, 36.37543360331997, 90.20352521538734],
       [127.36190106606796, 36.37542214944587, 92.63509667385370],
       [127.36190889252394, 36.37544274041458, 91.42229027394205],
       [127.36191403588788, 36.37543797413957, 89.91190923564136],
       [127.36193146127604, 36.37544775593492, 87.76469409000129],
       [127.36192877499253, 36.37542811924949, 86.89282002858818],
       [127.36191044749991, 36.37544595210846, 92.40335676446557],
       [127.36190336618836, 36.37544406534089, 97.39945240598172],
       [127.36190343506169, 36.37544049221923, 92.86542829871178],
       [127.36192376496068, 36.37543886314445, 97.18822323903441],
       [127.36191521137918, 36.37543207537644, 98.12276615016162],
       [127.36192571691740, 36.37544827626194, 97.05262409988791],
       [127.36191276972852, 36.37544583736153, 94.18394944071770],
       [127.36190491005186, 36.37546992662155, 99.37032264564186],
       [127.36190568074306, 36.37545923241606, 99.59209964890033],
       [127.36192345911500, 36.37545280038446, 100.57212967425585],
       [127.36191475109911, 36.37544860121373, 99.16999976616353],
       [127.36191027997678, 36.37544131557151, 96.40464061126113],
       [127.36191841313173, 36.37546543319163, 97.46608187351376],
       [127.36191368864067, 36.37545412716623, 91.40221416112036],
       [127.36190794762565, 36.37543485900711, 95.38592467270792],
       [127.36189666403311, 36.37543891624616, 94.87651216797531],
       [127.36189052511780, 36.37545400248271, 93.28634651470929],
       [127.36190829404946, 36.37546520907188, 97.62773056328297],
       [127.36192445933001, 36.37548418654816, 93.26721958164126],
       [127.36192168712344, 36.37547532555315, 97.17292344104499],
       [127.36193310684995, 36.37545448245638, 95.40154937840998],
       [127.36194009115658, 36.37546176847303, 99.09486251510680],
       [127.36192692568858, 36.37545605978296, 96.54894357919693],
       [127.36192750270541, 36.37545237699928, 90.28594522736967],
       [127.36191964417175, 36.37544974895611, 97.04823707044125],
       [127.36192272109136, 36.37545077643124, 101.73186649195850],
       [127.36194432731962, 36.37546971450173, 99.49273009132594],
       [127.36194820819824, 36.37545808884532, 99.34444544930011],
       [127.36193396884624, 36.37545754751502, 99.60038296040148],
       [127.36192663085103, 36.37546849963276, 98.76072527281940],
       [127.36192503970291, 36.37546731391475, 105.42666408326477],
       [127.36193109846235, 36.37547801162530, 102.49193427152932],
       [127.36194512001990, 36.37546577347964, 101.00632386561483],
       [127.36193145471964, 36.37543448428767, 104.57887139264494],
       [127.36193451745983, 36.37542519769960, 101.10537828691304],
       [127.36193192557239, 36.37543092063533, 101.24832847248763],
       [127.36192991474049, 36.37540799392035, 99.05045191664249],
       [127.36193560157342, 36.37543248129196, 101.07403189502656],
       [127.36193243078861, 36.37546067406942, 108.84255423210561],
       [127.36192570529265, 36.37544034755123, 103.81430740468204],
       [127.36193932993788, 36.37541507699144, 99.85274521354586],
       [127.36193769396394, 36.37542742448499, 99.91604870930314],
       [127.36192639231371, 36.37543321448094, 100.00033130869269],
       [127.36191244033853, 36.37542860392328, 102.62875974178314],
       [127.36193255592637, 36.37541681060253, 101.73262341041118],
       [127.36194224658421, 36.37540526895663, 97.81014321092516],
       [127.36192945741695, 36.37540450564517, 94.98754296544939],
       [127.36192189007818, 36.37541475587518, 99.06556334346533],
       [127.36192056600407, 36.37540970204449, 97.42691110074520],
       [127.36193329542485, 36.37542085641167, 102.59677792061120],
       [127.36192730775116, 36.37540967470984, 91.01459941361099],
       [127.36194255639606, 36.37540084852056, 86.64059042651206],
       [127.36193006354723, 36.37540101749391, 92.75575511902571],
       [127.36192533103190, 36.37540488171452, 98.17227457556874],
       [127.36192253652538, 36.37541701331571, 94.68328332342207],
       [127.36191985580118, 36.37540380527536, 93.51297211926430],
       [127.36194164764409, 36.37537992566602, 96.44387819059193],
       [127.36193373468579, 36.37540488641322, 90.27425788342953],
       [127.36193495664124, 36.37538680677726, 89.04152451641858],
       [127.36193573752058, 36.37539999805675, 93.70726221147925],
       [127.36194097318973, 36.37539092033441, 102.18191627692431],
       [127.36191809587318, 36.37538307370610, 96.76354043837637],
       [127.36191552608800, 36.37538100950763, 97.88483337406069],
       [127.36191481471165, 36.37539156691930, 98.90027740877122],
       [127.36191484722221, 36.37537811267609, 96.31976583413780],
       [127.36193340467317, 36.37536178347413, 93.96608777530491],
       [127.36192646339491, 36.37538344770947, 95.34868419822305],
       [127.36192077418863, 36.37539026385978, 92.91759775578976],
       [127.36190984355807, 36.37538666758199, 87.98532870318741],
       [127.36192471755345, 36.37538483234001, 85.35713013540953],
       [127.36193003237818, 36.37539433305439, 88.68735973630100],
       [127.36192085607756, 36.37539800275070, 89.10989564657211],
       [127.36189719364991, 36.37539205099085, 87.15875105466694],
       [127.36189815463295, 36.37539317316453, 87.75038674566895],
       [127.36189806626221, 36.37539007724365, 86.85475321393460],
       [127.36190005178123, 36.37540192834152, 87.80486723594368],
       [127.36189982924800, 36.37540169657937, 87.88264492806047],
       [127.36190703659256, 36.37540374738001, 85.42755968868732],
       [127.36189831116106, 36.37538850313374, 93.16065469756722],
       [127.36189117569934, 36.37535755990498, 85.76879796944559],
       [127.36191256028624, 36.37536748460829, 87.67219931632280],
       [127.36192230126284, 36.37536141489568, 83.24170477129519],
       [127.36191786447408, 36.37539586046442, 92.18395549338311],
       [127.36190659563120, 36.37538873752517, 87.39300572685897],
       [127.36189582419500, 36.37536158415385, 89.37020540330559],
       [127.36191305205588, 36.37536300960073, 84.44085848890245],
       [127.36190312289399, 36.37536639098156, 88.00363332498819],
       [127.36191492100808, 36.37538140329449, 89.77014307398349],
       [127.36190394216477, 36.37538542746580, 92.12387784477323],
       [127.36188817254107, 36.37541595609827, 91.08612752705812],
       [127.36190031020229, 36.37539713085665, 86.21925970446318],
       [127.36188363185077, 36.37537307518775, 86.29441689606756],
       [127.36188860366131, 36.37537585633918, 87.71272568311542],
       [127.36190473419923, 36.37539074508611, 89.84554743580520],
       [127.36189753394946, 36.37537516969635, 84.50709915999323],
       [127.36190248181663, 36.37538826002172, 90.39946451876312],
       [127.36190544737025, 36.37541391199823, 93.64298557396978],
       [127.36190798054467, 36.37538869957864, 88.57884634006768],
       [127.36189917149800, 36.37540208852711, 95.75677560083568],
       [127.36190196686246, 36.37541065277717, 98.48412028234452],
       [127.36188577839769, 36.37540319277868, 93.68770914059132],
       [127.36187994837790, 36.37539369630419, 85.60298438370228],
       [127.36187708170789, 36.37539359860098, 82.58562981896102],
       [127.36188349051491, 36.37541325317091, 85.26002174708992],
       [127.36188715717827, 36.37539915342952, 88.71144566405565],
       [127.36190367891795, 36.37539667110074, 93.10351256001741],
       [127.36190347334278, 36.37540355878230, 88.08032020181417],
       [127.36190470876355, 36.37541536809432, 84.37860280275345],
       [127.36191178932374, 36.37540818747001, 86.93790871277452],
       [127.36191495141752, 36.37540025069211, 85.89100498519838],
       [127.36192162244443, 36.37539438986558, 86.65330618992448],
       [127.36189090084176, 36.37539191377552, 83.53488346841186],
       [127.36190311785711, 36.37538468006415, 89.30888231564313],
       [127.36192089836246, 36.37539129184709, 88.88562010973692],
       [127.36190414472424, 36.37541948908973, 82.34445846918970],
       [127.36190146983263, 36.37543336253378, 83.44879330974072],
       [127.36190223300224, 36.37542022531652, 82.09662673715502],
       [127.36191442400722, 36.37541099465689, 84.65910487622023],
       [127.36193166653219, 36.37542345667460, 82.65820537135005],
       [127.36191528804473, 36.37543101707825, 88.56097129918635],
       [127.36190362006512, 36.37542667035730, 81.33421363960952],
       [127.36189344544357, 36.37543564336787, 82.35686205141246],
       [127.36188966092450, 36.37543216663522, 90.73681024368852],
       [127.36189362010701, 36.37541606204788, 81.37268919404596],
       [127.36188891874039, 36.37541070583598, 74.66593506932259],
       [127.36190124152445, 36.37543011737225, 79.49144175928086],
       [127.36190510155863, 36.37538605258734, 81.93950379732996],
       [127.36189124193312, 36.37539983174127, 83.36999208200723],
       [127.36189827607404, 36.37542310763954, 84.78422763105482],
       [127.36189182822983, 36.37544051674892, 87.36442669201642],
       [127.36188890229960, 36.37544330868961, 85.65729930624366],
       [127.36188733715230, 36.37545969335043, 83.75656581204385],
       [127.36186921232022, 36.37544146392364, 81.70449389889836],
       [127.36188457183168, 36.37543903747457, 84.73396596778184],
       [127.36188885881862, 36.37541138296365, 91.25677389558405],
       [127.36188380058829, 36.37543233261786, 87.13197953533381],
       [127.36189383060963, 36.37542169796993, 82.68333571404219],
       [127.36190025485082, 36.37544349438508, 82.61266460269690],
       [127.36191737222096, 36.37543833733874, 83.75413440726697],
       [127.36189557458100, 36.37544600825740, 76.25659011024982],
       [127.36189332112146, 36.37544680288244, 79.10046238359064],
       [127.36189237813608, 36.37542230254139, 76.38837322779000],
       [127.36189488303935, 36.37543830322804, 82.87276874389499],
       [127.36188465612345, 36.37544458025398, 87.88771105930209],
       [127.36188229480146, 36.37541607574112, 79.46681652683765],
       [127.36188789928478, 36.37539981427879, 78.03331083804369],
       [127.36188507417788, 36.37542033390068, 73.98071997612715],
       [127.36189928466185, 36.37542817732454, 83.08193874172866],
       [127.36191295815443, 36.37543973064162, 84.87161262705922],
       [127.36189701500670, 36.37545362767939, 82.89990438893437],
       [127.36189867982065, 36.37545487894703, 79.05276634823531],
       [127.36189289634946, 36.37543486172002, 76.76399230957031],
       [127.36189532398478, 36.37541594919399, 77.48501825984567],
       [127.36190238093900, 36.37540906167706, 82.89844212215394],
       [127.36190385150537, 36.37542474764273, 86.14504315890372],
       [127.36189838158360, 36.37542261267463, 83.71498384047300],
       [127.36187708901483, 36.37543816341292, 83.39466768410057],
       [127.36190596111524, 36.37544402920199, 79.98246533889323],
       [127.36189832925844, 36.37542127967776, 77.80736085865647],
       [127.36190374992088, 36.37541858619222, 85.62036476284266],
       [127.36191525115625, 36.37542142876811, 85.27642521541566],
       [127.36192104292060, 36.37543143804206, 84.22836442943662],
       [127.36193248943871, 36.37542753699861, 85.25028063170612],
       [127.36190718024633, 36.37540068418824, 78.42729954980314],
       [127.36188954824236, 36.37541460331363, 80.44437629822642],
       [127.36189011158598, 36.37542572966162, 87.53786353394389],
       [127.36190282232050, 36.37544386258426, 89.09969626087695],
       [127.36190966042457, 36.37543093925634, 88.52894071768969],
       [127.36191276732957, 36.37543200217040, 90.90829877089709],
       [127.36192287319936, 36.37541139075899, 92.66441115830094],
       [127.36193075052799, 36.37540632751809, 89.20867836754769],
       [127.36192744301862, 36.37542395758262, 86.91377309896052],
       [127.36192858413371, 36.37543534882923, 84.00120952539146],
       [127.36191513327175, 36.37544126558480, 87.34139483608305],
       [127.36193389244792, 36.37542415702793, 81.54821687098593],
       [127.36194056210164, 36.37541288958064, 82.65715707745403],
       [127.36194536346544, 36.37542771719007, 83.64290153421462],
       [127.36193380541053, 36.37542222687343, 89.78820272628218],
       [127.36193966218606, 36.37544307705048, 88.55633772164583],
       [127.36194678242889, 36.37544437056274, 89.46119391359389],
       [127.36193409467423, 36.37543517209161, 89.29515156615525],
       [127.36192652892476, 36.37545596068303, 89.68644398078322],
       [127.36194088632354, 36.37545214985047, 90.40259549394250],
       [127.36193427859023, 36.37546031946088, 85.43636278621852],
       [127.36193175554179, 36.37546122800672, 94.55535917449743],
       [127.36194177549801, 36.37543704429902, 86.53395375050604],
       [127.36193715769805, 36.37546222011505, 87.59507396165282],
       [127.36194456172367, 36.37544338201567, 88.66026932653040],
       [127.36194318571674, 36.37546417738551, 88.85136643424630],
       [127.36193357309328, 36.37542785625475, 89.49348553828895],
       [127.36192871002430, 36.37542470886034, 90.89968965295702],
       [127.36195146480632, 36.37546798596519, 88.90959425736219],
       [127.36196073651510, 36.37545934999402, 91.99749298021197],
       [127.36195938845658, 36.37545452669305, 95.41499048005790],
       [127.36195606755285, 36.37546356105901, 94.06556228455156],
       [127.36194611099265, 36.37544265650153, 93.12866728100926],
       [127.36193624078723, 36.37547076044462, 90.60425384622067],
       [127.36193817557739, 36.37546241852198, 89.65869654342532],
       [127.36193911110676, 36.37549097849717, 94.75135286711156],
       [127.36193595847728, 36.37546358343813, 97.09639344457537],
       [127.36193412746663, 36.37547562308423, 92.47502156440169],
       [127.36193488541683, 36.37547401998944, 94.97133081872016],
       [127.36194151100140, 36.37546762414115, 96.43243159539998],
       [127.36194117087881, 36.37545836440864, 95.08393027540296],
       [127.36195029849922, 36.37546598676523, 96.21860215347260],
       [127.36194914563224, 36.37546972425393, 93.77987973019481],
       [127.36191719377301, 36.37549421135970, 94.06681973394006],
       [127.36192979358351, 36.37548158051599, 94.05875978711993],
       [127.36192390565341, 36.37545766809134, 87.86346725281328],
       [127.36192822968201, 36.37546180442374, 82.84761053789407],
       [127.36193888700321, 36.37546424992704, 90.42180355731398],
       [127.36193067971536, 36.37544390383430, 88.87294668331742],
       [127.36194000498243, 36.37543481072346, 85.67610201518983],
       [127.36193083874205, 36.37545333212203, 83.15245049353689],
       [127.36195001585129, 36.37547666421675, 87.64321511331946],
       [127.36195657749987, 36.37548645020024, 90.82904328871518],
       [127.36194386364221, 36.37548398110386, 91.28978773206472],
       [127.36194038160588, 36.37546401565765, 87.26602220907807],
       [127.36194392414434, 36.37543749116422, 86.01956367120147],
       [127.36195002077717, 36.37542604870023, 89.62211128044873],
       [127.36195126064716, 36.37544569616951, 96.33656314853579],
       [127.36194852738498, 36.37542940980965, 92.22524698823690],
       [127.36193422925858, 36.37542858452667, 91.17876848950982],
       [127.36192946070281, 36.37545274754116, 89.63635165989399],
       [127.36193697880637, 36.37541650207933, 88.16955608874559],
       [127.36193574284135, 36.37539689531846, 93.48564741201699],
       [127.36194008324659, 36.37541326586046, 97.88706109020859],
       [127.36192814754217, 36.37542825286008, 99.20154693629593],
       [127.36193685192234, 36.37542375554866, 89.85771181341261],
       [127.36192800585678, 36.37544100877186, 95.10204409807920],
       [127.36190173645282, 36.37540761158953, 95.11451846454293],
       [127.36190689330569, 36.37540553937112, 90.58260202594101],
       [127.36191113216262, 36.37539057236459, 92.78030268568546],
       [127.36191261807912, 36.37538380462772, 95.06862846855074],
       [127.36193728931821, 36.37537104494152, 98.21194318961352],
       [127.36192866637755, 36.37537971756431, 98.90963305532932],
       [127.36193061163627, 36.37536736076124, 94.67967281583697],
       [127.36193027278263, 36.37535099310490, 94.23324149940163],
       [127.36193938585944, 36.37536381625017, 92.94667646009475],
       [127.36193526834610, 36.37537509574812, 94.42152307275683],
       [127.36192850415652, 36.37535222132268, 93.00473708100617],
       [127.36192436609920, 36.37535115841249, 91.50287890993059],
       [127.36193151299010, 36.37535890803083, 97.82539912685752],
       [127.36191742022696, 36.37534751056283, 99.16702218633145],
       [127.36192481454891, 36.37536314639991, 102.23723293468356],
       [127.36192612854703, 36.37536115798629, 97.29536894988269],
       [127.36193697518917, 36.37536790852877, 101.55442875158042],
       [127.36193889930982, 36.37536010595873, 96.82819112669677],
       [127.36193747472264, 36.37534252012293, 100.08706982433796],
       [127.36194058451834, 36.37533458924097, 92.89336623158306],
       [127.36192964555889, 36.37536258784314, 94.81071029976010],
       [127.36192140476719, 36.37534439511064, 96.51730764564127],
       [127.36192028715645, 36.37533980646447, 94.32340394519269],
       [127.36191753828030, 36.37536393522542, 88.32246804889292],
       [127.36192870261929, 36.37534745051472, 82.22874535806477],
       [127.36193925126469, 36.37535138140121, 88.75792971160263],
       [127.36195367743306, 36.37534735763780, 89.61864977981895],
       [127.36194587810458, 36.37535481745756, 84.62561341561377],
       [127.36192661813108, 36.37536054098694, 89.67657843139023],
       [127.36191858553117, 36.37535654584775, 95.31474227365106],
       [127.36189959493025, 36.37533394648609, 91.00119121558964],
       [127.36191311591045, 36.37532519649992, 90.80011909361929],
       [127.36191937798314, 36.37532767688593, 92.97756312973797],
       [127.36193166177833, 36.37533348614083, 75.24402583669871],
       [127.36193264375979, 36.37533841805823, 71.47335088904947],
       [127.36193841955881, 36.37534761756784, 75.09865416586399],
       [127.36193701589322, 36.37535288521043, 84.36574161238968],
       [127.36193201398359, 36.37532497880717, 76.19368336349726],
       [127.36191871783548, 36.37535917312741, 81.75023967400193],
       [127.36189842957484, 36.37534208263496, 76.96180726960301],
       [127.36192493116305, 36.37536328684090, 83.62953124567866],
       [127.36192670527896, 36.37536025189929, 83.30980468261987],
       [127.36191954442668, 36.37537515676087, 81.55126900877804],
       [127.36192563609413, 36.37535654765941, 87.46920167282224],
       [127.36192594983336, 36.37536629275059, 85.70411433745176],
       [127.36193057345325, 36.37535833305390, 86.00464387610555],
       [127.36192688202208, 36.37535895311998, 82.19251986034214],
       [127.36193054902107, 36.37538009308415, 85.92530262749642],
       [127.36193661924307, 36.37536184668484, 84.41753685940057],
       [127.36192021875625, 36.37536565168119, 90.65417143329978],
       [127.36192631435310, 36.37536727384052, 81.54222790244967],
       [127.36193016012699, 36.37535732876962, 79.16003391612321],
       [127.36192052986962, 36.37534615212772, 81.20673706941307],
       [127.36193203006368, 36.37538404586767, 89.45720957405865],
       [127.36192549371363, 36.37535989089792, 85.08194752782583],
       [127.36191015063530, 36.37534608348345, 89.48149526864290],
       [127.36193255104284, 36.37534729378203, 89.47362793143839],
       [127.36194918698176, 36.37535357474877, 89.98228580132127],
       [127.36194875727853, 36.37535576598653, 95.04554859362543],
       [127.36193436283763, 36.37534940127139, 82.18158915545791],
       [127.36192654131587, 36.37535424143320, 79.43419732432812],
       [127.36192353593827, 36.37535094156314, 81.43551943823695],
       [127.36191514768471, 36.37535152986717, 88.14221666567028],
       [127.36192935862327, 36.37539621074036, 87.04840856697410],
       [127.36193773458378, 36.37536590335138, 86.03006661310792],
       [127.36194239349658, 36.37535686148734, 87.72473705466837],
       [127.36193362686488, 36.37535793760883, 83.84459067042917],
       [127.36191326013085, 36.37536443810505, 86.48304970283061],
       [127.36192270836918, 36.37540284336466, 88.15612146817148],
       [127.36195625958470, 36.37540640105230, 85.62658841256052],
       [127.36193292021430, 36.37539926361271, 84.21603433694690],
       [127.36193202175384, 36.37538024345653, 83.24086504988372],
       [127.36192964695310, 36.37535939481836, 86.81784349307418],
       [127.36193960216403, 36.37539624832834, 87.04188709054142],
       [127.36192237117628, 36.37539219790779, 89.24951437767595],
       [127.36192973660387, 36.37539184473692, 90.26320007815957],
       [127.36193377023568, 36.37536602454698, 91.54647431895137],
       [127.36191345687746, 36.37537028432644, 82.75929206330329],
       [127.36191867191410, 36.37536983213239, 80.48986896406859],
       [127.36192861297395, 36.37537437976187, 87.79815696552396],
       [127.36191738093258, 36.37537328387747, 90.45173806138337],
       [127.36192676286011, 36.37538490965974, 89.98322561848909],
       [127.36191707417660, 36.37539835631295, 85.03627221751958],
       [127.36192904487994, 36.37537960106076, 82.54203135147691],
       [127.36193732265352, 36.37537644177756, 84.67901192139834],
       [127.36193784732551, 36.37537787968061, 86.65897289011627],
       [127.36194756793211, 36.37539448047066, 88.04559530969709],
       [127.36193932513261, 36.37537265262782, 83.28732393868268],
       [127.36193025663900, 36.37538485385322, 87.36257107555866],
       [127.36191213376323, 36.37537735203703, 88.83706158772111],
       [127.36192216963731, 36.37538537360103, 84.84034560434520],
       [127.36191991398698, 36.37538194198336, 93.01771183777601],
       [127.36193868069587, 36.37536626426127, 92.01630389876664],
       [127.36194374830700, 36.37537342581489, 89.53535230737180],
       [127.36196640348984, 36.37535582197301, 88.80013602785766],
       [127.36194643956792, 36.37537158254968, 82.69028596486896],
       [127.36191485799323, 36.37539209369550, 84.89784616790712],
       [127.36191560572068, 36.37538228787477, 87.06062371097505],
       [127.36192099899620, 36.37536224898639, 87.64629071485251],
       [127.36192619079473, 36.37536346490317, 85.29115394409746],
       [127.36193768407921, 36.37535261735534, 83.09416165295988],
       [127.36195984862748, 36.37536762119132, 83.29801513906568],
       [127.36194836174897, 36.37537439750216, 89.17026323918253],
       [127.36192856880577, 36.37537574471103, 86.02135357074440],
       [127.36192455987504, 36.37537359529502, 86.41155311744660],
       [127.36193097539594, 36.37538278986279, 88.59660616610199],
       [127.36192375150330, 36.37538965724571, 90.82047034520656],
       [127.36193235773170, 36.37536831928853, 84.83369458187371],
       [127.36193676770257, 36.37538711337220, 87.32936468068510],
       [127.36192071659751, 36.37538551636929, 86.69291614461690],
       [127.36192675598005, 36.37539699730389, 75.93886789400131],
       [127.36193210220956, 36.37539484201194, 75.07769099622965],
       [127.36192797876950, 36.37538427217825, 83.92754604294896],
       [127.36191294161161, 36.37538877358161, 89.18677990790457],
       [127.36194426197815, 36.37540086599310, 86.73205886501819],
       [127.36193395531880, 36.37540753920489, 86.91918634250760],
       [127.36192452900917, 36.37541335471838, 90.08496973663568],
       [127.36192364709007, 36.37540065362794, 91.02406306192279],
       [127.36192701932693, 36.37541033283470, 83.18141111359000],
       [127.36193524627163, 36.37539246603367, 84.35110958851874],
       [127.36194610263288, 36.37540055145207, 87.88302209693938],
       [127.36194389751603, 36.37537244311139, 83.77280822210014],
       [127.36194203709080, 36.37537629748372, 85.14787115529180],
       [127.36193365168860, 36.37539750585414, 89.88123491127044],
       [127.36194967249514, 36.37540049552197, 89.96916815545410],
       [127.36194039165434, 36.37535780814072, 91.29811686836183],
       [127.36194666842040, 36.37537808826951, 90.58932610042393],
       [127.36192965569850, 36.37541034559683, 87.28150504268706],
       [127.36192967776689, 36.37538851696460, 81.78229702822864],
       [127.36193832403740, 36.37540885533891, 85.10224555619061],
       [127.36194156346122, 36.37541120927973, 90.97452045138925],
       [127.36194085330538, 36.37541345792143, 86.89808921329677],
       [127.36193475455551, 36.37540076342372, 83.55452567525208],
       [127.36193863771247, 36.37540253973406, 88.96266723517329],
       [127.36193132761287, 36.37540532417901, 88.89788868371397],
       [127.36190960210959, 36.37539690445298, 90.87683492712677],
       [127.36192614397586, 36.37538849805349, 84.47144467569888],
       [127.36194272961863, 36.37539058911074, 87.12783426139504],
       [127.36194537729548, 36.37538176866048, 89.28215954639018],
       [127.36194234382542, 36.37539689948963, 89.27587302029133],
       [127.36194545167049, 36.37537798540051, 78.68451044522226],
       [127.36193917263091, 36.37541067842609, 82.81947654951364],
       [127.36193342204207, 36.37542341213000, 88.66900581866503],
       [127.36193689648731, 36.37538026253598, 87.39811180718243],
       [127.36195170014030, 36.37537835017229, 92.40870616678149],
       [127.36195625411985, 36.37537294214724, 87.92740460857749],
       [127.36195817410766, 36.37535440631989, 90.11184112168849],
       [127.36197003404750, 36.37534744525994, 91.90427565760911],
       [127.36195557250120, 36.37536187495664, 89.33391190133989],
       [127.36193251674025, 36.37537998228305, 85.24397107213736],
       [127.36195348692857, 36.37537920673470, 87.59202139731497],
       [127.36195206981336, 36.37536841960942, 96.52233275212348],
       [127.36196201134217, 36.37537182467951, 91.27165099419653],
       [127.36197325061720, 36.37536437745743, 87.39681628998369],
       [127.36196343983978, 36.37535785881443, 94.62155598308891],
       [127.36196049866024, 36.37537066826691, 95.17457785643637],
       [127.36195338906732, 36.37536479142057, 97.31097552552819],
       [127.36194000560050, 36.37536681968916, 98.18847086373717],
       [127.36194560696852, 36.37537345053877, 92.13501055166125],
       [127.36194122105400, 36.37535529669928, 91.76740065962076],
       [127.36193781079909, 36.37534980103320, 90.86553970631212],
       [127.36195120014295, 36.37538160139218, 83.21300822589546],
       [127.36193469382624, 36.37534894206269, 89.48445307463408],
       [127.36192613552483, 36.37536653589238, 93.39753905218095],
       [127.36193852360320, 36.37536914045184, 95.66738913860172],
       [127.36194702775374, 36.37536154101988, 102.17566810175776],
       [127.36196364819253, 36.37535956576490, 89.39124370925128],
       [127.36194287586626, 36.37534870490117, 84.11993205547333],
       [127.36195848385378, 36.37535029674336, 81.77843261230737],
       [127.36194443257881, 36.37535788859648, 84.02062992565334],
       [127.36194192435937, 36.37536258781302, 89.18622578121722],
       [127.36192682033034, 36.37535125852997, 90.87905288115144],
       [127.36192728031943, 36.37536171732374, 95.13510136492550],
       [127.36193249704894, 36.37535924731793, 94.17585179768503],
       [127.36194475632897, 36.37535559007448, 87.74198963865638],
       [127.36194391621110, 36.37535634754484, 80.48100819438696],
       [127.36194341678748, 36.37534815790348, 84.66856316756457],
       [127.36192930287530, 36.37539752636529, 87.03656563721597],
       [127.36192620295009, 36.37537123641577, 89.91928378492594],
       [127.36192032008130, 36.37533163113536, 83.94379500392824],
       [127.36192504316851, 36.37532527321578, 81.47030914574862],
       [127.36192677816921, 36.37535557034281, 81.65532276686281],
       [127.36192824039462, 36.37534860320549, 83.12686241045594],
       [127.36193179345592, 36.37533204919524, 86.36071584187448],
       [127.36191499980281, 36.37533704515348, 94.14049114100635],
       [127.36191762226217, 36.37533950209796, 94.62299056444317],
       [127.36190770798437, 36.37533133120217, 94.71658553835005],
       [127.36192529686818, 36.37534396387139, 100.50885475240648],
       [127.36192438319077, 36.37533078874569, 91.82940183114260],
       [127.36191371106950, 36.37533608938031, 92.70973951928318],
       [127.36192790660961, 36.37535081297348, 89.73909172601998],
       [127.36191689585721, 36.37537220331217, 94.48235090542585],
       [127.36191220707433, 36.37535659551245, 95.26819729804993],
       [127.36191858467532, 36.37535661364142, 87.28506972640753],
       [127.36190188907516, 36.37536071940576, 89.56376158632338],
       [127.36191338907369, 36.37537128440648, 99.42015683650970],
       [127.36191228622701, 36.37535857783881, 92.92704980075359],
       [127.36190921270038, 36.37537472567785, 91.24255371000618],
       [127.36191417421483, 36.37535664692558, 85.68214035127312],
       [127.36192417157824, 36.37535456021462, 83.58702347986400],
       [127.36188904522902, 36.37532717563860, 86.85767842829227],
       [127.36191015719332, 36.37534783240660, 86.63863329775631],
       [127.36189961638028, 36.37534484013470, 86.75123814865947],
       [127.36191268282874, 36.37535738546268, 83.72649469505996],
       [127.36192341094704, 36.37537224426719, 95.34892950393260],
       [127.36193159946798, 36.37535592684442, 87.52828606311232],
       [127.36192044193400, 36.37536429260874, 88.60793492849916],
       [127.36190527517634, 36.37538542902221, 88.50101521797478],
       [127.36190699834654, 36.37536064195306, 92.96557631250471],
       [127.36191111122648, 36.37536343728119, 87.81847838964313],
       [127.36193141942752, 36.37537501982897, 82.33594070933759],
       [127.36191001917453, 36.37537992502271, 87.29551005456597],
       [127.36189079373882, 36.37540336480632, 85.58186887670308],
       [127.36190086883535, 36.37538355503543, 95.45270101632923],
       [127.36190809915728, 36.37536060873772, 93.65024910680950],
       [127.36191658237351, 36.37539222574625, 96.05172830075026],
       [127.36191286895075, 36.37542450499855, 89.24393468815833],
       [127.36188708309894, 36.37539509627792, 96.05145925469697],
       [127.36190884218944, 36.37538842450858, 96.00700438302010],
       [127.36192408382497, 36.37539073519926, 99.40587334800512],
       [127.36191729425661, 36.37539459419115, 100.00819748826325],
       [127.36190590932344, 36.37538026453222, 92.83386055286974],
       [127.36191923500563, 36.37538941771665, 90.80395488068461],
       [127.36191025619161, 36.37538558677822, 93.26244128216058],
       [127.36189460626333, 36.37542039569319, 93.82493958901614],
       [127.36189131968779, 36.37540808006031, 95.11635579913855],
       [127.36191541271809, 36.37539318827186, 90.65745117794722],
       [127.36190966535604, 36.37539314690518, 98.07650035619736],
       [127.36191128585862, 36.37539075855236, 107.38710570614785],
       [127.36191296896841, 36.37541120887754, 108.04374656174332],
       [127.36192761969058, 36.37541395716188, 100.00310119148344],
       [127.36192202731364, 36.37541599732466, 98.40613148920238],
       [127.36190973255925, 36.37543423103725, 101.06812092661858],
       [127.36191540229134, 36.37542882695222, 100.02255096938461],
       [127.36191373204733, 36.37543247841651, 96.52183052152395],
       [127.36190574829010, 36.37545204342979, 103.58515539113432],
       [127.36191749741103, 36.37541683192632, 103.62661535106599],
       [127.36193066697085, 36.37540818992944, 102.66887203603983],
       [127.36191732875507, 36.37540638974265, 104.39213172812015],
       [127.36193794317302, 36.37541557594499, 97.42760187108070],
       [127.36194411213177, 36.37541396056147, 97.47583820112050],
       [127.36194699803274, 36.37540963289658, 105.34490870870650],
       [127.36195033449253, 36.37541071011294, 102.56725295167416],
       [127.36194436160575, 36.37540429215741, 94.01999856717885],
       [127.36195375594978, 36.37540595121475, 99.02374506369233],
       [127.36193699673493, 36.37540622409185, 96.55966895073652],
       [127.36192300120052, 36.37542060124658, 98.86876632086933],
       [127.36193464684580, 36.37542548577832, 105.33044173382223],
       [127.36194983268533, 36.37542904640640, 107.12059881538153],
       [127.36195451858606, 36.37540676613668, 102.36032076273113],
       [127.36194603847983, 36.37540778514834, 104.44607140589505],
       [127.36193872640024, 36.37542292077823, 106.01178265176713],
       [127.36194219476896, 36.37543737061974, 105.19510157592595],
       [127.36193587644381, 36.37540953952229, 105.39671469852328],
       [127.36193557791806, 36.37540781844476, 103.87714026682079],
       [127.36192115214058, 36.37539056069978, 99.78921129461378],
       [127.36193916028274, 36.37537445107176, 94.05039322841913],
       [127.36193393558530, 36.37538615386645, 99.83812076970935],
       [127.36195650814537, 36.37541886160748, 107.25346143636853],
       [127.36195714457654, 36.37543305668943, 106.78181739803404],
       [127.36194318618091, 36.37541171336704, 98.25279204919934],
       [127.36193958866639, 36.37542530835352, 96.04691914562136],
       [127.36193943853176, 36.37542896687679, 101.58131178934127],
       [127.36193853258861, 36.37544032047803, 102.68212155066431],
       [127.36193988764161, 36.37543299546448, 106.76607634127140],
       [127.36191961459600, 36.37541498951171, 101.13167253509164],
       [127.36192326039388, 36.37542508501446, 108.12122086435556],
       [127.36193531408537, 36.37541981898482, 108.96559205185622],
       [127.36194525852603, 36.37542537285054, 109.95797741599381],
       [127.36194564030583, 36.37544119533023, 102.90285833831877],
       [127.36194564295849, 36.37543245195285, 104.20340506639332],
       [127.36195912770859, 36.37543786001635, 103.56030880194157],
       [127.36195490277453, 36.37544047590154, 105.60251222923398],
       [127.36196162047399, 36.37540309459889, 101.13652841560543],
       [127.36195241698586, 36.37541662060751, 103.41374012455344],
       [127.36193787842893, 36.37542280924472, 100.99521886557341],
       [127.36193903696514, 36.37541679329305, 103.47420417331159],
       [127.36194145017309, 36.37543448654496, 105.13378598168492],
       [127.36193388439213, 36.37541733982811, 99.39175004791468],
       [127.36194422659878, 36.37542563609045, 101.96283870562911],
       [127.36194760339352, 36.37542904454502, 101.69744971860200],
       [127.36195088814691, 36.37543109851870, 103.63533011358231],
       [127.36195524723455, 36.37542995768467, 108.54928398877382],
       [127.36195206245415, 36.37543761134298, 104.23145264387131],
       [127.36195907336227, 36.37543321829621, 99.97083991579711],
       [127.36194151812420, 36.37542856203452, 105.55395503435284],
       [127.36194403695534, 36.37541859168578, 102.90121450554579],
       [127.36194516098726, 36.37541312489004, 101.70621257089078],
       [127.36194668995363, 36.37541545305944, 100.45079713873565],
       [127.36194406209208, 36.37541671324812, 100.04445527307689],
       [127.36194157076761, 36.37542756152617, 103.84287425223738],
       [127.36191922266994, 36.37543477092340, 113.24486386775970],
       [127.36192192983712, 36.37542762204336, 108.15295423939824],
       [127.36191938790061, 36.37542089873709, 98.68425608891994],
       [127.36192474457481, 36.37544263014977, 103.15772541891783],
       [127.36193523808488, 36.37542006432324, 103.24036945309490],
       [127.36192231266473, 36.37543433116033, 109.67178720235825],
       [127.36192764119752, 36.37542469165472, 105.84539892431349],
       [127.36192339876391, 36.37542009364005, 109.43491820432246],
       [127.36190960412219, 36.37541846632887, 111.31008648872375],
       [127.36191095714034, 36.37540713585975, 107.19131203275174],
       [127.36192374293023, 36.37541406768658, 107.60732573550195],
       [127.36191919013609, 36.37542506554023, 105.15502979326993],
       [127.36193530892550, 36.37541761812511, 110.56416810117662],
       [127.36192621701690, 36.37542858537902, 110.70693395100534],
       [127.36192955883817, 36.37541692506679, 105.15623221732676],
       [127.36193363387312, 36.37539397507636, 105.25122047495097],
       [127.36193647861487, 36.37538948320073, 107.30680378153920],
       [127.36192329741357, 36.37540263628377, 118.33179754950106],
       [127.36191630509767, 36.37542902252112, 112.25279653165489],
       [127.36191754367248, 36.37542681241035, 114.35341239999980],
       [127.36192175338753, 36.37543051326506, 111.26547380071133],
       [127.36193071599254, 36.37541755804909, 111.53374239522964],
       [127.36194232034805, 36.37539396030093, 108.26931048836559],
       [127.36193518557270, 36.37538153064447, 109.24658508040011],
       [127.36191891251919, 36.37538186325190, 106.30873786192387],
       [127.36191767710079, 36.37540766721792, 108.90962920244783],
       [127.36190566942558, 36.37541642596491, 116.06950291153044],
       [127.36190077382729, 36.37544385310718, 116.29981656745076],
       [127.36190878273214, 36.37543775479620, 112.88815014250576],
       [127.36193410955130, 36.37537793200929, 105.63649054057896],
       [127.36189411362213, 36.37537687059569, 101.83614730369300],
       [127.36188891809624, 36.37540777511189, 103.35149505827576],
       [127.36190967167244, 36.37539434373247, 101.81949453335255],
       [127.36190845212732, 36.37540201017823, 111.02525513991714],
       [127.36190353228547, 36.37537355597774, 104.79404941294342],
       [127.36191047312116, 36.37537426072674, 103.48723062966019],
       [127.36190481563555, 36.37541243133634, 104.43299393355846],
       [127.36191190184202, 36.37540573686102, 99.45647686254233],
       [127.36190864064588, 36.37542587005967, 101.77803963702172],
       [127.36190603889278, 36.37543532368625, 107.45580741204321],
       [127.36191308374207, 36.37544539700559, 107.16953203361481],
       [127.36191647019646, 36.37541874197397, 102.33657119888812],
       [127.36192234935341, 36.37539593528435, 104.49160387925804],
       [127.36192183571684, 36.37538430592631, 101.42411918938160],
       [127.36193509419101, 36.37537857089757, 100.11222061980516],
       [127.36190331701599, 36.37540325971335, 104.38896622974426],
       [127.36190586106375, 36.37539622364213, 100.99172409810126],
       [127.36191136863150, 36.37539616426236, 94.83586465194821],
       [127.36191431117356, 36.37538774232295, 92.82985417544842],
       [127.36189588479769, 36.37539544092613, 99.82468396984041],
       [127.36192146685805, 36.37540707366479, 97.80802515242249],
       [127.36192298629007, 36.37540658824695, 97.42927871271968],
       [127.36191822982705, 36.37540599758156, 91.82666198629886],
       [127.36190701403571, 36.37539012503201, 92.45975017547607],
       [127.36191586757728, 36.37538091630112, 90.49058115296066],
       [127.36192412300497, 36.37538719189521, 94.61939585674554],
       [127.36192400305563, 36.37540572651363, 90.86926782317460],
       [127.36193963889349, 36.37540545568415, 88.98322203196585],
       [127.36193953073415, 36.37539230817447, 93.26589647680521],
       [127.36193623264613, 36.37537484293308, 89.81391353905201],
       [127.36194865181491, 36.37538549436069, 87.73676000908017],
       [127.36192867952009, 36.37538932473633, 84.99149243254215],
       [127.36191880637224, 36.37539872871162, 88.10280341934413],
       [127.36193028883579, 36.37539507193225, 92.83016822300851],
       [127.36192469971512, 36.37541753423259, 95.85453186556697],
       [127.36193404592059, 36.37540233575644, 91.28761993441731],
       [127.36192551321083, 36.37538197163568, 83.16560025792569],
       [127.36193390243022, 36.37541137610668, 89.70819471497089],
       [127.36191574930332, 36.37542346683420, 93.54272152483463],
       [127.36190962719922, 36.37541304506102, 92.52324105799198],
       [127.36191250916455, 36.37542027730618, 87.28188243322074],
       [127.36193483353392, 36.37541218386449, 89.67550371494144],
       [127.36193498225769, 36.37539320197770, 85.47186561394483],
       [127.36194353521154, 36.37536549012317, 82.98561054188758],
       [127.36191576270225, 36.37538972467298, 83.81937651801854],
       [127.36193308764936, 36.37538298707126, 88.49948282446712],
       [127.36193121820912, 36.37539170882228, 97.28161510918289],
       [127.36192856323764, 36.37539411342465, 88.63780764583498],
       [127.36192985204272, 36.37537237287607, 85.54241143353283],
       [127.36192529796810, 36.37536454274255, 80.78259331453592],
       [127.36193550525557, 36.37535425505790, 86.53844445105642],
       [127.36192903568960, 36.37536060372840, 87.16160586103797],
       [127.36193009073281, 36.37534995861874, 90.03069679066539],
       [127.36195553830983, 36.37535393880106, 91.52251392416656],
       [127.36196644434975, 36.37536325083868, 91.06331616267562],
       [127.36193929109828, 36.37535423968639, 92.25144067965448],
       [127.36192885227065, 36.37536361412917, 91.63421821687371],
       [127.36191231069959, 36.37537134147649, 96.86958637181669],
       [127.36190952763194, 36.37537572998451, 97.11349558271468],
       [127.36192624134178, 36.37538116167878, 101.62914045155048],
       [127.36192469959019, 36.37539663012412, 106.18972445558757],
       [127.36193851777261, 36.37539027184379, 107.37185159418732],
       [127.36192946012874, 36.37538143366357, 109.53221624810249],
       [127.36193060891834, 36.37537301036387, 100.64899498131126],
       [127.36192881623661, 36.37536939224660, 94.99573189206421],
       [127.36192378655856, 36.37537834095901, 104.77612215559930],
       [127.36193363312225, 36.37537523296835, 99.88303022645414],
       [127.36194160993958, 36.37538267392804, 96.72419947199523],
       [127.36195191006118, 36.37534972111779, 94.83721881639212],
       [127.36193369572032, 36.37535090724714, 94.13749909959733],
       [127.36192064970663, 36.37536825748241, 91.89410012587905],
       [127.36192987019602, 36.37536100655121, 95.96738247387111],
       [127.36192709845241, 36.37538202492232, 98.99525023438036],
       [127.36192692218926, 36.37537545423511, 97.73224071599543],
       [127.36193583603654, 36.37536520686953, 98.96507593058050],
       [127.36195089297335, 36.37537680853500, 94.44741391390562],
       [127.36193149977747, 36.37536275661344, 102.99146983213723],
       [127.36193067564045, 36.37535534096219, 99.78542063385248],
       [127.36193112727813, 36.37535762496285, 106.14456422068179],
       [127.36192363782730, 36.37535854719790, 95.26942153275013],
       [127.36191218411678, 36.37539530667991, 95.73322527948767],
       [127.36191281026336, 36.37540252766949, 102.00908421073109],
       [127.36191111186763, 36.37537368638887, 96.07165936194360],
       [127.36192538415550, 36.37536760506874, 97.72969188261777],
       [127.36190219109019, 36.37535836358719, 96.41926457919180],
       [127.36191941978616, 36.37536273470484, 96.27478309348226],
       [127.36191507700177, 36.37536064887652, 98.13501619361341],
       [127.36191498930557, 36.37536568853380, 100.92909268103540],
       [127.36191262518913, 36.37538501900164, 95.71096775121987],
       [127.36190507294020, 36.37537792750064, 94.36300480458885],
       [127.36191296403697, 36.37536185167517, 90.83617588132620],
       [127.36190724290255, 36.37537547050826, 99.58849495463073],
       [127.36191558134395, 36.37537961301042, 92.00558053888381],
       [127.36191316839840, 36.37539605115918, 93.43268985580653],
       [127.36189914062628, 36.37540561659054, 91.79925563931465],
       [127.36189917639899, 36.37538631959709, 97.94572916440666],
       [127.36190671710845, 36.37538563218222, 98.52645192295313],
       [127.36192467594704, 36.37537371492181, 101.59593384061009],
       [127.36190832360077, 36.37537047685397, 96.98168749362230],
       [127.36190331407271, 36.37536438225735, 85.88305449299514],
       [127.36189583323339, 36.37537775082226, 93.97072163783014],
       [127.36189642500460, 36.37539727757636, 92.97295904159546],
       [127.36189936503881, 36.37540391701479, 87.61572137568146],
       [127.36191081002293, 36.37538449692386, 85.34032020065933],
       [127.36191770512455, 36.37537335183590, 79.49617302697152],
       [127.36191911496071, 36.37537299514824, 85.35333440080285],
       [127.36191053442036, 36.37538630044362, 86.82874454837292],
       [127.36189554376924, 36.37541591644512, 81.80417493265122],
       [127.36189754571910, 36.37540343878723, 85.45545571111143],
       [127.36189173739128, 36.37541438769274, 82.25755872670561],
       [127.36190194937598, 36.37541660642439, 83.88044277485460],
       [127.36193297031726, 36.37538150609201, 80.81027576699853],
       [127.36192558807801, 36.37539183600846, 77.53382867295295],
       [127.36189320617953, 36.37539544588385, 79.56221000105143],
       [127.36190515286090, 36.37542106765856, 88.70995193812996],
       [127.36191386575530, 36.37541968884461, 84.53842775430530],
       [127.36191331691698, 36.37542015135818, 87.17681609094143],
       [127.36191605941964, 36.37541167710610, 90.19315903075039],
       [127.36190559689962, 36.37541610462809, 88.17381636705250],
       [127.36188838269744, 36.37543717034239, 92.61167020071298],
       [127.36190759126565, 36.37542551460347, 95.38548711780459],
       [127.36192613412403, 36.37542592290233, 92.11258545424789],
       [127.36192715776149, 36.37541087057760, 85.34774846676737],
       [127.36192616605037, 36.37542320469049, 84.80234806984663],
       [127.36191077332481, 36.37543631608315, 91.66801412589848],
       [127.36191967181942, 36.37544472884112, 97.89153081551194],
       [127.36192540903278, 36.37544359623255, 92.10030239634216],
       [127.36191524024903, 36.37544908518081, 93.75981913320720],
       [127.36190069684955, 36.37543531847123, 91.34444746747613],
       [127.36191039727508, 36.37543474036931, 93.63635095860809],
       [127.36192936860296, 36.37541977499760, 87.44910136796534],
       [127.36193084347963, 36.37542167363769, 92.61017247755080],
       [127.36193254828365, 36.37543219906519, 94.09645781666040],
       [127.36194721155633, 36.37541073126672, 97.30726010445505],
       [127.36193738782433, 36.37541929912044, 95.92852988000959],
       [127.36190874828391, 36.37543922721304, 102.74248172901571],
       [127.36193200450617, 36.37543272899330, 97.13578253146261],
       [127.36193160186274, 36.37542601919202, 101.94046001788229],
       [127.36193506022126, 36.37541600750227, 98.02117453888059],
       [127.36192681973387, 36.37542796296272, 98.88200796395540],
       [127.36193787630039, 36.37541979385914, 104.49627330340445],
       [127.36194041097649, 36.37541744905258, 102.72478897776455],
       [127.36193584172111, 36.37541500938494, 101.91040800418705],
       [127.36192908513409, 36.37542500385585, 100.59475243836641],
       [127.36192213245538, 36.37543394591355, 105.42670324817300],
       [127.36194307893209, 36.37541523258330, 105.97002998739481],
       [127.36194180233097, 36.37541690343825, 112.61635365616530],
       [127.36195117158145, 36.37541411100031, 114.71268839295954],
       [127.36195300256539, 36.37542954303561, 108.76858368795365],
       [127.36192722445796, 36.37542037767852, 106.15423597488552],
       [127.36192251088846, 36.37543113638888, 109.27588496450335],
       [127.36194015115863, 36.37542491643865, 114.62940425984561],
       [127.36194226513801, 36.37542433993399, 108.12778881378472],
       [127.36195085830514, 36.37540426517434, 101.45210545882583],
       [127.36195570528338, 36.37540839269642, 107.16422377526760],
       [127.36194581499115, 36.37541444073675, 107.73883693572134],
       [127.36193533493361, 36.37542094708599, 114.66404579393566],
       [127.36192608359119, 36.37543602295487, 115.93237631767988],
       [127.36194057951556, 36.37543783723597, 118.88483404461294],
       [127.36194226886563, 36.37545277680498, 113.45212145987898],
       [127.36194379425828, 36.37542717038675, 106.53797512222081],
       [127.36195674038599, 36.37543532338286, 106.19727990403771],
       [127.36194144089150, 36.37541588844027, 105.52219901513308],
       [127.36195406467861, 36.37539794858016, 98.78140977676958],
       [127.36195222122136, 36.37539728272075, 99.09464651718736],
       [127.36194642353549, 36.37540856164498, 101.61653787735850],
       [127.36192451858835, 36.37541764305098, 98.21120988111943],
       [127.36193187940361, 36.37541874022174, 99.99500827770680],
       [127.36193283548603, 36.37542052056026, 107.51316223572940],
       [127.36193422742225, 36.37542602401373, 108.96743270754814],
       [127.36194455349045, 36.37540428070150, 102.61651256866753],
       [127.36194866804050, 36.37539990074296, 97.84483975172043],
       [127.36192184274442, 36.37540554206488, 94.75203723553568],
       [127.36192932057361, 36.37541317726022, 99.99900659546256],
       [127.36193487331305, 36.37542581578177, 102.03901315946132],
       [127.36192225778451, 36.37542408583761, 108.89944020193070],
       [127.36191207190782, 36.37542745056778, 101.27501418255270],
       [127.36192571299979, 36.37541668003005, 100.57570604793727],
       [127.36189930597935, 36.37541340364595, 97.76888493448496],
       [127.36190422204530, 36.37541419455668, 99.31356634385884],
       [127.36191486322760, 36.37540336376124, 99.73402554355562],
       [127.36190831738735, 36.37539348148650, 100.69936308730394],
       [127.36194111697165, 36.37536587318581, 99.45432672649622],
       [127.36194430655860, 36.37536800975194, 102.91466991603374],
       [127.36195120277198, 36.37536997633719, 103.57179919164628],
       [127.36193069297198, 36.37541042780752, 103.85222523100674],
       [127.36192125544541, 36.37538346474201, 94.71364691946656],
       [127.36191408478881, 36.37536929788831, 90.21912314929068],
       [127.36192239931835, 36.37538703727975, 100.24979712348431],
       [127.36191569274469, 36.37539998631028, 103.09114452823997],
       [127.36190981687550, 36.37540529473520, 107.41431952826679],
       [127.36191359188247, 36.37541578714452, 109.64341498073190],
       [127.36193435026179, 36.37538804282105, 101.09263787232339],
       [127.36192474738009, 36.37537483974599, 103.08293203823268],
       [127.36192037738441, 36.37540443511946, 106.25658833142370],
       [127.36191131533086, 36.37539041900329, 101.03994325175881],
       [127.36192293738870, 36.37537904607710, 102.22799101565033],
       [127.36192626007777, 36.37538442184749, 101.90264405775815],
       [127.36192462740803, 36.37538324715067, 102.94812864996493],
       [127.36193078814098, 36.37538114186835, 102.51619401667267],
       [127.36190409956060, 36.37537666978042, 104.10625777114183],
       [127.36191932211018, 36.37537667706553, 99.57935664150864],
       [127.36191544784569, 36.37536736663538, 96.58186299726367],
       [127.36191069669817, 36.37535372179846, 91.64550835173577],
       [127.36190304710759, 36.37534504526099, 89.80718652438372],
       [127.36190255962569, 36.37536444179241, 104.12534419819713],
       [127.36191210449114, 36.37538115702192, 106.69775640033185],
       [127.36191881826090, 36.37537157065831, 97.09577813092619],
       [127.36189883168473, 36.37539597599186, 96.38950134068727],
       [127.36190317929120, 36.37540143678257, 101.48210200481117],
       [127.36191121835112, 36.37540771802420, 102.88029728736728],
       [127.36191574658774, 36.37541063237783, 104.51859452854842],
       [127.36192344474209, 36.37543540512412, 99.53389704506844],
       [127.36190885514922, 36.37543739891351, 99.37782371323556],
       [127.36191737656779, 36.37542041272987, 104.16476209647954],
       [127.36189678523174, 36.37540234430093, 92.87619574833661],
       [127.36190814866585, 36.37539442630742, 105.79266577400267],
       [127.36190801917226, 36.37540337916897, 100.34886193275452],
       [127.36191077573963, 36.37540118522195, 100.15996420104057],
       [127.36191003383166, 36.37538688864537, 99.64005746133626],
       [127.36191093180915, 36.37541045738204, 94.69558645691723],
       [127.36191533956449, 36.37540249814059, 91.44789369404316],
       [127.36191979951549, 36.37539492640645, 94.57850870396942],
       [127.36191257101940, 36.37540042762339, 91.73666713945568],
       [127.36191168419498, 36.37540787974834, 92.25757830962539],
       [127.36190842153248, 36.37540982961295, 88.29638752900064],
       [127.36188782709169, 36.37541170748982, 90.51233887951821],
       [127.36189249735548, 36.37541999557496, 85.05834627524018],
       [127.36188408771586, 36.37541352654397, 89.26264068391174],
       [127.36189225904039, 36.37540566823388, 84.89868341851979],
       [127.36191146359596, 36.37540471837865, 83.65936936344951],
       [127.36191284939817, 36.37540013774299, 86.06435231491923],
       [127.36189710131447, 36.37540665991333, 81.78694627247751],
       [127.36190006494574, 36.37541469630734, 83.58535482920706],
       [127.36189776038931, 36.37541201660877, 81.09491558652371],
       [127.36188709984346, 36.37541922685770, 78.39902423135936],
       [127.36188404775845, 36.37540226602022, 79.46499696560204],
       [127.36189342694928, 36.37539925981167, 78.02349044382572],
       [127.36189889857884, 36.37542617271892, 81.78451025020331],
       [127.36190750920288, 36.37541860827790, 89.61668885312974],
       [127.36188165530575, 36.37543902355365, 87.56708498485386],
       [127.36188370160670, 36.37542875621382, 92.58652048930526],
       [127.36188480829043, 36.37542224864575, 87.38547316193581],
       [127.36189663570087, 36.37543188702411, 85.32980599068105],
       [127.36191158445745, 36.37541539560170, 89.04994915518910],
       [127.36190434106544, 36.37539851630307, 84.77794065140188],
       [127.36191098424550, 36.37540034846617, 89.20277929864824],
       [127.36190223932020, 36.37540349591816, 85.81382190436125],
       [127.36190074833019, 36.37539354461415, 90.54765769932419],
       [127.36188071979160, 36.37542231605024, 86.41020897682756],
       [127.36188480269784, 36.37542370049575, 90.88337073009461],
       [127.36188038899432, 36.37541997027702, 84.32875360362232],
       [127.36188438364128, 36.37541447663200, 89.80824715923518],
       [127.36188700308671, 36.37540358755813, 93.98999607656151],
       [127.36190518659413, 36.37538552098008, 88.60652516968548],
       [127.36190411170715, 36.37539345975124, 93.24568275548518],
       [127.36189500858418, 36.37540948530830, 95.76447672955692],
       [127.36189394291614, 36.37540284340034, 93.68067033961415],
       [127.36188816719928, 36.37541166101305, 93.94586829002947],
       [127.36188163769879, 36.37541521353314, 94.55367289576679],
       [127.36188634085535, 36.37539832120895, 95.22609098255634],
       [127.36189302545814, 36.37540129294374, 98.68253000359982],
       [127.36189066543392, 36.37540403131984, 100.49329168070108],
       [127.36188662028151, 36.37540869983993, 92.93021168839186],
       [127.36187854690837, 36.37540318029826, 91.10011612437665],
       [127.36188619731335, 36.37540044938614, 95.96875663008541],
       [127.36188261731085, 36.37539782946469, 99.48908697441220],
       [127.36190739179925, 36.37541392891596, 98.43612962495536],
       [127.36190203957200, 36.37538937269295, 95.81271036528051],
       [127.36192132678177, 36.37539527679319, 97.63341140933335],
       [127.36191119369637, 36.37539669685875, 93.79556016623974],
       [127.36191255861168, 36.37541158727014, 98.78684694971889],
       [127.36190190539283, 36.37541833878624, 103.01181145291775],
       [127.36189210281530, 36.37541954026288, 102.87021222338080],
       [127.36189407731374, 36.37540804443125, 101.37271511368454],
       [127.36189960277301, 36.37538638346808, 98.50804478302598],
       [127.36190889155260, 36.37539852855745, 97.52182858902961],
       [127.36191106153171, 36.37539753776100, 100.27176900394261],
       [127.36190304136187, 36.37540756721654, 97.81979074515402],
       [127.36191015082311, 36.37540589467586, 96.99242030549794],
       [127.36192563908007, 36.37538698087230, 94.87961366400123],
       [127.36191872322328, 36.37537627149818, 96.64455839991570],
       [127.36192411872020, 36.37539722566368, 103.12154908850789],
       [127.36191750309541, 36.37541049866309, 101.11250356025994],
       [127.36191997746900, 36.37540999193650, 98.01516688149422],
       [127.36191987201585, 36.37541049242351, 100.73488478735089],
       [127.36192769190507, 36.37541234723761, 103.56746390834451],
       [127.36194368588512, 36.37539272299965, 100.24920774437487],
       [127.36193658585807, 36.37542049500968, 97.89061446581036],
       [127.36194608519102, 36.37540700677283, 91.03244584891945],
       [127.36192250698574, 36.37541393526888, 91.53985349554569],
       [127.36193214133209, 36.37539249118819, 102.45028612203896],
       [127.36191939480382, 36.37541043940478, 99.23413426242769],
       [127.36193168579113, 36.37542229258222, 97.40303628984839],
       [127.36193875679700, 36.37542426525729, 96.51870995759964],
       [127.36193942129347, 36.37539057577848, 89.29571930691600],
       [127.36195378719033, 36.37540684870358, 98.95352283492684],
       [127.36195234884671, 36.37540208822868, 94.25612634606659],
       [127.36193919635795, 36.37542402418845, 87.22966719232500],
       [127.36193819335000, 36.37541914077384, 92.66520266886801],
       [127.36194358557422, 36.37541258279199, 90.63047447893769],
       [127.36193882985920, 36.37540538639043, 89.58090365491807],
       [127.36194329181015, 36.37542868998258, 92.91474756877869],
       [127.36194459918133, 36.37540565000261, 83.83967198431492],
       [127.36194826081160, 36.37543386349941, 89.22891633398831],
       [127.36194723479420, 36.37542199834164, 87.98825080413371],
       [127.36193923269258, 36.37542743170775, 88.68753369525075],
       [127.36194860717632, 36.37541305138031, 87.38052006624639],
       [127.36196094659557, 36.37543260312106, 88.66103729791939],
       [127.36195345563380, 36.37544245118348, 85.59948331676424],
       [127.36195095890517, 36.37542072602318, 87.66226365324110],
       [127.36196374288059, 36.37540837194400, 87.03355108015239],
       [127.36194751656602, 36.37542034010705, 83.34014125727117],
       [127.36194829113994, 36.37543946743595, 87.08816455956548],
       [127.36195090542938, 36.37545167085330, 86.86431441362947],
       [127.36194545525953, 36.37543415677340, 92.42787363845855],
       [127.36195071125702, 36.37543735668149, 89.76100238505751],
       [127.36195160730118, 36.37543136681284, 93.19511846266687],
       [127.36194640588700, 36.37542683263352, 91.00901441555470],
       [127.36194797598355, 36.37541542040151, 90.34513644501567],
       [127.36194168349446, 36.37542204884520, 92.75983459409326],
       [127.36193025220999, 36.37541749334400, 85.48071316443384],
       [127.36193707648739, 36.37543216665539, 93.13501572702080],
       [127.36194533122453, 36.37542929125715, 92.05986576713622],
       [127.36195396839682, 36.37542710343573, 92.38478170894086],
       [127.36195084183966, 36.37543967351694, 97.93214752059430],
       [127.36193548115193, 36.37544459652101, 98.78256145026535],
       [127.36193046607195, 36.37540356206866, 100.19010241981596],
       [127.36192885616130, 36.37542013734566, 99.91577812377363],
       [127.36193384248469, 36.37544045094975, 100.33548176847398],
       [127.36192767470035, 36.37544096462280, 101.06334306392819],
       [127.36194431515172, 36.37543605530527, 101.28486186452210],
       [127.36194003685158, 36.37541807172316, 101.67280582617968],
       [127.36193673856211, 36.37543031476547, 102.66281779948622],
       [127.36194751916500, 36.37542306399612, 104.69940433371812],
       [127.36193798304427, 36.37543210073775, 108.56007316801697],
       [127.36193896868198, 36.37541648866482, 107.87290953751653],
       [127.36194051721813, 36.37543033938570, 105.83539727609605],
       [127.36193424959741, 36.37543530448949, 106.16711351182312],
       [127.36193983789626, 36.37544024255359, 102.86775242071599],
       [127.36194188618951, 36.37543908696282, 105.18640383053571],
       [127.36193823459791, 36.37542006698401, 108.40606732107699],
       [127.36193395476040, 36.37544654625037, 110.70183969568461],
       [127.36195189682502, 36.37539925891494, 115.33063171152025],
       [127.36194286727107, 36.37541522750332, 116.88833355437964],
       [127.36192868081763, 36.37542879238806, 113.89638917241246],
       [127.36192805271472, 36.37541425648393, 110.90772776119411],
       [127.36192645374709, 36.37543557045955, 104.84941337816417],
       [127.36192526222548, 36.37543455713064, 109.45651927310973],
       [127.36191288355612, 36.37541030884051, 105.89169583097100],
       [127.36191619966698, 36.37539009850660, 109.05651319865137],
       [127.36192635478227, 36.37541708703775, 112.62666759453714],
       [127.36193030107887, 36.37540787644330, 106.84202156867832],
       [127.36192730872359, 36.37541064675330, 107.38142841216177],
       [127.36192628984432, 36.37541758671644, 105.65762248542160],
       [127.36193657597042, 36.37540817351010, 109.08090018481016],
       [127.36193497289850, 36.37542685771164, 111.09703021589667],
       [127.36193486253936, 36.37541408745254, 106.13073611352593],
       [127.36194127145386, 36.37542150637197, 104.55355640128255],
       [127.36192615338669, 36.37541467802505, 102.31195360980928],
       [127.36191521288710, 36.37541098817316, 101.26918362732977],
       [127.36191474509327, 36.37541466193463, 102.29916475433856],
       [127.36191416557398, 36.37541903177722, 100.44891426153481],
       [127.36191375845254, 36.37543498067396, 97.96941066253930],
       [127.36192727670321, 36.37541959284175, 99.00464344024658],
       [127.36192214167099, 36.37542373554741, 99.39019051007926],
       [127.36190436546411, 36.37542555830607, 102.22836529836059],
       [127.36188513574214, 36.37542197782771, 96.92881173547357],
       [127.36190198627959, 36.37542257537842, 88.32717912830412],
       [127.36193571419417, 36.37542319207623, 94.33102358132601],
       [127.36193737343265, 36.37542670985456, 92.47825144883245],
       [127.36192083664747, 36.37541982168890, 88.27252799924463],
       [127.36191999475160, 36.37543309367423, 88.58524065651000],
       [127.36191622101988, 36.37543276977753, 85.18796644266695],
       [127.36190181116045, 36.37542952019046, 83.51641555037349],
       [127.36191607687590, 36.37541467560724, 85.33682385087013],
       [127.36191595673263, 36.37544215071234, 89.41107105556875],
       [127.36192885811259, 36.37544221374257, 87.65459269937128],
       [127.36192455724085, 36.37543196688276, 84.19612052850425],
       [127.36194317229064, 36.37541369965937, 85.67949140258133],
       [127.36194676860916, 36.37542113314042, 83.08123259432614],
       [127.36195047701739, 36.37544477064236, 84.34216778911650],
       [127.36193177936529, 36.37545388529312, 84.10993289109319],
       [127.36193341254356, 36.37544127385892, 74.89775552041829],
       [127.36194178668606, 36.37545546954517, 77.20106547232717],
       [127.36192862366281, 36.37545402624110, 86.79693857114762],
       [127.36193184050698, 36.37543128077967, 80.71888104919344],
       [127.36192698477291, 36.37543244814373, 85.38809891138226],
       [127.36193421678557, 36.37543328051158, 88.22631242498755],
       [127.36193829839246, 36.37543455842965, 85.53384907357395],
       [127.36192436743310, 36.37544186237275, 87.15680949855596],
       [127.36192389335561, 36.37543173942701, 85.55012916121632],
       [127.36192926809169, 36.37543402503341, 81.23701331578195],
       [127.36192690500778, 36.37543810866070, 84.26467551942915],
       [127.36192039611950, 36.37543841178731, 89.35257353633642],
       [127.36193652820974, 36.37543333474525, 90.78125715162605],
       [127.36194243743752, 36.37545487501172, 93.91340691689402],
       [127.36195832788697, 36.37543921876618, 94.99398517794907],
       [127.36194974452961, 36.37542273018333, 93.87250283360481],
       [127.36193929199572, 36.37542193260435, 92.10012695565820],
       [127.36194087741086, 36.37541755396612, 89.22778349835426],
       [127.36196647275867, 36.37543119218607, 92.08115565963089],
       [127.36194897362782, 36.37542997445583, 89.59316773340106],
       [127.36193801448472, 36.37541397076065, 92.06785613205284],
       [127.36193725672162, 36.37541165204004, 92.88121257163584],
       [127.36194500425252, 36.37540317106971, 101.90720206871629],
       [127.36193999388875, 36.37538970168156, 97.55744577571750],
       [127.36194682747124, 36.37540105098421, 97.96911631710827],
       [127.36195803647986, 36.37541563746503, 101.36576854251325],
       [127.36196085190424, 36.37538856188715, 99.38968614302576],
       [127.36196417481038, 36.37540765062734, 101.27530716825277],
       [127.36195645760644, 36.37539154747046, 100.81175182852894],
       [127.36195729243568, 36.37538146499318, 105.65436594840139],
       [127.36196416171853, 36.37538642903814, 102.85714059881866],
       [127.36194924450706, 36.37539747365425, 103.40810020547360],
       [127.36195678172190, 36.37540026568595, 101.43940463755280],
       [127.36196260892682, 36.37538219290830, 108.20809455029666],
       [127.36196219455212, 36.37538090124851, 104.98113800771534],
       [127.36195976154926, 36.37535813331036, 103.97154256235808],
       [127.36194850501815, 36.37537501153332, 100.65890620090067],
       [127.36195298677077, 36.37538529811717, 102.63798955269158],
       [127.36196203528542, 36.37537885077609, 107.68622176349163],
       [127.36196245393276, 36.37537194471652, 107.23715749010444],
       [127.36195196834009, 36.37537035840590, 108.41301309410483],
       [127.36194416046393, 36.37536402852852, 108.70834857504815],
       [127.36195305017037, 36.37537464118912, 109.05304542649537],
       [127.36194783184141, 36.37539801089637, 107.48399596102536],
       [127.36195288696810, 36.37540320136363, 108.51766490377486],
       [127.36193033335013, 36.37536543157068, 103.08166682999581],
       [127.36194932361185, 36.37537580824805, 105.48631440382451],
       [127.36193068006789, 36.37538299060230, 101.86333183292300],
       [127.36193159040855, 36.37538385148869, 101.99715732783079],
       [127.36193815722044, 36.37537892658745, 98.61156763136387],
       [127.36193081807936, 36.37536480484719, 100.11122111324221],
       [127.36192315360640, 36.37537282008208, 98.86605663876981],
       [127.36193420112568, 36.37537242636661, 103.16773540992290],
       [127.36194883368817, 36.37539102625198, 107.13973091449589],
       [127.36194462443720, 36.37538403392624, 104.34377671778202],
       [127.36195559394177, 36.37538225293308, 102.36634222697467],
       [127.36195886398949, 36.37539358872034, 104.54904957022518],
       [127.36193687904746, 36.37538629051971, 98.81299933139235],
       [127.36192906588479, 36.37539048486072, 97.90676091052592],
       [127.36192746404450, 36.37537764723480, 99.96229349821806],
       [127.36191558922307, 36.37537664694531, 92.43328395485878],
       [127.36192210631188, 36.37537302476177, 96.55887081753463],
       [127.36193001426895, 36.37537894888117, 94.87852869741619],
       [127.36192788186140, 36.37539210022506, 91.52389997895807],
       [127.36191915426832, 36.37538486680457, 91.38452655822039],
       [127.36191509072250, 36.37537183238858, 93.38242999278009],
       [127.36191306474880, 36.37538415979991, 93.32138375286013],
       [127.36191546377505, 36.37538501239252, 97.35555533319712],
       [127.36192119722266, 36.37540991841298, 91.96346603333950],
       [127.36192491989820, 36.37540302215030, 89.96702567767352],
       [127.36194138763555, 36.37539521159421, 87.16265518590808],
       [127.36193731488194, 36.37541429209349, 89.76441004220396],
       [127.36192891987952, 36.37541983489660, 87.38941275700927],
       [127.36192084240545, 36.37543265950966, 87.62711441516876],
       [127.36193597413573, 36.37544039706961, 88.79462292231619],
       [127.36194656784282, 36.37542768471830, 86.90045278519392],
       [127.36194819179265, 36.37542370015173, 89.42140713613480],
       [127.36194184147111, 36.37540884383878, 87.11630849353969],
       [127.36194597835667, 36.37541484127781, 88.95105446316302],
       [127.36195094592247, 36.37543231851946, 88.11122950911522],
       [127.36195744777362, 36.37541191828753, 85.10023313481361],
       [127.36194502531001, 36.37540951205835, 86.54479775205255],
       [127.36193960712745, 36.37539807984653, 87.02368142642081],
       [127.36192698829970, 36.37540845021636, 85.34743554517627],
       [127.36193939377277, 36.37541034211826, 81.44674607459456],
       [127.36193946840253, 36.37540843611860, 82.06285457126796],
       [127.36194567487125, 36.37541240219731, 86.49499560706317],
       [127.36195906761803, 36.37542954888789, 90.76765108481050],
       [127.36195395898787, 36.37538612835319, 90.93848255462945],
       [127.36195672415461, 36.37539645985925, 89.38901787251234],
       [127.36195455358870, 36.37542017450094, 87.77444013115019],
       [127.36195726581833, 36.37542017307399, 88.05573290679604],
       [127.36194514059768, 36.37542975819436, 90.02880826126784],
       [127.36195749228176, 36.37542773900008, 91.84877950977534],
       [127.36193224736429, 36.37540454057005, 88.84586757421494],
       [127.36195682312436, 36.37538373696464, 87.28002901282161],
       [127.36194183504863, 36.37538032635664, 93.54935718234628],
       [127.36194260464305, 36.37539783377271, 94.51541393902153],
       [127.36192724388063, 36.37541681776003, 94.16299219243228],
       [127.36193013605504, 36.37542076085100, 87.36605729907751],
       [127.36194066113286, 36.37540889740542, 89.50852102506906],
       [127.36193042751142, 36.37541399517019, 91.73586723115295],
       [127.36193485830570, 36.37541336529026, 91.52556691411883],
       [127.36193770018869, 36.37540292989497, 90.84042840171605],
       [127.36194044337640, 36.37538411683752, 90.87967312335968],
       [127.36194640353740, 36.37540768792412, 97.87325666006655],
       [127.36194376515213, 36.37541173277548, 96.77791573572904],
       [127.36192456796176, 36.37539693380659, 92.04462932422757],
       [127.36191510067763, 36.37539890186031, 93.89888246916234],
       [127.36192314140661, 36.37540553315164, 95.30828052945435],
       [127.36191265605829, 36.37540194744739, 90.99311650544405],
       [127.36192496555257, 36.37539742161805, 88.59997625369579],
       [127.36193924101416, 36.37540049743727, 92.69221270643175],
       [127.36192944098572, 36.37540962983444, 91.82366268802434],
       [127.36191578361100, 36.37542679579277, 89.97346968390048],
       [127.36191509425258, 36.37541875099691, 90.07149766199291],
       [127.36192718578042, 36.37541711814520, 93.06424810085446],
       [127.36191101733986, 36.37542516848264, 91.70376841351390],
       [127.36189570634558, 36.37540832396193, 92.03487512655556],
       [127.36191225220034, 36.37540673695936, 95.28209520038217],
       [127.36192066912082, 36.37542053623080, 95.24123526830226],
       [127.36192196776854, 36.37543000109427, 87.59605825226754],
       [127.36191950783875, 36.37540412774589, 89.73118669353426],
       [127.36192388232931, 36.37540247272003, 91.00763181969523],
       [127.36190168648697, 36.37541936862136, 90.19370056781918],
       [127.36190301340991, 36.37541747771493, 89.82601138576865],
       [127.36190812675551, 36.37539071537228, 87.71598397474736],
       [127.36191562447547, 36.37539156571870, 87.08431589230895],
       [127.36190950662652, 36.37538951337063, 84.77253210823983],
       [127.36191118958224, 36.37541985363283, 81.98277451191097],
       [127.36191887299273, 36.37541635107751, 86.18062372785062],
       [127.36191115070773, 36.37541651415427, 86.66900282353163],
       [127.36189856108224, 36.37541795806659, 84.68416902329773],
       [127.36189540026632, 36.37541602274327, 82.66505657788366],
       [127.36189079956679, 36.37540539713231, 78.59864287078381],
       [127.36189262095512, 36.37543851329197, 77.51995008997619],
       [127.36190981221601, 36.37543873070656, 77.76876774057746],
       [127.36191489016105, 36.37543884808110, 78.14351515658200],
       [127.36192599269742, 36.37542508410684, 78.24481891747564],
       [127.36192504337603, 36.37540583213856, 77.00056147016585],
       [127.36191486421342, 36.37542530062758, 74.80075537785888],
       [127.36191411003890, 36.37543765647594, 74.67063113301992],
       [127.36192308815582, 36.37542913765940, 76.02086194977164],
       [127.36191050139199, 36.37542922678423, 78.08528823684901],
       [127.36191106759991, 36.37541939460379, 82.49939100630581],
       [127.36192958411195, 36.37542738315727, 85.76000494696200],
       [127.36193536339904, 36.37542531266155, 86.25392008014023],
       [127.36192165734350, 36.37541936106989, 87.88504229672253],
       [127.36193404208663, 36.37542125675288, 86.26572059281170],
       [127.36193704889257, 36.37540889322515, 82.67032792326063],
       [127.36192622432362, 36.37541675025145, 76.54214826319367],
       [127.36192967369648, 36.37540167818746, 82.42238314822316],
       [127.36193166414103, 36.37541682144737, 88.85314768366516],
       [127.36194623057430, 36.37541497821457, 90.35277042444795],
       [127.36194185646872, 36.37540805484515, 88.63640873786062],
       [127.36193544859249, 36.37540137830625, 88.87780857086182],
       [127.36194249817127, 36.37540932190841, 89.79726315941662],
       [127.36192480898855, 36.37541254698691, 94.05342833418399],
       [127.36191955341771, 36.37541708238381, 93.74114362522960],
       [127.36192998073862, 36.37540952874390, 91.92132061440498],
       [127.36194871404425, 36.37540113261286, 89.93292629625648],
       [127.36194142621339, 36.37539953556175, 93.73705764207989],
       [127.36193245182433, 36.37539964761790, 92.94312418065965],
       [127.36193336071648, 36.37541128320022, 91.92112543340772],
       [127.36192559062408, 36.37541195925273, 88.20833917427808],
       [127.36193927757846, 36.37539446641453, 92.39442558027804],
       [127.36192379953263, 36.37539756787309, 98.78095684945583],
       [127.36193844060011, 36.37537961493418, 95.86998216062784],
       [127.36193299902463, 36.37540475980796, 98.35715589299798],
       [127.36193165098669, 36.37540949995734, 97.79664875846356],
       [127.36193321968233, 36.37540606331004, 98.57579634431750],
       [127.36194065996784, 36.37541182038424, 97.79633235838264],
       [127.36193600772326, 36.37538417254432, 89.85200969595462],
       [127.36193223577362, 36.37538700617655, 95.15609777439386],
       [127.36192895322965, 36.37540855922536, 96.64995400328189],
       [127.36192922675045